ca_index,d_p_A,crystallinity,frac_a,frac_c,frac_384,phase,domain,axial_A,shell_bfac
0,17.788,0.1593,0.2558,0.0000,0.2326,intermediate,0,38.417,20.0
1,14.470,0.1773,0.2727,0.0000,0.2727,intermediate,0,35.661,20.0
2,17.923,0.2118,0.2895,0.1579,0.1842,intermediate,0,39.719,20.0
3,12.100,0.2598,0.2826,0.2174,0.2826,crystalline,0,34.638,20.0
4,16.305,0.1660,0.2553,0.0000,0.2553,intermediate,0,41.029,20.0
5,20.193,0.1378,0.2222,0.0000,0.2000,intermediate,0,39.349,30.0
6,13.470,0.2066,0.3421,0.0000,0.2895,intermediate,0,40.031,20.0
7,19.514,0.1550,0.2500,0.0000,0.2250,intermediate,0,43.783,20.0
8,15.238,0.2319,0.2778,0.1944,0.2222,intermediate,0,35.153,20.0
9,16.087,0.2742,0.3030,0.2727,0.2424,crystalline,0,38.417,20.0
10,14.911,0.1372,0.2326,0.0000,0.1860,intermediate,0,34.592,20.0
11,21.430,0.1622,0.3243,0.0000,0.1622,intermediate,0,42.408,30.0
12,12.323,0.2543,0.2571,0.2000,0.3143,crystalline,0,35.644,20.0
13,16.038,0.2719,0.3333,0.2292,0.2500,crystalline,0,33.006,20.0
14,19.477,0.1625,0.2500,0.0000,0.2500,intermediate,0,44.957,20.0
15,17.311,0.1370,0.2609,0.0000,0.1522,intermediate,0,39.818,20.0
16,17.771,0.2273,0.2727,0.1818,0.2273,intermediate,0,33.887,20.0
17,23.387,0.1674,0.2791,0.0000,0.2326,intermediate,0,43.285,30.0
18,23.787,0.1956,0.3111,0.0000,0.2889,intermediate,0,42.286,30.0
19,13.979,0.2714,0.2500,0.2500,0.3214,crystalline,0,41.078,20.0
20,10.009,0.2782,0.2821,0.2051,0.3590,crystalline,0,37.164,20.0
21,16.663,0.2648,0.2955,0.2273,0.2727,crystalline,0,34.059,20.0
22,8.955,0.2733,0.3111,0.2222,0.2889,crystalline,0,31.808,10.0
23,22.510,0.1545,0.2273,0.0000,0.2500,intermediate,0,44.863,30.0
24,12.588,0.2378,0.2889,0.2000,0.2222,intermediate,0,30.192,20.0
25,17.771,0.1840,0.3200,0.0000,0.2400,intermediate,0,43.902,20.0
26,21.328,0.2000,0.2444,0.1556,0.2000,intermediate,0,36.896,30.0
27,22.189,0.2261,0.2826,0.1957,0.1957,intermediate,0,37.920,30.0
28,18.745,0.2337,0.2558,0.2326,0.2093,intermediate,0,38.195,20.0
29,11.044,0.2523,0.3182,0.2273,0.2045,crystalline,0,35.930,20.0
30,15.447,0.2488,0.2558,0.2558,0.2326,intermediate,0,35.399,20.0
31,14.746,0.1372,0.2326,0.0000,0.1860,intermediate,0,37.144,20.0
32,10.376,0.2337,0.3043,0.1957,0.1957,intermediate,0,30.707,20.0
33,11.960,0.1532,0.2553,0.0000,0.2128,intermediate,0,31.623,20.0
34,20.529,0.1744,0.2889,0.0000,0.2444,intermediate,0,37.067,30.0
35,16.655,0.2122,0.2439,0.1951,0.1951,intermediate,0,33.012,20.0
36,22.276,0.1404,0.2692,0.0000,0.1538,intermediate,0,43.436,30.0
37,12.384,0.2178,0.2889,0.2000,0.1556,intermediate,0,29.095,20.0
38,14.175,0.2310,0.2619,0.2143,0.2143,intermediate,0,29.962,20.0
39,23.287,0.1547,0.2812,0.0000,0.1875,intermediate,0,47.719,30.0
40,20.679,0.1348,0.2174,0.0000,0.1957,intermediate,0,40.829,30.0
41,23.288,0.1942,0.2093,0.1860,0.1860,intermediate,0,43.358,30.0
42,10.803,0.2222,0.2667,0.1778,0.2222,intermediate,0,29.181,20.0
43,13.577,0.1976,0.2381,0.1429,0.2143,intermediate,0,30.282,20.0
44,7.848,0.2242,0.1935,0.2258,0.2581,intermediate,0,36.267,10.0
45,11.506,0.2848,0.3478,0.1304,0.3913,crystalline,0,35.020,20.0
46,21.960,0.1194,0.2222,0.0000,0.1389,intermediate,0,38.107,30.0
47,25.783,0.2128,0.2564,0.1538,0.2308,intermediate,0,47.870,30.0
48,19.681,0.2231,0.2564,0.2051,0.2051,intermediate,0,37.810,20.0
49,25.317,0.1705,0.2564,0.2308,0.0000,intermediate,0,48.757,30.0
50,19.746,0.1151,0.2093,0.0000,0.1395,intermediate,0,42.276,20.0
51,17.227,0.1484,0.2581,0.0000,0.1935,intermediate,0,45.301,20.0
52,6.762,0.2564,0.3077,0.2051,0.2564,crystalline,0,30.680,10.0
53,14.961,0.2174,0.2791,0.1628,0.2093,intermediate,0,32.635,20.0
54,27.332,0.1461,0.2368,0.0000,0.2105,intermediate,0,46.220,30.0
55,24.722,0.1671,0.2683,0.0000,0.2439,intermediate,0,43.212,30.0
56,19.648,0.1542,0.2500,0.0000,0.2222,intermediate,0,46.509,20.0
57,26.079,0.1024,0.2927,0.0000,0.0000,amorphous,0,40.983,30.0
58,14.154,0.1937,0.3125,0.0000,0.2812,intermediate,0,42.459,20.0
59,17.778,0.1177,0.2258,0.0000,0.1290,intermediate,0,34.515,20.0
60,11.264,0.2310,0.2619,0.2143,0.2143,intermediate,0,29.743,20.0
61,20.464,0.1476,0.2381,0.0000,0.2143,intermediate,0,45.353,30.0
62,16.277,0.2786,0.3571,0.2143,0.2619,crystalline,0,35.854,20.0
63,9.082,0.2430,0.3256,0.2093,0.1860,intermediate,0,33.187,10.0
64,15.002,0.1695,0.3171,0.0000,0.1951,intermediate,0,41.490,20.0
65,21.468,0.2100,0.3333,0.0000,0.3111,intermediate,0,37.797,30.0
66,22.803,0.1338,0.2059,0.0000,0.2059,intermediate,0,49.244,30.0
67,7.594,0.2365,0.2973,0.2162,0.1892,intermediate,0,35.934,10.0
68,9.702,0.1648,0.2955,0.0000,0.2045,intermediate,0,26.317,10.0
69,20.123,0.2675,0.3500,0.2000,0.2500,crystalline,0,39.021,30.0
70,23.623,0.2533,0.3111,0.2222,0.2222,crystalline,0,37.798,30.0
71,10.471,0.1333,0.2667,0.0000,0.1333,intermediate,0,30.545,20.0
72,21.156,0.1375,0.2143,0.1786,0.0000,intermediate,0,37.262,30.0
73,8.050,0.2517,0.2759,0.2069,0.2759,crystalline,0,32.099,10.0
74,27.022,0.1024,0.2927,0.0000,0.0000,amorphous,0,42.020,30.0
75,27.670,0.2393,0.2857,0.2143,0.2143,intermediate,0,47.399,30.0
76,18.021,0.1600,0.2667,0.0000,0.2222,intermediate,0,42.448,20.0
77,25.783,0.1212,0.3462,0.0000,0.0000,amorphous,0,46.135,30.0
78,14.806,0.2105,0.2791,0.1628,0.1860,intermediate,0,34.243,20.0
79,7.470,0.2000,0.2444,0.1556,0.2000,intermediate,0,26.334,10.0
80,22.970,0.1771,0.2917,0.0000,0.2500,intermediate,0,50.337,30.0
81,8.957,0.1489,0.2391,0.0000,0.2174,intermediate,0,28.006,10.0
82,25.610,0.1515,0.3030,0.0000,0.1515,intermediate,0,40.777,30.0
83,19.496,0.2520,0.3061,0.2041,0.2449,crystalline,0,32.530,20.0
84,26.668,0.1526,0.2821,0.0000,0.1795,intermediate,0,41.698,30.0
85,15.363,0.2057,0.2727,0.1591,0.1818,intermediate,0,28.513,20.0
86,7.419,0.1695,0.3171,0.0000,0.1951,intermediate,0,25.372,10.0
87,20.024,0.2326,0.2826,0.1957,0.2174,intermediate,0,39.769,20.0
88,13.314,0.1340,0.2553,0.0000,0.1489,intermediate,0,27.408,20.0
89,5.448,0.1366,0.2439,0.0000,0.1707,intermediate,0,32.179,6.0
90,29.558,0.2139,0.2500,0.1944,0.1944,intermediate,0,47.132,30.0
91,19.102,0.1478,0.2444,0.1778,0.0000,intermediate,0,31.496,20.0
92,4.502,0.2652,0.3636,0.2121,0.2121,crystalline,0,33.493,6.0
93,13.170,0.2029,0.2059,0.1471,0.2647,intermediate,0,29.600,20.0
94,23.745,0.2500,0.3256,0.2093,0.2093,crystalline,0,41.991,30.0
95,28.684,0.1838,0.3235,0.0000,0.2353,intermediate,0,48.657,30.0
96,14.536,0.1490,0.2292,0.0000,0.2292,intermediate,0,28.751,20.0
97,25.426,0.1475,0.2500,0.0000,0.2000,intermediate,0,50.256,30.0
98,18.269,0.2167,0.2708,0.1875,0.1875,intermediate,0,31.481,20.0
99,25.040,0.1636,0.2727,0.0000,0.2273,intermediate,0,44.677,30.0
100,23.419,0.1442,0.2326,0.0000,0.2093,intermediate,0,45.998,30.0
101,16.552,0.2628,0.2791,0.2326,0.2791,crystalline,0,33.539,20.0
102,11.248,0.1886,0.3636,0.0000,0.2045,intermediate,0,32.124,20.0
103,28.464,0.1692,0.3077,0.0000,0.2051,intermediate,0,46.060,30.0
104,29.040,0.1750,0.3000,0.2000,0.0000,intermediate,0,51.652,30.0
105,12.861,0.2869,0.3810,0.2143,0.2619,crystalline,0,38.635,20.0
106,25.091,0.1641,0.2826,0.0000,0.2174,intermediate,0,40.582,30.0
107,4.192,0.1942,0.2558,0.1395,0.1860,intermediate,0,28.004,6.0
108,25.964,0.1628,0.3256,0.0000,0.1628,intermediate,0,38.987,30.0
109,16.674,0.2311,0.3333,0.1556,0.2000,intermediate,0,36.772,20.0
110,22.823,0.1243,0.2162,0.0000,0.1622,intermediate,0,48.866,30.0
111,5.931,0.1679,0.2381,0.1190,0.1429,intermediate,0,26.896,6.0
112,9.674,0.1576,0.2826,0.0000,0.1957,intermediate,0,24.895,10.0
113,11.822,0.2067,0.2444,0.1556,0.2222,intermediate,0,31.300,20.0
114,19.925,0.1702,0.3404,0.0000,0.1702,intermediate,0,41.176,20.0
115,21.598,0.1489,0.2500,0.0000,0.2045,intermediate,0,32.855,30.0
116,23.262,0.2341,0.2955,0.1591,0.2500,intermediate,0,35.370,30.0
117,20.437,0.2479,0.2766,0.2128,0.2553,intermediate,0,36.646,30.0
118,10.763,0.1750,0.2045,0.1591,0.1591,intermediate,0,25.249,20.0
119,13.771,0.1273,0.3636,0.0000,0.0000,amorphous,0,33.102,20.0
120,26.244,0.2060,0.2381,0.1667,0.2143,intermediate,0,48.955,30.0
121,16.194,0.1867,0.2667,0.1333,0.1556,intermediate,0,27.758,20.0
122,10.071,0.2444,0.3333,0.2222,0.1667,intermediate,0,37.577,20.0
123,8.797,0.2136,0.3182,0.1364,0.1818,intermediate,0,26.689,10.0
124,25.599,0.1000,0.1739,0.0000,0.1304,intermediate,0,39.040,30.0
125,10.030,0.2404,0.2692,0.1538,0.3077,intermediate,0,38.720,10.0
126,10.589,0.0833,0.2381,0.0000,0.0000,amorphous,0,28.557,20.0
127,28.217,0.1639,0.2778,0.0000,0.2222,intermediate,0,47.537,30.0
128,25.253,0.1922,0.3778,0.0000,0.2000,intermediate,0,36.416,30.0
129,10.970,0.2015,0.2121,0.1818,0.2121,intermediate,0,26.777,20.0
130,8.562,0.2216,0.3636,0.1136,0.1818,intermediate,0,27.629,10.0
131,29.440,0.1395,0.2632,0.0000,0.1579,intermediate,0,52.751,30.0
132,9.879,0.2239,0.2391,0.1957,0.2391,intermediate,0,23.773,10.0
133,14.261,0.2048,0.3810,0.0000,0.2381,intermediate,0,37.517,20.0
134,19.609,0.2117,0.2766,0.1277,0.2340,intermediate,0,32.107,20.0
135,5.174,0.1341,0.2273,0.0000,0.1818,intermediate,0,25.014,6.0
136,28.687,0.2452,0.2581,0.1935,0.2903,intermediate,0,53.196,30.0
137,24.719,0.1864,0.3182,0.0000,0.2500,intermediate,0,36.531,30.0
138,20.224,0.2659,0.3409,0.2045,0.2500,crystalline,0,38.146,30.0
139,13.764,0.1560,0.2619,0.0000,0.2143,intermediate,0,27.277,20.0
140,12.811,0.1674,0.2791,0.0000,0.2326,intermediate,0,24.850,20.0
141,25.012,0.2337,0.2791,0.2093,0.2093,intermediate,0,35.343,30.0
142,30.817,0.1500,0.2727,0.0000,0.1818,intermediate,0,44.971,40.0
143,8.497,0.2011,0.2222,0.2000,0.1778,intermediate,0,23.689,10.0
144,17.227,0.2533,0.3333,0.2000,0.2222,crystalline,0,35.362,20.0
145,20.768,0.0636,0.1818,0.0000,0.0000,amorphous,0,33.112,30.0
146,19.027,0.2284,0.2973,0.2162,0.1622,intermediate,0,29.219,20.0
147,28.618,0.2043,0.2174,0.2174,0.1739,intermediate,0,54.433,30.0
148,31.618,0.1519,0.2692,0.0000,0.1923,intermediate,0,52.885,40.0
149,22.017,0.2361,0.3611,0.1944,0.1389,intermediate,0,31.621,30.0
150,24.830,0.1511,0.2222,0.0000,0.2444,intermediate,0,44.968,30.0
151,7.753,0.2000,0.2609,0.0870,0.2609,intermediate,0,28.681,10.0
152,4.387,0.1500,0.2500,0.0000,0.2083,intermediate,0,32.611,6.0
153,17.323,0.1988,0.3488,0.0000,0.2558,intermediate,0,38.428,20.0
154,30.534,0.1500,0.2571,0.0000,0.2000,intermediate,0,44.727,40.0
155,31.300,0.1792,0.3333,0.0000,0.2083,intermediate,0,50.251,40.0
156,32.010,0.1404,0.2692,0.0000,0.1538,intermediate,0,51.554,40.0
157,5.884,0.1893,0.2143,0.1429,0.2143,intermediate,0,22.694,6.0
158,21.333,0.1978,0.2609,0.1739,0.1522,intermediate,0,40.787,30.0
159,21.874,0.1636,0.2727,0.0000,0.2273,intermediate,0,41.921,30.0
160,32.239,0.1448,0.2069,0.0000,0.2414,intermediate,0,45.868,40.0
161,4.153,0.1322,0.2444,0.0000,0.1556,intermediate,0,29.498,6.0
162,24.743,0.1705,0.2727,0.0000,0.2500,intermediate,0,43.622,30.0
163,9.950,0.2185,0.2609,0.1957,0.1957,intermediate,0,24.527,10.0
164,33.336,0.1435,0.2609,0.0000,0.1739,intermediate,0,50.255,40.0
165,23.435,0.1906,0.3125,0.0000,0.2708,intermediate,0,35.062,30.0
166,32.552,0.1150,0.2000,0.0000,0.1500,intermediate,0,53.476,40.0
167,7.316,0.1556,0.3111,0.0000,0.1556,intermediate,0,25.904,10.0
168,27.026,0.1942,0.2093,0.1860,0.1860,intermediate,0,48.661,30.0
169,19.887,0.1379,0.2121,0.0000,0.2121,intermediate,0,46.818,20.0
170,16.708,0.2326,0.2609,0.2174,0.2174,intermediate,0,32.630,20.0
171,4.718,0.1833,0.2121,0.1818,0.1515,intermediate,0,27.006,6.0
172,26.286,0.2257,0.2973,0.1622,0.2162,intermediate,0,38.633,30.0
173,26.754,0.2013,0.2632,0.1316,0.2105,intermediate,0,41.575,30.0
174,5.738,0.1833,0.2381,0.1429,0.1667,intermediate,0,25.138,6.0
175,30.008,0.1400,0.2333,0.1667,0.0000,intermediate,0,47.098,30.0
176,20.776,0.2511,0.3409,0.1818,0.2273,crystalline,0,30.042,30.0
177,25.724,0.2175,0.2500,0.2000,0.2000,intermediate,0,42.995,30.0
178,9.409,0.1633,0.3111,0.1556,0.0000,intermediate,0,29.294,10.0
179,24.394,0.1518,0.2500,0.0000,0.2143,intermediate,0,51.854,30.0
180,33.253,0.1341,0.2273,0.0000,0.1818,intermediate,0,51.161,40.0
181,29.482,0.2042,0.2778,0.1389,0.1944,intermediate,0,49.899,30.0
182,8.903,0.0907,0.1395,0.0000,0.1395,intermediate,0,22.594,10.0
183,24.861,0.1573,0.1707,0.1951,0.0976,intermediate,0,50.629,30.0
184,7.122,0.1444,0.2222,0.0000,0.2222,intermediate,0,21.059,10.0
185,8.718,0.2095,0.2703,0.1892,0.1622,intermediate,0,34.988,10.0
186,15.365,0.2648,0.3409,0.1818,0.2727,crystalline,0,28.274,20.0
187,11.910,0.2778,0.4444,0.1778,0.2000,crystalline,0,31.697,20.0
188,13.404,0.1367,0.2000,0.0000,0.2222,intermediate,0,29.604,20.0
189,22.515,0.1886,0.1818,0.1818,0.2045,intermediate,0,47.904,30.0
190,28.927,0.0977,0.2791,0.0000,0.0000,amorphous,0,39.348,30.0
191,18.838,0.2479,0.3191,0.1702,0.2553,intermediate,0,31.152,20.0
192,22.563,0.1909,0.3182,0.2273,0.0000,intermediate,0,37.670,30.0
193,7.020,0.1209,0.1860,0.0000,0.1860,intermediate,0,21.401,10.0
194,27.377,0.1707,0.3103,0.0000,0.2069,intermediate,0,36.603,30.0
195,5.341,0.1826,0.2391,0.1522,0.1522,intermediate,0,28.253,6.0
196,31.407,0.1523,0.3182,0.0000,0.1364,intermediate,0,45.971,40.0
197,15.828,0.2756,0.3953,0.2326,0.1860,crystalline,0,35.634,20.0
198,31.376,0.1840,0.3200,0.0000,0.2400,intermediate,0,54.124,40.0
199,13.267,0.1744,0.2564,0.0000,0.2821,intermediate,0,24.182,20.0
200,4.649,0.0761,0.2174,0.0000,0.0000,amorphous,0,20.871,6.0
201,6.414,0.1750,0.2000,0.1500,0.1750,intermediate,0,23.767,10.0
202,28.417,0.1610,0.2927,0.0000,0.1951,intermediate,0,39.173,30.0
203,11.217,0.2587,0.3478,0.1304,0.3043,crystalline,0,30.308,20.0
204,31.938,0.1500,0.2308,0.0000,0.2308,intermediate,0,56.390,40.0
205,15.970,0.2321,0.2857,0.2143,0.1905,intermediate,0,25.844,20.0
206,4.299,0.1193,0.2045,0.0000,0.1591,intermediate,0,21.729,6.0
207,29.694,0.1615,0.3077,0.0000,0.1795,intermediate,0,40.393,30.0
208,18.161,0.1000,0.2857,0.0000,0.0000,amorphous,0,43.994,20.0
209,11.853,0.1844,0.3556,0.0000,0.2000,intermediate,0,34.630,20.0
210,27.419,0.1283,0.2174,0.0000,0.1739,intermediate,0,54.863,30.0
211,3.950,0.1280,0.2195,0.0000,0.1707,intermediate,0,20.091,6.0
212,2.561,0.0716,0.2045,0.0000,0.0000,amorphous,0,22.644,6.0
213,18.823,0.2667,0.3111,0.2222,0.2667,crystalline,0,27.122,20.0
214,16.061,0.2328,0.3103,0.2069,0.1724,intermediate,0,42.908,20.0
215,9.169,0.1789,0.2889,0.2222,0.0000,intermediate,0,24.101,10.0
216,9.013,0.1898,0.2727,0.1136,0.1818,intermediate,0,33.862,10.0
217,24.278,0.0795,0.2273,0.0000,0.0000,amorphous,0,33.056,30.0
218,6.379,0.2337,0.3478,0.1522,0.1957,intermediate,0,26.452,10.0
219,12.241,0.1500,0.2308,0.0000,0.2308,intermediate,0,25.624,20.0
220,19.306,0.1800,0.2667,0.1333,0.1333,intermediate,0,28.056,20.0
221,32.661,0.1500,0.2273,0.0455,0.1818,intermediate,0,51.319,40.0
222,3.545,0.0718,0.2051,0.0000,0.0000,amorphous,0,28.379,6.0
223,31.599,0.1179,0.2143,0.0000,0.1429,intermediate,0,45.574,40.0
224,32.154,0.1861,0.2222,0.1667,0.1667,intermediate,0,57.194,40.0
225,23.855,0.0778,0.2222,0.0000,0.0000,amorphous,0,46.746,30.0
226,17.968,0.2780,0.4390,0.1463,0.2439,crystalline,0,37.106,20.0
227,33.360,0.1393,0.2143,0.0000,0.2143,intermediate,0,55.574,40.0
228,18.509,0.2756,0.3333,0.2444,0.2444,crystalline,0,26.122,20.0
229,30.046,0.1484,0.2581,0.0000,0.1935,intermediate,0,48.532,30.0
230,27.569,0.1513,0.2564,0.0000,0.2051,intermediate,0,51.543,30.0
231,32.406,0.2120,0.2800,0.1200,0.2400,intermediate,0,52.893,40.0
232,18.812,0.1733,0.2558,0.0000,0.2791,intermediate,0,42.947,20.0
233,29.305,0.2212,0.2727,0.1515,0.2424,intermediate,0,45.849,30.0
234,7.293,0.1709,0.1860,0.1628,0.1628,intermediate,0,23.009,10.0
235,15.270,0.2533,0.3111,0.2222,0.2222,crystalline,0,23.250,20.0
236,17.449,0.2678,0.3556,0.2000,0.2444,crystalline,0,25.951,20.0
237,26.346,0.1400,0.2500,0.0000,0.1750,intermediate,0,46.263,30.0
238,22.454,0.2830,0.3404,0.2128,0.2979,crystalline,0,30.330,30.0
239,3.857,0.1567,0.1667,0.1667,0.1333,intermediate,0,29.673,6.0
240,26.181,0.2337,0.3023,0.1860,0.2093,intermediate,0,40.495,30.0
241,30.958,0.1544,0.2941,0.1471,0.0000,intermediate,0,40.293,40.0
242,24.822,0.1952,0.3333,0.0000,0.2619,intermediate,0,36.113,30.0
243,8.008,0.1875,0.2188,0.1562,0.1875,intermediate,0,33.784,10.0
244,13.111,0.1811,0.2889,0.0000,0.2667,intermediate,0,22.374,20.0
245,7.051,0.1256,0.2444,0.0000,0.1333,intermediate,0,19.858,10.0
246,22.842,0.2489,0.3556,0.2222,0.1556,intermediate,0,39.084,30.0
247,14.319,0.2402,0.3043,0.1957,0.2174,intermediate,0,23.434,20.0
248,9.731,0.2033,0.2174,0.1957,0.1957,intermediate,0,23.321,10.0
249,29.623,0.1385,0.2308,0.0000,0.1923,intermediate,0,55.651,30.0
250,16.324,0.2094,0.2500,0.1875,0.1875,intermediate,0,25.295,20.0
251,10.640,0.2372,0.2766,0.2553,0.1702,intermediate,0,27.867,20.0
252,20.850,0.2721,0.3953,0.1628,0.2558,crystalline,0,27.416,30.0
253,22.185,0.2321,0.3333,0.1667,0.1905,intermediate,0,41.599,30.0
254,21.364,0.2420,0.3182,0.1591,0.2500,intermediate,0,41.067,30.0
255,13.141,0.2181,0.4043,0.0000,0.2553,intermediate,0,32.719,20.0
256,24.200,0.2087,0.3913,0.0000,0.2391,intermediate,0,31.106,30.0
257,29.191,0.1361,0.2222,0.0000,0.1944,intermediate,0,48.873,30.0
258,17.133,0.1756,0.3111,0.0000,0.2222,intermediate,0,34.255,20.0
259,30.448,0.1433,0.2667,0.0000,0.1667,intermediate,0,44.218,40.0
260,10.220,0.2338,0.2500,0.2250,0.2250,intermediate,0,21.328,20.0
261,21.370,0.2044,0.3556,0.0000,0.2667,intermediate,0,43.805,30.0
262,30.978,0.1433,0.2667,0.0000,0.1667,intermediate,0,39.398,40.0
263,30.369,0.1533,0.2667,0.0000,0.2000,intermediate,0,54.656,40.0
264,23.452,0.2531,0.3265,0.2041,0.2245,crystalline,0,31.013,30.0
265,10.255,0.1105,0.1579,0.0000,0.1842,intermediate,0,21.565,20.0
266,20.877,0.2689,0.3333,0.2444,0.2222,crystalline,0,39.491,30.0
267,6.395,0.1225,0.2000,0.0000,0.1750,intermediate,0,22.789,10.0
268,29.833,0.1453,0.2812,0.0000,0.1562,intermediate,0,40.121,30.0
269,13.940,0.1682,0.3636,0.0000,0.1364,intermediate,0,33.290,20.0
270,26.015,0.2675,0.3250,0.2250,0.2500,crystalline,0,42.062,30.0
271,7.794,0.2612,0.3750,0.2000,0.2000,crystalline,0,27.382,10.0
272,20.893,0.2578,0.3333,0.1556,0.2889,crystalline,0,32.174,30.0
273,5.103,0.1000,0.1739,0.0000,0.1304,intermediate,0,19.484,6.0
274,24.034,0.2739,0.3864,0.1818,0.2500,crystalline,0,30.061,30.0
275,5.553,0.1681,0.1944,0.1667,0.1389,intermediate,0,24.286,6.0
276,8.827,0.2337,0.3256,0.1628,0.2093,intermediate,0,24.960,10.0
277,15.198,0.1714,0.2857,0.0000,0.2381,intermediate,0,27.199,20.0
278,19.754,0.1953,0.2791,0.0000,0.3256,intermediate,0,33.553,20.0
279,15.541,0.2521,0.2917,0.2500,0.2083,crystalline,0,22.235,20.0
280,26.381,0.2618,0.3158,0.1842,0.2895,crystalline,0,44.397,30.0
281,19.385,0.2190,0.3810,0.0000,0.2857,intermediate,0,26.901,20.0
282,10.292,0.2851,0.3830,0.2128,0.2553,crystalline,0,28.955,20.0
283,14.484,0.1935,0.2903,0.0968,0.1935,intermediate,0,40.240,20.0
284,29.591,0.2188,0.2812,0.1562,0.2188,intermediate,0,44.399,30.0
285,9.977,0.1548,0.2381,0.0000,0.2381,intermediate,0,19.442,20.0
286,2.836,0.1135,0.1622,0.0000,0.1892,intermediate,0,24.252,6.0
287,28.884,0.1316,0.2632,0.0000,0.1316,intermediate,0,50.157,30.0
288,25.892,0.1424,0.1515,0.1515,0.1212,intermediate,0,52.037,30.0
289,26.745,0.1580,0.2955,0.0000,0.1818,intermediate,0,47.551,30.0
290,17.987,0.2685,0.3261,0.2174,0.2609,crystalline,0,36.639,20.0
291,13.607,0.2533,0.3333,0.2000,0.2222,crystalline,0,31.128,20.0
292,22.877,0.1822,0.3111,0.0000,0.2444,intermediate,0,36.525,30.0
293,5.822,0.2061,0.2857,0.1633,0.1633,intermediate,0,22.851,6.0
294,21.099,0.1698,0.3256,0.0000,0.1860,intermediate,0,26.479,30.0
295,12.026,0.1535,0.2791,0.0000,0.1860,intermediate,0,25.836,20.0
296,19.021,0.2170,0.3864,0.0000,0.2727,intermediate,0,38.095,20.0
297,11.581,0.1300,0.2000,0.0000,0.2000,intermediate,0,22.827,20.0
298,16.652,0.2678,0.3333,0.2222,0.2444,crystalline,0,40.050,20.0
299,22.968,0.2188,0.3750,0.0000,0.2917,intermediate,0,29.756,30.0
300,2.316,0.1337,0.1957,0.0000,0.2174,intermediate,0,17.061,6.0
301,35.222,0.1875,0.2500,0.1250,0.1875,intermediate,0,48.621,40.0
302,14.498,0.2175,0.3000,0.1500,0.2000,intermediate,0,39.116,20.0
303,17.462,0.1859,0.3333,0.0000,0.2308,intermediate,0,23.699,20.0
304,33.588,0.1259,0.2414,0.0000,0.1379,intermediate,0,43.217,40.0
305,6.951,0.0812,0.1250,0.0000,0.1250,intermediate,0,18.770,10.0
306,12.285,0.2467,0.2609,0.2391,0.2391,intermediate,0,24.392,20.0
307,6.931,0.1370,0.2391,0.1522,0.0000,intermediate,0,20.297,10.0
308,16.641,0.2159,0.3636,0.0000,0.2955,intermediate,0,34.357,20.0
309,14.146,0.2125,0.2500,0.1818,0.2045,intermediate,0,21.982,20.0
310,24.474,0.2080,0.3409,0.0000,0.2955,intermediate,0,35.156,30.0
311,9.011,0.1269,0.2308,0.0000,0.1538,intermediate,0,34.125,10.0
312,28.597,0.1865,0.3243,0.0000,0.2432,intermediate,0,38.861,30.0
313,32.668,0.1625,0.2500,0.0000,0.2500,intermediate,0,58.650,40.0
314,3.988,0.1990,0.2041,0.2245,0.1633,intermediate,0,21.059,6.0
315,27.798,0.1904,0.3617,0.0000,0.2128,intermediate,0,33.836,30.0
316,14.872,0.1810,0.3333,0.0000,0.2143,intermediate,0,28.548,20.0
317,4.571,0.1255,0.2128,0.0000,0.1702,intermediate,0,25.613,6.0
318,28.309,0.1738,0.3333,0.0000,0.1905,intermediate,0,35.049,30.0
319,29.696,0.2333,0.3030,0.1818,0.2121,intermediate,0,47.137,30.0
320,10.396,0.2273,0.2500,0.2045,0.2273,intermediate,0,18.204,20.0
321,4.082,0.2000,0.2766,0.1489,0.1702,intermediate,0,23.609,6.0
322,5.732,0.0837,0.1395,0.0000,0.1163,amorphous,0,18.999,6.0
323,27.151,0.1723,0.2553,0.0000,0.2766,intermediate,0,33.781,30.0
324,11.968,0.1848,0.3043,0.0000,0.2609,intermediate,0,19.384,20.0
325,10.377,0.1868,0.2059,0.1765,0.1765,intermediate,0,20.148,20.0
326,26.698,0.2566,0.3421,0.2105,0.2105,crystalline,0,31.410,30.0
327,19.107,0.2565,0.3043,0.2609,0.1957,crystalline,0,36.326,20.0
328,9.263,0.1089,0.3111,0.0000,0.0000,amorphous,0,18.305,10.0
329,7.780,0.1511,0.2826,0.0000,0.1739,intermediate,0,30.826,10.0
330,35.570,0.1861,0.2778,0.1111,0.1667,intermediate,0,45.463,40.0
331,22.842,0.2648,0.3182,0.2045,0.2727,crystalline,0,42.609,30.0
332,33.447,0.1404,0.2692,0.0000,0.1538,intermediate,0,41.594,40.0
333,4.172,0.1413,0.2174,0.0000,0.2174,intermediate,0,17.073,6.0
334,34.680,0.1120,0.3200,0.0000,0.0000,amorphous,0,43.269,40.0
335,25.825,0.2000,0.2250,0.1750,0.2000,intermediate,0,45.037,30.0
336,3.124,0.0583,0.1667,0.0000,0.0000,amorphous,0,25.620,6.0
337,7.422,0.1551,0.2051,0.1282,0.1282,intermediate,0,17.028,10.0
338,19.273,0.2756,0.4000,0.1778,0.2444,crystalline,0,25.780,20.0
339,11.354,0.1875,0.2273,0.1136,0.2273,intermediate,0,19.186,20.0
340,33.019,0.1522,0.2609,0.1739,0.0000,intermediate,0,55.315,40.0
341,6.949,0.0790,0.2258,0.0000,0.0000,amorphous,0,31.213,10.0
342,1.234,0.1302,0.2326,0.0000,0.1628,intermediate,0,15.644,6.0
343,29.960,0.2028,0.3889,0.0000,0.2222,intermediate,0,35.075,30.0
344,15.997,0.2233,0.3111,0.1556,0.2000,intermediate,0,23.052,20.0
345,23.206,0.1580,0.2955,0.0000,0.1818,intermediate,0,42.199,30.0
346,18.174,0.3344,0.4000,0.2889,0.3111,crystalline,0,38.957,20.0
347,5.444,0.2136,0.2955,0.1591,0.1818,intermediate,0,22.240,6.0
348,12.450,0.2735,0.2353,0.2941,0.2941,crystalline,0,20.306,20.0
349,11.431,0.1793,0.3261,0.0000,0.2174,intermediate,0,25.732,20.0
350,2.471,0.1560,0.2619,0.0000,0.2143,intermediate,0,24.830,6.0
351,25.304,0.1404,0.1538,0.1154,0.1538,intermediate,0,52.049,30.0
352,3.106,0.0698,0.1395,0.0000,0.0698,amorphous,0,15.679,6.0
353,23.653,0.1371,0.2258,0.0000,0.1935,intermediate,0,27.557,30.0
354,6.076,0.0875,0.2500,0.0000,0.0000,amorphous,0,29.893,6.0
355,28.738,0.1894,0.3333,0.0000,0.2424,intermediate,0,41.509,30.0
356,4.085,0.1367,0.1837,0.1020,0.1224,intermediate,0,16.918,6.0
357,31.853,0.0913,0.2609,0.0000,0.0000,amorphous,0,47.120,40.0
358,5.406,0.0966,0.1591,0.0000,0.1364,intermediate,0,20.038,6.0
359,22.965,0.1936,0.2979,0.2553,0.0000,intermediate,0,37.877,30.0
360,10.486,0.1708,0.2917,0.0000,0.2292,intermediate,0,25.024,20.0
361,24.573,0.2867,0.4000,0.1333,0.3333,crystalline,0,30.583,30.0
362,32.012,0.1659,0.2273,0.0909,0.1818,intermediate,0,43.347,40.0
363,19.734,0.1652,0.3043,0.0000,0.1957,intermediate,0,34.840,20.0
364,18.356,0.1869,0.3095,0.0000,0.2619,intermediate,0,28.163,20.0
365,27.105,0.1780,0.3415,0.0000,0.1951,intermediate,0,46.393,30.0
366,6.879,0.0929,0.1429,0.0000,0.1429,intermediate,0,17.485,10.0
367,6.791,0.1989,0.2553,0.1489,0.1915,intermediate,0,24.264,10.0
368,30.079,0.2686,0.4000,0.1714,0.2286,crystalline,0,34.107,30.0
369,7.797,0.1878,0.1951,0.1951,0.1707,intermediate,0,19.049,10.0
370,30.882,0.1768,0.3214,0.0000,0.2143,intermediate,0,49.839,40.0
371,21.559,0.2167,0.3333,0.0000,0.3333,intermediate,0,31.142,30.0
372,13.162,0.1862,0.2979,0.2340,0.0000,intermediate,0,30.394,20.0
373,32.639,0.1646,0.2917,0.0000,0.2083,intermediate,0,40.468,40.0
374,28.871,0.1788,0.3030,0.0000,0.2424,intermediate,0,34.763,30.0
375,10.324,0.2233,0.2889,0.1778,0.2000,intermediate,0,29.691,20.0
376,15.334,0.1909,0.3182,0.2273,0.0000,intermediate,0,19.995,20.0
377,13.644,0.2844,0.3556,0.2667,0.2222,crystalline,0,31.681,20.0
378,23.778,0.0983,0.1667,0.0000,0.1333,intermediate,0,49.262,30.0
379,8.583,0.1891,0.2174,0.1739,0.1739,intermediate,0,23.414,10.0
380,31.679,0.1586,0.2759,0.0000,0.2069,intermediate,0,51.548,40.0
381,12.439,0.2640,0.3256,0.2093,0.2558,crystalline,0,18.532,20.0
382,27.054,0.2286,0.2857,0.2143,0.1786,intermediate,0,30.595,30.0
383,23.181,0.1750,0.2727,0.2273,0.0000,intermediate,0,40.270,30.0
384,7.075,0.2369,0.2857,0.1667,0.2619,intermediate,0,15.624,10.0
385,18.341,0.1608,0.2973,0.0000,0.1892,intermediate,0,22.711,20.0
386,29.976,0.1083,0.1667,0.0000,0.1667,intermediate,0,56.223,30.0
387,11.684,0.1568,0.2727,0.0000,0.2045,intermediate,0,27.784,20.0
388,26.444,0.1793,0.2927,0.2195,0.0000,intermediate,0,43.255,30.0
389,7.460,0.2375,0.3182,0.2045,0.1818,intermediate,0,15.298,10.0
390,10.473,0.2602,0.3636,0.2045,0.2045,crystalline,0,28.061,20.0
391,21.338,0.2065,0.3478,0.0000,0.2826,intermediate,0,39.897,30.0
392,7.210,0.1211,0.2105,0.0000,0.1579,intermediate,0,20.335,10.0
393,13.471,0.1453,0.2558,0.0000,0.1860,intermediate,0,36.404,20.0
394,32.130,0.1606,0.3030,0.0000,0.1818,intermediate,0,37.795,40.0
395,5.373,0.1415,0.1915,0.0851,0.1489,intermediate,0,17.836,6.0
396,24.138,0.1132,0.2105,0.0000,0.1316,intermediate,0,48.424,30.0
397,8.955,0.3341,0.4545,0.2273,0.3182,crystalline,0,26.357,10.0
398,21.110,0.1500,0.2609,0.0000,0.1957,intermediate,0,32.516,30.0
399,30.436,0.1621,0.3448,0.0000,0.1379,intermediate,0,39.904,40.0
400,28.421,0.1861,0.2222,0.1667,0.1667,intermediate,0,51.859,30.0
401,25.185,0.2300,0.2889,0.1778,0.2222,intermediate,0,43.590,30.0
402,28.639,0.2403,0.2778,0.1944,0.2500,intermediate,0,42.629,30.0
403,8.505,0.1435,0.2609,0.0000,0.1739,intermediate,0,19.420,10.0
404,3.939,0.0878,0.1463,0.0000,0.1220,intermediate,0,16.817,6.0
405,36.418,0.1800,0.2667,0.1333,0.1333,intermediate,0,44.705,40.0
406,7.328,0.1605,0.2791,0.0000,0.2093,intermediate,0,14.486,10.0
407,20.969,0.2659,0.3636,0.1818,0.2500,crystalline,0,26.859,30.0
408,16.550,0.2278,0.2889,0.1333,0.2667,intermediate,0,33.338,20.0
409,6.878,0.1413,0.2174,0.0000,0.2174,intermediate,0,16.245,10.0
410,2.717,0.1767,0.1860,0.1395,0.2093,intermediate,0,18.107,6.0
411,4.823,0.0907,0.1395,0.0000,0.1395,intermediate,0,18.944,6.0
412,19.263,0.1978,0.3556,0.0000,0.2444,intermediate,0,37.054,20.0
413,16.088,0.1625,0.2500,0.0000,0.2500,intermediate,0,21.544,20.0
414,19.760,0.2522,0.3333,0.1778,0.2444,crystalline,0,21.740,20.0
415,17.546,0.1833,0.3333,0.0000,0.2222,intermediate,0,29.392,20.0
416,6.833,0.1685,0.2174,0.1522,0.1304,intermediate,0,19.866,10.0
417,27.116,0.1878,0.3514,0.0000,0.2162,intermediate,0,36.267,30.0
418,28.154,0.2171,0.3947,0.0000,0.2632,intermediate,0,33.575,30.0
419,18.365,0.2702,0.3191,0.2340,0.2553,crystalline,0,35.231,20.0
420,30.636,0.1533,0.2667,0.0000,0.2000,intermediate,0,35.259,40.0
421,25.951,0.2143,0.2619,0.1667,0.2143,intermediate,0,37.386,30.0
422,15.652,0.2662,0.3250,0.2000,0.2750,crystalline,0,19.950,20.0
423,7.991,0.1238,0.1905,0.0000,0.1905,intermediate,0,27.910,10.0
424,11.853,0.1211,0.2105,0.0000,0.1579,intermediate,0,35.205,20.0
425,13.101,0.1841,0.3171,0.0000,0.2439,intermediate,0,23.331,20.0
426,26.142,0.2068,0.2727,0.1818,0.1591,intermediate,0,48.954,30.0
427,10.195,0.1119,0.2381,0.0000,0.0952,amorphous,0,17.893,20.0
428,6.949,0.0875,0.2500,0.0000,0.0000,amorphous,0,24.667,10.0
429,7.474,0.1591,0.1818,0.1364,0.1591,intermediate,0,18.895,10.0
430,14.693,0.2052,0.3542,0.0000,0.2708,intermediate,0,29.932,20.0
431,23.044,0.1670,0.2955,0.1818,0.0000,intermediate,0,24.865,30.0
432,4.721,0.2222,0.2889,0.1556,0.2222,intermediate,0,22.551,6.0
433,33.269,0.1783,0.3667,0.0000,0.1667,intermediate,0,37.718,40.0
434,33.841,0.1120,0.3200,0.0000,0.0000,amorphous,0,38.847,40.0
435,24.254,0.2929,0.3810,0.1905,0.3095,crystalline,0,29.838,30.0
436,32.198,0.1125,0.2500,0.0000,0.0833,amorphous,0,56.900,40.0
437,32.212,0.1769,0.3077,0.0000,0.2308,intermediate,0,44.313,40.0
438,14.911,0.2554,0.3478,0.1957,0.2174,crystalline,0,21.748,20.0
439,20.070,0.1681,0.2979,0.0000,0.2128,intermediate,0,20.656,20.0
440,20.399,0.2488,0.3095,0.2381,0.1905,intermediate,0,33.000,30.0
441,24.693,0.2443,0.3636,0.1591,0.2045,intermediate,0,25.731,30.0
442,10.093,0.2351,0.2162,0.2703,0.2162,intermediate,0,17.524,10.0
443,7.373,0.1663,0.2558,0.0000,0.2558,intermediate,0,14.445,10.0
444,14.493,0.1745,0.3061,0.0000,0.2245,intermediate,0,35.060,20.0
445,17.007,0.2221,0.3953,0.0000,0.2791,intermediate,0,35.970,20.0
446,19.114,0.2467,0.3333,0.2000,0.2000,intermediate,0,20.638,20.0
447,24.005,0.1384,0.3953,0.0000,0.0000,amorphous,0,25.746,30.0
448,9.972,0.2765,0.3061,0.2041,0.3265,crystalline,0,15.822,10.0
449,20.304,0.1721,0.2647,0.0000,0.2647,intermediate,0,44.374,30.0
450,22.415,0.1524,0.2683,0.0000,0.1951,intermediate,0,45.590,30.0
451,31.973,0.1548,0.2381,0.0000,0.2381,intermediate,0,48.094,40.0
452,21.548,0.1924,0.3261,0.0000,0.2609,intermediate,0,21.841,30.0
453,32.729,0.2652,0.4348,0.1739,0.1739,crystalline,0,35.466,40.0
454,17.187,0.1811,0.2889,0.0000,0.2667,intermediate,0,17.860,20.0
455,27.770,0.0926,0.2647,0.0000,0.0000,amorphous,0,45.763,30.0
456,4.886,0.0702,0.1190,0.0000,0.0952,amorphous,0,15.482,6.0
457,32.698,0.1375,0.2500,0.0000,0.1667,intermediate,0,37.368,40.0
458,31.692,0.1704,0.2963,0.0000,0.2222,intermediate,0,45.336,40.0
459,12.222,0.3211,0.4222,0.2667,0.2667,crystalline,0,28.882,20.0
460,21.762,0.1615,0.2308,0.0000,0.2692,intermediate,0,23.721,30.0
461,16.295,0.1648,0.2955,0.0000,0.2045,intermediate,0,17.932,20.0
462,3.188,0.0878,0.1556,0.0000,0.1111,amorphous,0,13.324,6.0
463,24.846,0.2713,0.3617,0.2128,0.2340,crystalline,0,24.786,30.0
464,8.352,0.2102,0.2245,0.1837,0.2245,intermediate,0,24.039,10.0
465,29.072,0.2028,0.2222,0.1667,0.2222,intermediate,0,40.102,30.0
466,15.707,0.2500,0.3182,0.1818,0.2500,crystalline,0,17.011,20.0
467,7.024,0.1987,0.2821,0.1538,0.1538,intermediate,0,14.112,10.0
468,14.300,0.2378,0.2444,0.2444,0.2222,intermediate,0,29.321,20.0
469,31.210,0.1328,0.2188,0.0000,0.1875,intermediate,0,52.966,40.0
470,11.143,0.1966,0.2273,0.1591,0.2045,intermediate,0,25.327,20.0
471,31.227,0.1274,0.2258,0.0000,0.1613,intermediate,0,50.383,40.0
472,23.182,0.2326,0.3256,0.1395,0.2326,intermediate,0,40.771,30.0
473,28.840,0.1458,0.2500,0.0000,0.1944,intermediate,0,47.605,30.0
474,8.043,0.1443,0.2955,0.0000,0.1364,intermediate,0,20.788,10.0
475,16.036,0.1852,0.2955,0.0000,0.2727,intermediate,0,32.281,20.0
476,32.870,0.0867,0.1333,0.0000,0.1333,intermediate,0,59.946,40.0
477,6.262,0.0427,0.1220,0.0000,0.0000,amorphous,0,13.204,10.0
478,30.847,0.1852,0.2222,0.1481,0.1852,intermediate,0,48.853,40.0
479,11.184,0.1766,0.3404,0.0000,0.1915,intermediate,0,18.972,20.0
480,33.297,0.1212,0.1923,0.1538,0.0000,intermediate,0,55.671,40.0
481,8.292,0.1390,0.1707,0.1220,0.1220,intermediate,0,14.430,10.0
482,6.803,0.1727,0.2424,0.1212,0.1515,intermediate,0,18.537,10.0
483,9.320,0.1717,0.3043,0.0000,0.2174,intermediate,0,20.373,10.0
484,20.613,0.3023,0.4186,0.1860,0.3023,crystalline,0,21.494,30.0
485,28.445,0.1647,0.2941,0.0000,0.2059,intermediate,0,29.819,30.0
486,6.603,0.1361,0.2222,0.0000,0.1944,intermediate,0,17.868,10.0
487,23.666,0.1613,0.1935,0.1290,0.1613,intermediate,0,48.071,30.0
488,30.716,0.1783,0.3667,0.0000,0.1667,intermediate,0,39.141,40.0
489,27.954,0.1886,0.3636,0.0000,0.2045,intermediate,0,28.441,30.0
490,7.038,0.1681,0.2222,0.1389,0.1389,intermediate,0,19.176,10.0
491,7.386,0.2589,0.3111,0.2000,0.2667,crystalline,0,20.951,10.0
492,32.664,0.1500,0.2500,0.0000,0.2083,intermediate,0,35.354,40.0
493,27.383,0.1936,0.3333,0.0000,0.2564,intermediate,0,28.602,30.0
494,18.171,0.2557,0.3182,0.1591,0.2955,crystalline,0,34.465,20.0
495,27.248,0.1514,0.2857,0.0000,0.1714,intermediate,0,47.751,30.0
496,7.535,0.1489,0.3111,0.0000,0.1333,intermediate,0,26.940,10.0
497,23.660,0.2953,0.4186,0.1860,0.2791,crystalline,0,24.473,30.0
498,12.502,0.2955,0.3636,0.2273,0.2955,crystalline,0,27.183,20.0
499,6.372,0.2322,0.3111,0.2000,0.1778,intermediate,0,15.094,10.0
500,14.940,0.2198,0.2791,0.2093,0.1628,intermediate,0,30.931,20.0
501,6.038,0.1478,0.2667,0.1556,0.0000,intermediate,0,16.626,10.0
502,23.055,0.2533,0.3111,0.2222,0.2222,crystalline,0,44.127,30.0
503,35.678,0.1667,0.3333,0.0000,0.1667,intermediate,0,39.266,40.0
504,7.774,0.3024,0.3571,0.2619,0.2857,crystalline,0,23.601,10.0
505,22.573,0.1826,0.3023,0.0000,0.2558,intermediate,0,38.674,30.0
506,24.547,0.1650,0.3000,0.0000,0.2000,intermediate,0,31.824,30.0
507,2.337,0.1593,0.2558,0.0000,0.2326,intermediate,0,21.661,6.0
508,13.116,0.2102,0.3864,0.0000,0.2500,intermediate,0,24.445,20.0
509,21.436,0.2558,0.2791,0.2326,0.2558,crystalline,0,21.051,30.0
510,16.818,0.2378,0.3111,0.1778,0.2222,intermediate,0,16.729,20.0
511,26.696,0.1756,0.3023,0.0000,0.2326,intermediate,0,26.040,30.0
512,18.152,0.1544,0.2889,0.0000,0.1778,intermediate,0,26.897,20.0
513,32.377,0.1579,0.1579,0.1579,0.1579,intermediate,0,57.048,40.0
514,8.574,0.2083,0.2917,0.1250,0.2083,intermediate,0,20.590,10.0
515,6.162,0.1178,0.2222,0.0000,0.1333,intermediate,0,11.728,10.0
516,5.465,0.0557,0.1591,0.0000,0.0000,amorphous,0,11.823,6.0
517,8.851,0.2656,0.3542,0.2083,0.2292,crystalline,0,25.062,10.0
518,33.924,0.1937,0.3750,0.0000,0.2083,intermediate,0,35.620,40.0
519,5.971,0.0924,0.1522,0.0000,0.1304,intermediate,0,14.696,10.0
520,29.746,0.2015,0.3939,0.0000,0.2121,intermediate,0,34.555,30.0
521,9.864,0.1857,0.3265,0.2041,0.0000,intermediate,0,26.833,10.0
522,29.426,0.1396,0.1667,0.1250,0.1250,intermediate,0,54.212,30.0
523,26.073,0.2116,0.3023,0.1628,0.1628,intermediate,0,38.884,30.0
524,13.711,0.2479,0.3404,0.1489,0.2553,intermediate,0,14.136,20.0
525,25.434,0.2256,0.2791,0.1860,0.2093,intermediate,0,42.708,30.0
526,21.526,0.1826,0.3023,0.0000,0.2558,intermediate,0,38.093,30.0
527,6.120,0.1415,0.2340,0.1702,0.0000,intermediate,0,21.481,10.0
528,15.159,0.1806,0.3061,0.0000,0.2449,intermediate,0,30.572,20.0
529,20.862,0.2058,0.3488,0.0000,0.2791,intermediate,0,25.601,30.0
530,30.062,0.2000,0.4000,0.0000,0.2000,intermediate,0,29.629,30.0
531,32.424,0.0840,0.2400,0.0000,0.0000,amorphous,0,43.937,40.0
532,18.445,0.1943,0.3409,0.0000,0.2500,intermediate,0,18.248,20.0
533,20.856,0.2478,0.3043,0.2174,0.2174,intermediate,0,33.656,30.0
534,24.248,0.1891,0.2174,0.1739,0.1739,intermediate,0,24.097,30.0
535,17.160,0.2380,0.2826,0.1739,0.2609,intermediate,0,22.933,20.0
536,3.199,0.1851,0.2128,0.1702,0.1702,intermediate,0,18.756,6.0
537,24.023,0.2185,0.3043,0.1522,0.1957,intermediate,0,39.024,30.0
538,15.693,0.2033,0.3333,0.0000,0.2889,intermediate,0,16.493,20.0
539,32.025,0.1405,0.2381,0.0000,0.1905,intermediate,0,35.248,40.0
540,14.542,0.2034,0.3864,0.0000,0.2273,intermediate,0,24.120,20.0
541,19.285,0.1806,0.2778,0.0000,0.2778,intermediate,0,41.759,20.0
542,3.918,0.1800,0.2200,0.1400,0.1800,intermediate,0,13.432,6.0
543,27.534,0.2131,0.4048,0.0000,0.2381,intermediate,0,34.828,30.0
544,19.702,0.1589,0.2444,0.0000,0.2444,intermediate,0,34.790,20.0
545,7.544,0.0728,0.1522,0.0000,0.0652,amorphous,0,14.499,10.0
546,3.833,0.2211,0.2444,0.1778,0.2444,intermediate,0,17.226,6.0
547,6.242,0.0583,0.1667,0.0000,0.0000,amorphous,0,13.133,10.0
548,29.304,0.2118,0.2632,0.1842,0.1842,intermediate,0,41.716,30.0
549,1.347,0.1283,0.2174,0.0000,0.1739,intermediate,0,12.170,6.0
550,17.842,0.2113,0.3548,0.0000,0.2903,intermediate,0,18.971,20.0
551,7.751,0.1656,0.3125,0.0000,0.1875,intermediate,0,25.835,10.0
552,30.283,0.2273,0.2273,0.2273,0.2273,intermediate,0,30.183,40.0
553,5.994,0.2457,0.2553,0.1915,0.2979,intermediate,0,11.749,10.0
554,26.609,0.2487,0.4750,0.0000,0.2750,intermediate,0,30.693,30.0
555,25.843,0.2726,0.3571,0.2381,0.2143,crystalline,0,45.282,30.0
556,28.953,0.1939,0.2727,0.1515,0.1515,intermediate,0,44.052,30.0
557,23.812,0.1533,0.2667,0.0000,0.2000,intermediate,0,33.259,30.0
558,30.336,0.2014,0.3611,0.0000,0.2500,intermediate,0,28.843,40.0
559,29.112,0.1844,0.3125,0.0000,0.2500,intermediate,0,29.207,30.0
560,12.309,0.1474,0.2632,0.0000,0.1842,intermediate,0,32.455,20.0
561,9.143,0.0811,0.1556,0.0000,0.0889,amorphous,0,12.997,10.0
562,15.329,0.1750,0.2143,0.1429,0.1667,intermediate,0,35.797,20.0
563,12.416,0.2872,0.3023,0.2791,0.2791,crystalline,0,14.845,20.0
564,32.485,0.1690,0.2759,0.0000,0.2414,intermediate,0,51.891,40.0
565,19.433,0.2739,0.3636,0.2045,0.2500,crystalline,0,20.410,20.0
566,18.243,0.1417,0.2333,0.0000,0.2000,intermediate,0,40.621,20.0
567,3.111,0.1600,0.2667,0.0000,0.2222,intermediate,0,20.269,6.0
568,14.106,0.2854,0.3542,0.2292,0.2708,crystalline,0,14.152,20.0
569,25.322,0.2359,0.4103,0.0000,0.3077,intermediate,0,25.221,30.0
570,21.537,0.1600,0.2667,0.0000,0.2222,intermediate,0,36.327,30.0
571,32.208,0.1769,0.3077,0.0000,0.2308,intermediate,0,32.480,40.0
572,18.317,0.2756,0.3111,0.2667,0.2444,crystalline,0,30.934,20.0
573,13.132,0.1745,0.2979,0.0000,0.2340,intermediate,0,12.900,20.0
574,27.255,0.1262,0.2381,0.0000,0.1429,intermediate,0,36.248,30.0
575,23.673,0.1575,0.3000,0.0000,0.1750,intermediate,0,22.315,30.0
576,3.068,0.2316,0.2857,0.1837,0.2245,intermediate,0,19.562,6.0
577,5.476,0.1511,0.2826,0.0000,0.1739,intermediate,0,10.450,6.0
578,12.152,0.1852,0.2955,0.0000,0.2727,intermediate,0,12.861,20.0
579,8.440,0.0955,0.2727,0.0000,0.0000,amorphous,0,25.959,10.0
580,5.098,0.0535,0.0930,0.0000,0.0698,amorphous,0,12.045,6.0
581,15.016,0.1673,0.2857,0.0000,0.2245,intermediate,0,32.372,20.0
582,9.864,0.0913,0.2609,0.0000,0.0000,amorphous,0,27.522,10.0
583,3.309,0.0913,0.2609,0.0000,0.0000,amorphous,0,11.453,6.0
584,3.659,0.1011,0.1556,0.0000,0.1556,intermediate,0,10.499,6.0
585,15.862,0.1875,0.3409,0.0000,0.2273,intermediate,0,17.591,20.0
586,26.959,0.2303,0.3158,0.1842,0.1842,intermediate,0,25.034,30.0
587,3.069,0.1372,0.2326,0.0000,0.1860,intermediate,0,15.884,6.0
588,11.209,0.1400,0.2000,0.0000,0.2333,intermediate,0,16.564,20.0
589,30.311,0.2569,0.2778,0.1944,0.3056,crystalline,0,49.005,40.0
590,19.992,0.1733,0.2667,0.0000,0.2667,intermediate,0,40.522,30.0
591,9.172,0.1344,0.2500,0.0000,0.1562,intermediate,0,21.875,10.0
592,22.318,0.2695,0.3659,0.1951,0.2439,crystalline,0,24.850,30.0
593,18.399,0.1512,0.2439,0.0000,0.2195,intermediate,0,28.279,20.0
594,5.408,0.0878,0.1463,0.0000,0.1220,intermediate,0,12.722,6.0
595,10.731,0.2488,0.3023,0.2093,0.2326,intermediate,0,21.646,20.0
596,5.666,0.1387,0.2250,0.0000,0.2000,intermediate,0,20.513,6.0
597,32.130,0.1182,0.1818,0.0000,0.1818,intermediate,0,46.853,40.0
598,22.042,0.1745,0.2979,0.0000,0.2340,intermediate,0,41.415,30.0
599,12.630,0.1956,0.3111,0.0000,0.2889,intermediate,0,13.565,20.0
600,23.923,0.1849,0.3488,0.0000,0.2093,intermediate,0,39.765,30.0
601,7.335,0.0787,0.1250,0.1000,0.0000,amorphous,0,12.992,10.0
602,6.627,0.1065,0.1739,0.0000,0.1522,intermediate,0,16.074,10.0
603,28.701,0.1472,0.2778,0.0000,0.1667,intermediate,0,46.120,30.0
604,13.376,0.1244,0.2222,0.0000,0.1556,intermediate,0,31.159,20.0
605,11.761,0.2520,0.2653,0.2449,0.2449,crystalline,0,25.526,20.0
606,21.188,0.1957,0.3404,0.0000,0.2553,intermediate,0,35.882,30.0
607,33.207,0.1707,0.3103,0.0000,0.2069,intermediate,0,32.244,40.0
608,6.838,0.2125,0.2500,0.1818,0.2045,intermediate,0,18.146,10.0
609,30.013,0.2186,0.4286,0.0000,0.2286,intermediate,0,33.594,30.0
610,29.174,0.2235,0.4118,0.0000,0.2647,intermediate,0,28.232,30.0
611,28.517,0.1243,0.2571,0.0000,0.1143,amorphous,0,44.687,30.0
612,15.324,0.1040,0.1600,0.0000,0.1600,intermediate,0,35.804,20.0
613,19.141,0.2500,0.2791,0.2558,0.2093,crystalline,0,15.640,20.0
614,10.983,0.1756,0.3111,0.0000,0.2222,intermediate,0,17.762,20.0
615,5.065,0.1293,0.1957,0.1739,0.0000,intermediate,0,13.961,6.0
616,14.861,0.1711,0.2632,0.0000,0.2632,intermediate,0,14.617,20.0
617,27.797,0.1569,0.3056,0.0000,0.1667,intermediate,0,23.818,30.0
618,9.393,0.1891,0.2391,0.1522,0.1739,intermediate,0,20.073,10.0
619,13.570,0.2510,0.2941,0.2549,0.1961,crystalline,0,26.570,20.0
620,2.732,0.1193,0.2045,0.0000,0.1591,intermediate,0,13.731,6.0
621,23.242,0.2205,0.2727,0.1818,0.2045,intermediate,0,36.108,30.0
622,15.631,0.1967,0.3333,0.0000,0.2667,intermediate,0,16.136,20.0
623,19.367,0.1881,0.3333,0.0000,0.2381,intermediate,0,17.414,20.0
624,16.713,0.1280,0.2195,0.0000,0.1707,intermediate,0,13.605,20.0
625,26.068,0.1453,0.2558,0.0000,0.1860,intermediate,0,41.798,30.0
626,12.272,0.1437,0.2500,0.0000,0.1875,intermediate,0,31.333,20.0
627,7.987,0.1089,0.3111,0.0000,0.0000,amorphous,0,21.372,10.0
628,20.416,0.2922,0.4222,0.2222,0.2222,crystalline,0,21.430,30.0
629,13.823,0.2151,0.3953,0.0000,0.2558,intermediate,0,27.577,20.0
630,32.523,0.1435,0.2609,0.0000,0.1739,intermediate,0,32.026,40.0
631,3.914,0.1250,0.2059,0.0000,0.1765,intermediate,0,15.128,6.0
632,14.828,0.2598,0.2826,0.2174,0.2826,crystalline,0,13.228,20.0
633,26.916,0.2381,0.2857,0.1905,0.2381,intermediate,0,43.335,30.0
634,32.374,0.1500,0.2727,0.0000,0.1818,intermediate,0,30.177,40.0
635,15.407,0.1812,0.3250,0.0000,0.2250,intermediate,0,25.592,20.0
636,33.038,0.0889,0.0000,0.1111,0.1667,amorphous,0,51.187,40.0
637,24.108,0.2345,0.4048,0.0000,0.3095,intermediate,0,24.377,30.0
638,7.487,0.2439,0.2857,0.1837,0.2653,intermediate,0,10.846,10.0
639,30.029,0.1182,0.1818,0.0000,0.1818,intermediate,0,53.902,30.0
640,2.944,0.1272,0.1957,0.0000,0.1957,intermediate,0,15.096,6.0
641,5.616,0.1593,0.2558,0.0000,0.2326,intermediate,0,11.360,6.0
642,32.330,0.1593,0.2963,0.0000,0.1852,intermediate,0,41.233,40.0
643,33.103,0.1114,0.3182,0.0000,0.0000,amorphous,0,39.767,40.0
644,18.827,0.2233,0.2667,0.2000,0.2000,intermediate,0,33.063,20.0
645,8.669,0.1638,0.2750,0.0000,0.2250,intermediate,0,19.059,10.0
646,11.442,0.1800,0.2667,0.0000,0.2889,intermediate,0,10.020,20.0
647,3.772,0.2011,0.2222,0.2000,0.1778,intermediate,0,15.482,6.0
648,16.516,0.2544,0.3333,0.2222,0.2000,crystalline,0,30.968,20.0
649,3.988,0.0636,0.1818,0.0000,0.0000,amorphous,0,9.245,6.0
650,20.506,0.1566,0.2368,0.2105,0.0000,intermediate,0,27.949,30.0
651,17.995,0.1656,0.2444,0.0000,0.2667,intermediate,0,31.216,20.0
652,22.521,0.1939,0.3659,0.0000,0.2195,intermediate,0,26.592,30.0
653,3.950,0.1474,0.2632,0.0000,0.1842,intermediate,0,16.291,6.0
654,9.350,0.2600,0.3111,0.2222,0.2444,crystalline,0,9.934,10.0
655,23.882,0.1500,0.2432,0.0000,0.2162,intermediate,0,30.681,30.0
656,27.713,0.1816,0.3158,0.0000,0.2368,intermediate,0,44.156,30.0
657,10.034,0.2750,0.3043,0.2391,0.2826,crystalline,0,12.211,10.0
658,5.437,0.1478,0.1556,0.1333,0.1556,intermediate,0,13.073,6.0
659,5.548,0.1489,0.2500,0.0000,0.2045,intermediate,0,12.351,6.0
660,24.278,0.0977,0.2791,0.0000,0.0000,amorphous,0,19.638,30.0
661,9.470,0.2636,0.2955,0.2045,0.2955,crystalline,0,24.054,10.0
662,32.017,0.1580,0.2800,0.0000,0.2000,intermediate,0,28.998,40.0
663,5.590,0.2105,0.2791,0.1628,0.1860,intermediate,0,14.885,6.0
664,3.279,0.1193,0.2500,0.0909,0.0000,amorphous,0,8.908,6.0
665,10.632,0.3098,0.3478,0.2391,0.3478,crystalline,0,22.327,20.0
666,31.512,0.1054,0.1786,0.0000,0.1429,intermediate,0,54.400,40.0
667,15.150,0.1656,0.2444,0.0000,0.2667,intermediate,0,29.390,20.0
668,17.249,0.2872,0.3256,0.2558,0.2791,crystalline,0,14.663,20.0
669,26.558,0.1354,0.2083,0.0000,0.2083,intermediate,0,49.763,30.0
670,19.260,0.1420,0.2500,0.0000,0.1818,intermediate,0,32.033,20.0
671,14.816,0.1756,0.3111,0.0000,0.2222,intermediate,0,16.535,20.0
672,5.001,0.1423,0.2308,0.0000,0.2051,intermediate,0,15.599,6.0
673,23.790,0.1725,0.3000,0.0000,0.2250,intermediate,0,40.140,30.0
674,26.318,0.1944,0.3556,0.2000,0.0000,intermediate,0,29.330,30.0
675,17.887,0.1328,0.2188,0.0000,0.1875,intermediate,0,37.805,20.0
676,25.033,0.1484,0.2581,0.0000,0.1935,intermediate,0,21.039,30.0
677,10.285,0.2133,0.2444,0.1556,0.2444,intermediate,0,9.150,20.0
678,29.580,0.1852,0.2222,0.1481,0.1852,intermediate,0,26.005,30.0
679,14.939,0.3093,0.3721,0.2326,0.3256,crystalline,0,25.862,20.0
680,28.137,0.1808,0.2308,0.1538,0.1538,intermediate,0,50.908,30.0
681,16.287,0.1738,0.3333,0.0000,0.1905,intermediate,0,21.306,20.0
682,10.620,0.1739,0.3409,0.0000,0.1818,intermediate,0,12.428,20.0
683,9.195,0.1581,0.2432,0.0000,0.2432,intermediate,0,12.700,10.0
684,7.559,0.1453,0.2558,0.0000,0.1860,intermediate,0,15.069,10.0
685,26.976,0.2134,0.2683,0.1951,0.1707,intermediate,0,37.670,30.0
686,2.636,0.1136,0.2273,0.0000,0.1136,amorphous,0,10.014,6.0
687,4.651,0.1000,0.1429,0.0000,0.1667,intermediate,0,14.336,6.0
688,30.026,0.1935,0.3871,0.0000,0.1935,intermediate,0,29.190,40.0
689,22.686,0.2170,0.3409,0.1818,0.1136,intermediate,0,36.843,30.0
690,24.421,0.2227,0.2955,0.2045,0.1591,intermediate,0,34.979,30.0
691,31.429,0.2484,0.2500,0.2188,0.2812,intermediate,0,47.997,40.0
692,7.479,0.0656,0.1875,0.0000,0.0000,amorphous,0,14.648,10.0
693,22.954,0.1728,0.3261,0.0000,0.1957,intermediate,0,16.261,30.0
694,25.476,0.1849,0.3488,0.0000,0.2093,intermediate,0,19.318,30.0
695,22.541,0.1909,0.3030,0.2424,0.0000,intermediate,0,18.491,30.0
696,4.043,0.1833,0.1778,0.1556,0.2222,intermediate,0,15.865,6.0
697,19.785,0.1543,0.2766,0.0000,0.1915,intermediate,0,37.653,20.0
698,2.879,0.1233,0.2000,0.0000,0.1778,intermediate,0,9.004,6.0
699,8.432,0.1734,0.2812,0.0000,0.2500,intermediate,0,13.650,10.0
700,5.889,0.1330,0.2340,0.0000,0.1702,intermediate,0,7.729,6.0
701,30.146,0.1606,0.3030,0.0000,0.1818,intermediate,0,35.789,40.0
702,26.783,0.2393,0.3571,0.1429,0.2143,intermediate,0,20.379,30.0
703,27.335,0.2407,0.3256,0.1628,0.2326,intermediate,0,40.274,30.0
704,11.425,0.2368,0.2941,0.2059,0.2059,intermediate,0,19.509,20.0
705,14.588,0.2561,0.3333,0.2424,0.1818,crystalline,0,22.778,20.0
706,26.120,0.2105,0.4419,0.0000,0.1860,intermediate,0,20.051,30.0
707,35.806,0.1639,0.2778,0.0000,0.2222,intermediate,0,32.961,40.0
708,30.074,0.2065,0.2903,0.1613,0.1613,intermediate,0,43.247,30.0
709,3.127,0.0795,0.2273,0.0000,0.0000,amorphous,0,7.908,6.0
710,13.194,0.1902,0.2826,0.0000,0.3043,intermediate,0,10.359,20.0
711,5.772,0.1011,0.1556,0.0000,0.1556,intermediate,0,11.719,6.0
712,2.670,0.1087,0.2174,0.0000,0.1087,amorphous,0,11.144,6.0
713,11.966,0.2722,0.2667,0.2444,0.3111,crystalline,0,9.040,20.0
714,18.545,0.1430,0.2093,0.0000,0.2326,intermediate,0,36.839,20.0
715,28.579,0.1141,0.2188,0.0000,0.1250,intermediate,0,49.653,30.0
716,16.317,0.1914,0.2286,0.1714,0.1714,intermediate,0,34.329,20.0
717,2.736,0.1407,0.2326,0.0698,0.1163,intermediate,0,10.729,6.0
718,12.802,0.2105,0.2632,0.1579,0.2105,intermediate,0,18.570,20.0
719,8.482,0.2598,0.3261,0.1739,0.2826,crystalline,0,22.883,10.0
720,24.183,0.1179,0.2051,0.0000,0.1538,intermediate,0,32.366,30.0
721,32.707,0.1717,0.3043,0.0000,0.2174,intermediate,0,28.837,40.0
722,5.225,0.1977,0.3256,0.0000,0.2791,intermediate,0,18.874,6.0
723,11.370,0.1384,0.2558,0.0000,0.1628,intermediate,0,13.609,20.0
724,22.760,0.1617,0.2979,0.0000,0.1915,intermediate,0,15.367,30.0
725,29.838,0.2000,0.4000,0.0000,0.2000,intermediate,0,24.077,30.0
726,32.088,0.1212,0.2308,0.1154,0.0000,amorphous,0,42.761,40.0
727,32.399,0.1229,0.2083,0.0000,0.1667,intermediate,0,53.256,40.0
728,6.828,0.0761,0.1304,0.0870,0.0000,amorphous,0,8.998,10.0
729,24.444,0.2467,0.3111,0.2222,0.2000,intermediate,0,38.497,30.0
730,21.899,0.1967,0.3333,0.0000,0.2667,intermediate,0,15.199,30.0
731,7.511,0.1702,0.1915,0.1489,0.1702,intermediate,0,10.584,10.0
732,23.554,0.1630,0.2609,0.0000,0.2391,intermediate,0,16.559,30.0
733,26.757,0.2276,0.2632,0.1842,0.2368,intermediate,0,19.245,30.0
734,3.018,0.1167,0.2157,0.1176,0.0000,amorphous,0,8.022,6.0
735,29.770,0.1797,0.3514,0.0000,0.1892,intermediate,0,22.994,30.0
736,21.262,0.1268,0.1786,0.0000,0.2143,intermediate,0,41.477,30.0
737,5.618,0.2141,0.2564,0.1795,0.2051,intermediate,0,16.273,6.0
738,21.327,0.1733,0.2558,0.0000,0.2791,intermediate,0,34.773,30.0
739,20.964,0.1814,0.2000,0.1714,0.1714,intermediate,0,29.434,30.0
740,20.131,0.1829,0.2927,0.0000,0.2683,intermediate,0,20.445,30.0
741,29.054,0.2171,0.4000,0.0000,0.2571,intermediate,0,23.134,30.0
742,16.965,0.2744,0.2791,0.1860,0.3721,crystalline,0,28.381,20.0
743,25.846,0.1905,0.3810,0.0000,0.1905,intermediate,0,25.265,30.0
744,26.849,0.1841,0.3171,0.0000,0.2439,intermediate,0,41.352,30.0
745,29.325,0.1544,0.2647,0.0000,0.2059,intermediate,0,37.082,30.0
746,5.982,0.2053,0.2340,0.1702,0.2128,intermediate,0,17.752,10.0
747,11.844,0.2905,0.3333,0.1905,0.3571,crystalline,0,24.542,20.0
748,4.330,0.1311,0.2222,0.0000,0.1778,intermediate,0,9.427,6.0
749,9.648,0.1569,0.1944,0.1111,0.1667,intermediate,0,23.098,10.0
750,8.377,0.1784,0.2955,0.0000,0.2500,intermediate,0,8.782,10.0
751,23.267,0.2784,0.3182,0.2045,0.3182,crystalline,0,35.363,30.0
752,25.331,0.1417,0.2333,0.0000,0.2000,intermediate,0,46.978,30.0
753,24.315,0.2250,0.2500,0.2000,0.2250,intermediate,0,38.184,30.0
754,29.880,0.2319,0.2778,0.1944,0.2222,intermediate,0,45.053,30.0
755,5.349,0.1357,0.2653,0.0000,0.1429,intermediate,0,8.018,6.0
756,30.995,0.1444,0.2222,0.0000,0.2222,intermediate,0,47.181,40.0
757,13.293,0.2702,0.3191,0.2340,0.2553,crystalline,0,25.498,20.0
758,2.577,0.1152,0.2174,0.0000,0.1304,intermediate,0,6.564,6.0
759,19.493,0.2679,0.2857,0.2143,0.3095,crystalline,0,29.730,20.0
760,17.084,0.1557,0.2500,0.0000,0.2273,intermediate,0,30.269,20.0
761,32.466,0.2280,0.4800,0.0000,0.2000,intermediate,0,34.226,40.0
762,19.929,0.1467,0.2667,0.0000,0.1778,intermediate,0,12.640,30.0
763,16.512,0.1686,0.3023,0.0000,0.2093,intermediate,0,17.421,20.0
764,13.743,0.1573,0.2708,0.0000,0.2083,intermediate,0,28.479,20.0
765,18.801,0.2490,0.2917,0.1875,0.2708,intermediate,0,12.396,20.0
766,7.775,0.2426,0.2979,0.2128,0.2128,intermediate,0,20.130,10.0
767,22.106,0.3191,0.4255,0.2128,0.3191,crystalline,0,16.076,30.0
768,8.496,0.1589,0.2444,0.0000,0.2444,intermediate,0,9.683,10.0
769,25.394,0.2898,0.4318,0.1818,0.2500,crystalline,0,18.927,30.0
770,21.331,0.1521,0.2917,0.0000,0.1667,intermediate,0,36.490,30.0
771,28.104,0.1903,0.3056,0.0000,0.2778,intermediate,0,20.679,30.0
772,31.355,0.1852,0.3704,0.0000,0.1852,intermediate,0,24.125,40.0
773,11.721,0.2333,0.3333,0.1515,0.2121,intermediate,0,20.163,20.0
774,21.365,0.1714,0.2857,0.0000,0.2381,intermediate,0,33.868,30.0
775,18.997,0.2420,0.2955,0.1818,0.2500,intermediate,0,11.448,20.0
776,7.624,0.1360,0.2093,0.0000,0.2093,intermediate,0,17.725,10.0
777,33.679,0.1077,0.3077,0.0000,0.0000,amorphous,0,38.308,40.0
778,5.999,0.2420,0.3000,0.2200,0.2000,intermediate,0,8.050,6.0
779,3.299,0.1778,0.1556,0.2000,0.1778,intermediate,0,12.545,6.0
780,9.785,0.3257,0.3784,0.2973,0.2973,crystalline,0,20.671,10.0
781,30.906,0.1786,0.2143,0.1429,0.1786,intermediate,0,50.621,40.0
782,12.387,0.2777,0.3191,0.2553,0.2553,crystalline,0,22.608,20.0
783,8.708,0.1451,0.2683,0.0000,0.1707,intermediate,0,21.822,10.0
784,6.534,0.1322,0.2444,0.0000,0.1556,intermediate,0,6.349,10.0
785,6.304,0.2628,0.2564,0.2308,0.3077,crystalline,0,16.745,10.0
786,6.128,0.2375,0.2857,0.1786,0.2500,intermediate,0,13.812,6.0
787,12.838,0.2888,0.2750,0.2500,0.3500,crystalline,0,22.989,20.0
788,3.587,0.2362,0.3191,0.1915,0.1915,intermediate,0,9.646,6.0
789,25.840,0.0946,0.2703,0.0000,0.0000,amorphous,0,45.812,30.0
790,14.323,0.1437,0.2500,0.0000,0.1875,intermediate,0,28.544,20.0
791,3.088,0.2147,0.2941,0.1176,0.2353,intermediate,0,15.189,6.0
792,29.712,0.2032,0.3871,0.0000,0.2258,intermediate,0,28.184,30.0
793,5.826,0.1255,0.2128,0.0000,0.1702,intermediate,0,6.807,6.0
794,31.334,0.1300,0.2000,0.0000,0.2000,intermediate,0,45.575,40.0
795,32.982,0.1179,0.2143,0.0000,0.1429,intermediate,0,40.129,40.0
796,23.552,0.1553,0.2979,0.0000,0.1702,intermediate,0,15.746,30.0
797,4.084,0.2185,0.2826,0.1739,0.1957,intermediate,0,10.836,6.0
798,27.722,0.1892,0.2162,0.1622,0.1892,intermediate,0,47.035,30.0
799,8.871,0.2114,0.2727,0.1364,0.2273,intermediate,0,6.371,10.0
800,27.977,0.2431,0.3333,0.1944,0.1944,intermediate,0,42.308,30.0
801,23.679,0.1359,0.2391,0.0000,0.1739,intermediate,0,37.472,30.0
802,30.642,0.1768,0.3214,0.0000,0.2143,intermediate,0,23.793,40.0
803,10.521,0.2277,0.2553,0.2128,0.2128,intermediate,0,21.808,20.0
804,34.539,0.1000,0.2857,0.0000,0.0000,amorphous,0,28.267,40.0
805,10.798,0.1573,0.2708,0.0000,0.2083,intermediate,0,17.297,20.0
806,8.815,0.2398,0.2727,0.1591,0.2955,intermediate,0,19.393,10.0
807,31.166,0.1344,0.2500,0.0000,0.1562,intermediate,0,23.397,40.0
808,19.297,0.1903,0.3056,0.0000,0.2778,intermediate,0,13.523,20.0
809,27.340,0.2366,0.2927,0.1951,0.2195,intermediate,0,40.664,30.0
810,21.494,0.2116,0.3256,0.0000,0.3256,intermediate,0,32.455,30.0
811,19.266,0.2202,0.2766,0.1702,0.2128,intermediate,0,30.857,20.0
812,12.355,0.2439,0.2439,0.2439,0.2439,intermediate,0,10.877,20.0
813,4.179,0.2074,0.2979,0.1489,0.1702,intermediate,0,8.366,6.0
814,32.683,0.1435,0.2609,0.0000,0.1739,intermediate,0,48.811,40.0
815,22.265,0.1518,0.2500,0.0000,0.2143,intermediate,0,25.211,30.0
816,14.266,0.1533,0.2667,0.0000,0.2000,intermediate,0,26.550,20.0
817,5.829,0.1978,0.3043,0.0000,0.3043,intermediate,0,16.605,6.0
818,19.990,0.1789,0.2222,0.1556,0.1556,intermediate,0,11.494,30.0
819,13.297,0.2162,0.2750,0.1500,0.2250,intermediate,0,27.298,20.0
820,19.059,0.0955,0.2727,0.0000,0.0000,amorphous,0,20.496,20.0
821,4.289,0.1956,0.2889,0.1556,0.1333,intermediate,0,9.623,6.0
822,16.213,0.2600,0.2889,0.2444,0.2444,crystalline,0,28.037,20.0
823,25.437,0.2500,0.2750,0.2250,0.2500,crystalline,0,35.523,30.0
824,17.199,0.1812,0.2083,0.1667,0.1667,intermediate,0,33.552,20.0
825,3.428,0.1049,0.1951,0.0000,0.1220,intermediate,0,6.306,6.0
826,4.097,0.2298,0.2381,0.2143,0.2381,intermediate,0,9.692,6.0
827,9.293,0.1464,0.2143,0.0000,0.2381,intermediate,0,21.318,10.0
828,18.733,0.2117,0.2333,0.2000,0.2000,intermediate,0,22.472,20.0
829,4.792,0.1078,0.1556,0.0000,0.1778,intermediate,0,7.002,6.0
830,21.332,0.1465,0.1860,0.2326,0.0000,intermediate,0,12.624,30.0
831,25.868,0.2051,0.4103,0.0000,0.2051,intermediate,0,19.942,30.0
832,16.893,0.2961,0.3158,0.2368,0.3421,crystalline,0,26.931,20.0
833,26.503,0.0656,0.1875,0.0000,0.0000,amorphous,0,31.929,30.0
834,15.199,0.2750,0.3000,0.2000,0.3333,crystalline,0,24.589,20.0
835,20.597,0.1250,0.2143,0.1429,0.0000,intermediate,0,26.731,30.0
836,8.292,0.2163,0.2449,0.1633,0.2449,intermediate,0,16.664,10.0
837,14.871,0.2636,0.2955,0.2045,0.2955,crystalline,0,9.498,20.0
838,22.626,0.1500,0.2727,0.0000,0.1818,intermediate,0,35.524,30.0
839,4.596,0.1156,0.1778,0.0000,0.1778,intermediate,0,5.511,6.0
840,10.365,0.2256,0.2791,0.1860,0.2093,intermediate,0,19.649,20.0
841,11.680,0.1837,0.3256,0.0000,0.2326,intermediate,0,6.351,20.0
842,14.969,0.2426,0.3191,0.1915,0.2128,intermediate,0,27.314,20.0
843,24.429,0.1700,0.2800,0.0000,0.2400,intermediate,0,17.349,30.0
844,2.974,0.1532,0.2553,0.0000,0.2128,intermediate,0,12.322,6.0
845,16.438,0.1620,0.2391,0.0000,0.2609,intermediate,0,8.643,20.0
846,28.121,0.1242,0.3548,0.0000,0.0000,amorphous,0,30.257,30.0
847,4.678,0.1405,0.1190,0.1190,0.1905,intermediate,0,10.185,6.0
848,17.997,0.2489,0.3191,0.1915,0.2340,intermediate,0,11.086,20.0
849,7.212,0.1245,0.1915,0.0000,0.1915,intermediate,0,9.389,10.0
850,4.300,0.1767,0.1860,0.1395,0.2093,intermediate,0,14.735,6.0
851,20.879,0.2640,0.3488,0.1860,0.2558,crystalline,0,14.916,30.0
852,25.847,0.1750,0.2727,0.2273,0.0000,intermediate,0,16.841,30.0
853,28.225,0.2349,0.3023,0.2093,0.1860,intermediate,0,19.599,30.0
854,32.659,0.1800,0.3000,0.0000,0.2500,intermediate,0,25.528,40.0
855,32.367,0.1325,0.2500,0.0000,0.1500,intermediate,0,47.943,40.0
856,25.894,0.2619,0.3095,0.2143,0.2619,crystalline,0,38.069,30.0
857,6.707,0.1583,0.1905,0.1190,0.1667,intermediate,0,13.047,10.0
858,7.378,0.1405,0.2162,0.0000,0.2162,intermediate,0,13.792,10.0
859,9.326,0.1446,0.1739,0.1087,0.1522,intermediate,0,7.688,10.0
860,29.231,0.2044,0.3824,0.0000,0.2353,intermediate,0,22.728,30.0
861,17.744,0.2241,0.2963,0.1852,0.1852,intermediate,0,24.045,20.0
862,12.336,0.1661,0.1786,0.1429,0.1786,intermediate,0,22.436,20.0
863,30.075,0.2069,0.2414,0.1724,0.2069,intermediate,0,34.723,30.0
864,9.877,0.2117,0.2340,0.1702,0.2340,intermediate,0,5.187,20.0
865,6.600,0.1551,0.2857,0.0000,0.1837,intermediate,0,5.960,10.0
866,26.598,0.1631,0.2619,0.0000,0.2381,intermediate,0,39.269,30.0
867,34.052,0.2325,0.4500,0.0000,0.2500,intermediate,0,33.021,40.0
868,5.465,0.1966,0.2500,0.1364,0.2045,intermediate,0,12.268,6.0
869,11.991,0.1360,0.2093,0.0000,0.2093,intermediate,0,12.526,20.0
870,7.232,0.1875,0.2273,0.1136,0.2273,intermediate,0,5.000,10.0
871,22.068,0.1676,0.2703,0.0000,0.2432,intermediate,0,21.085,30.0
872,19.195,0.2250,0.2826,0.1739,0.2174,intermediate,0,33.927,20.0
873,20.185,0.1722,0.2444,0.0000,0.2889,intermediate,0,31.744,30.0
874,3.446,0.1024,0.1905,0.0000,0.1190,amorphous,0,10.018,6.0
875,8.349,0.1062,0.1750,0.0000,0.1500,intermediate,0,8.434,10.0
876,15.483,0.2574,0.2222,0.2593,0.2963,crystalline,0,12.054,20.0
877,18.371,0.2244,0.2558,0.1860,0.2326,intermediate,0,8.621,20.0
878,17.749,0.2656,0.3111,0.2000,0.2889,crystalline,0,12.076,20.0
879,32.619,0.1477,0.2273,0.0000,0.2273,intermediate,0,49.600,40.0
880,27.084,0.2641,0.3077,0.2051,0.2821,crystalline,0,39.977,30.0
881,32.976,0.1519,0.2692,0.0000,0.1923,intermediate,0,24.497,40.0
882,25.937,0.1650,0.3000,0.0000,0.2000,intermediate,0,24.027,30.0
883,30.174,0.1838,0.3235,0.0000,0.2353,intermediate,0,43.900,40.0
884,8.044,0.1891,0.2609,0.1304,0.1739,intermediate,0,8.352,10.0
885,17.411,0.1400,0.2500,0.0000,0.1750,intermediate,0,10.702,20.0
886,30.381,0.1891,0.2812,0.1250,0.1562,intermediate,0,38.772,40.0
887,22.457,0.1923,0.2308,0.1538,0.1923,intermediate,0,14.614,30.0
888,7.044,0.1671,0.2571,0.0000,0.2571,intermediate,0,17.725,10.0
889,17.817,0.2352,0.2727,0.2045,0.2273,intermediate,0,7.412,20.0
890,8.506,0.2778,0.3611,0.1944,0.2778,crystalline,0,17.085,10.0
891,5.683,0.1415,0.1951,0.0000,0.2439,intermediate,0,15.790,6.0
892,12.524,0.2118,0.2895,0.1579,0.1842,intermediate,0,23.583,20.0
893,15.131,0.2068,0.3182,0.0000,0.3182,intermediate,0,7.468,20.0
894,32.028,0.1911,0.3929,0.0000,0.1786,intermediate,0,33.191,40.0
895,7.538,0.1904,0.2128,0.1489,0.2128,intermediate,0,11.943,10.0
896,25.486,0.1211,0.2105,0.0000,0.1579,intermediate,0,43.300,30.0
897,8.433,0.2420,0.3600,0.1600,0.2000,intermediate,0,17.930,10.0
898,24.739,0.2471,0.3235,0.2059,0.2059,intermediate,0,33.587,30.0
899,14.051,0.2766,0.2979,0.2553,0.2766,crystalline,0,21.731,20.0
900,13.062,0.1466,0.2414,0.0000,0.2069,intermediate,0,17.455,20.0
901,21.339,0.1633,0.3111,0.1556,0.0000,intermediate,0,16.030,30.0
902,8.479,0.2444,0.2667,0.2222,0.2444,intermediate,0,7.128,10.0
903,24.744,0.2500,0.3256,0.2093,0.2093,crystalline,0,19.000,30.0
904,6.862,0.2216,0.2955,0.1818,0.1818,intermediate,0,6.993,10.0
905,15.396,0.1936,0.2979,0.0000,0.2979,intermediate,0,8.287,20.0
906,24.302,0.1886,0.2286,0.1143,0.2286,intermediate,0,42.161,30.0
907,28.922,0.2618,0.3158,0.1842,0.2895,crystalline,0,39.215,30.0
908,12.149,0.1086,0.3103,0.0000,0.0000,amorphous,0,21.853,20.0
909,3.594,0.1772,0.2826,0.0000,0.2609,intermediate,0,11.098,6.0
910,18.615,0.1737,0.3158,0.0000,0.2105,intermediate,0,32.754,20.0
911,33.146,0.1808,0.2692,0.1154,0.1538,intermediate,0,41.631,40.0
912,26.578,0.1550,0.1667,0.1333,0.1667,intermediate,0,33.157,30.0
913,33.186,0.2083,0.2917,0.1250,0.2083,intermediate,0,44.128,40.0
914,16.927,0.2279,0.2941,0.2059,0.1765,intermediate,0,15.982,20.0
915,21.599,0.1678,0.2889,0.0000,0.2222,intermediate,0,33.547,30.0
916,22.565,0.2330,0.2766,0.1702,0.2553,intermediate,0,11.657,30.0
917,3.440,0.1702,0.2128,0.1277,0.1702,intermediate,0,3.938,6.0
918,24.640,0.1725,0.3000,0.0000,0.2250,intermediate,0,13.556,30.0
919,5.915,0.1256,0.1707,0.0000,0.2195,intermediate,0,13.773,6.0
920,25.742,0.1964,0.2143,0.1429,0.2381,intermediate,0,36.478,30.0
921,6.529,0.1744,0.2889,0.0000,0.2444,intermediate,0,11.050,10.0
922,11.791,0.1708,0.2917,0.0000,0.2292,intermediate,0,5.520,20.0
923,13.702,0.2750,0.3478,0.1957,0.2826,crystalline,0,22.578,20.0
924,2.753,0.1446,0.2826,0.0000,0.1522,intermediate,0,5.266,6.0
925,32.036,0.2143,0.2500,0.1786,0.2143,intermediate,0,45.951,40.0
926,9.484,0.2678,0.3333,0.2222,0.2444,crystalline,0,16.178,10.0
927,18.721,0.2548,0.2857,0.2381,0.2381,crystalline,0,27.001,20.0
928,4.050,0.2524,0.3415,0.1707,0.2439,crystalline,0,10.167,6.0
929,26.775,0.2387,0.2750,0.1500,0.3000,intermediate,0,36.188,30.0
930,21.982,0.2632,0.2941,0.2059,0.2941,crystalline,0,30.844,30.0
931,6.159,0.2233,0.2333,0.2333,0.2000,intermediate,0,15.175,10.0
932,30.285,0.1593,0.1852,0.1111,0.1852,intermediate,0,36.395,30.0
933,30.455,0.1600,0.3200,0.0000,0.1600,intermediate,0,24.058,40.0
934,31.560,0.1852,0.3704,0.0000,0.1852,intermediate,0,28.959,40.0
935,20.320,0.2900,0.3778,0.2222,0.2667,crystalline,0,32.911,30.0
936,5.750,0.2105,0.2791,0.1628,0.1860,intermediate,0,5.362,6.0
937,32.169,0.1118,0.1176,0.0000,0.2353,amorphous,0,53.455,40.0
938,14.445,0.2849,0.3256,0.2093,0.3256,crystalline,0,23.692,20.0
939,11.387,0.2548,0.3095,0.2143,0.2381,crystalline,0,8.187,20.0
940,22.290,0.2056,0.2222,0.2222,0.1667,intermediate,0,18.466,30.0
941,30.988,0.1704,0.2963,0.0000,0.2222,intermediate,0,20.631,40.0
942,13.233,0.2648,0.2955,0.2273,0.2727,crystalline,0,6.676,20.0
943,26.443,0.2756,0.3077,0.2821,0.2308,crystalline,0,37.261,30.0
944,18.488,0.2298,0.2619,0.1905,0.2381,intermediate,0,28.992,20.0
945,29.794,0.1939,0.3030,0.1212,0.1515,intermediate,0,17.404,30.0
946,17.906,0.1671,0.2683,0.0000,0.2439,intermediate,0,28.106,20.0
947,17.685,0.2111,0.2593,0.1852,0.1852,intermediate,0,29.733,20.0
948,19.323,0.1917,0.2619,0.0000,0.3333,intermediate,0,27.459,20.0
949,9.974,0.1269,0.2308,0.0000,0.1538,intermediate,0,9.596,10.0
950,7.186,0.1194,0.2222,0.0000,0.1389,intermediate,0,8.871,10.0
951,9.313,0.1598,0.2391,0.2174,0.0000,intermediate,0,17.426,10.0
952,18.860,0.2300,0.2667,0.2000,0.2222,intermediate,0,7.744,20.0
953,20.868,0.1917,0.2083,0.1250,0.2500,intermediate,0,28.133,30.0
954,26.486,0.1925,0.2250,0.1750,0.1750,intermediate,0,41.988,30.0
955,31.582,0.1875,0.3214,0.0000,0.2500,intermediate,0,46.791,40.0
956,7.473,0.1787,0.2128,0.1702,0.1489,intermediate,0,3.779,10.0
957,6.672,0.2550,0.3333,0.1667,0.2667,crystalline,0,11.111,10.0
958,1.622,0.0952,0.1613,0.0000,0.1290,intermediate,0,11.157,6.0
959,5.858,0.1000,0.1333,0.0000,0.1778,intermediate,0,6.324,6.0
960,5.341,0.1882,0.2059,0.2059,0.1471,intermediate,0,10.999,6.0
961,30.553,0.2581,0.2903,0.2258,0.2581,crystalline,0,43.309,40.0
962,26.893,0.1405,0.2162,0.0000,0.2162,intermediate,0,15.766,30.0
963,33.013,0.1147,0.1765,0.0000,0.1765,intermediate,0,38.152,40.0
964,6.129,0.1453,0.2558,0.0000,0.1860,intermediate,0,12.154,6.0
965,12.061,0.2646,0.3333,0.2083,0.2500,crystalline,0,19.242,20.0
966,19.308,0.2511,0.3111,0.1778,0.2667,crystalline,0,28.004,20.0
967,11.391,0.1293,0.2439,0.0000,0.1463,intermediate,0,8.236,20.0
968,28.714,0.1544,0.2647,0.0000,0.2059,intermediate,0,41.161,30.0
969,13.816,0.2014,0.2571,0.1714,0.1714,intermediate,0,13.227,20.0
970,27.586,0.1250,0.1923,0.0000,0.1923,intermediate,0,45.744,30.0
971,24.584,0.1283,0.2174,0.0000,0.1739,intermediate,0,26.605,30.0
972,10.427,0.2222,0.2963,0.1481,0.2222,intermediate,0,14.807,20.0
973,23.012,0.2679,0.2857,0.2143,0.3095,crystalline,0,32.774,30.0
974,7.004,0.2514,0.2778,0.2500,0.2222,crystalline,0,8.430,10.0
975,33.645,0.0955,0.2727,0.0000,0.0000,amorphous,0,23.495,40.0
976,17.033,0.1659,0.3182,0.0000,0.1818,intermediate,0,10.988,20.0
977,7.994,0.2222,0.2889,0.1556,0.2222,intermediate,0,4.677,10.0
978,32.763,0.1680,0.2400,0.0000,0.2800,intermediate,0,44.629,40.0
979,16.373,0.1756,0.3023,0.0000,0.2326,intermediate,0,4.694,20.0
980,15.453,0.2625,0.3182,0.1591,0.3182,crystalline,0,25.019,20.0
981,3.878,0.2545,0.3636,0.1818,0.2121,crystalline,0,12.561,6.0
982,20.912,0.2000,0.2619,0.1667,0.1667,intermediate,0,8.937,30.0
983,4.727,0.2140,0.3721,0.0000,0.2791,intermediate,0,11.484,6.0
984,6.294,0.2087,0.2391,0.1522,0.2391,intermediate,0,3.453,10.0
985,11.272,0.1878,0.2889,0.0000,0.2889,intermediate,0,19.087,20.0
986,28.482,0.1333,0.2051,0.0000,0.2051,intermediate,0,42.877,30.0
987,13.206,0.1826,0.3023,0.0000,0.2558,intermediate,0,4.678,20.0
988,2.580,0.1500,0.1429,0.1429,0.1667,intermediate,0,9.733,6.0
989,4.154,0.2408,0.3061,0.2245,0.1837,intermediate,0,6.875,6.0
990,3.508,0.1849,0.3488,0.0000,0.2093,intermediate,0,4.338,6.0
991,29.477,0.1091,0.1818,0.0000,0.1515,intermediate,0,45.693,30.0
992,13.575,0.2788,0.2424,0.2424,0.3636,crystalline,0,22.154,20.0
993,28.043,0.2020,0.2800,0.1600,0.1600,intermediate,0,29.232,30.0
994,24.707,0.2365,0.2703,0.2432,0.1892,intermediate,0,13.042,30.0
995,30.736,0.1641,0.2812,0.0000,0.2188,intermediate,0,41.812,40.0
996,26.474,0.2195,0.2683,0.1707,0.2195,intermediate,0,37.371,30.0
997,24.697,0.1283,0.2174,0.0000,0.1739,intermediate,0,31.868,30.0
998,6.551,0.1905,0.2381,0.1429,0.1905,intermediate,0,5.631,10.0
999,11.028,0.2144,0.2444,0.1778,0.2222,intermediate,0,19.679,20.0
1000,5.858,0.1250,0.2500,0.0000,0.1250,intermediate,0,2.723,6.0
1001,30.759,0.2276,0.2069,0.2069,0.2759,intermediate,0,46.375,40.0
1002,7.567,0.2087,0.2609,0.1304,0.2391,intermediate,0,5.754,10.0
1003,7.254,0.1607,0.1905,0.1667,0.1190,intermediate,0,5.073,10.0
1004,26.429,0.1526,0.2821,0.0000,0.1795,intermediate,0,19.870,30.0
1005,11.210,0.1462,0.2250,0.0000,0.2250,intermediate,0,18.172,20.0
1006,12.758,0.2500,0.2917,0.2083,0.2500,crystalline,0,19.083,20.0
1007,14.827,0.2250,0.2500,0.1591,0.2727,intermediate,0,7.116,20.0
1008,14.904,0.2000,0.2093,0.1628,0.2326,intermediate,0,24.597,20.0
1009,9.015,0.1300,0.2000,0.0000,0.2000,intermediate,0,2.347,10.0
1010,4.673,0.1840,0.2340,0.1277,0.1915,intermediate,0,2.797,6.0
1011,4.493,0.1013,0.1795,0.0000,0.1282,intermediate,0,7.305,6.0
1012,23.832,0.1522,0.2609,0.1739,0.0000,intermediate,0,34.406,30.0
1013,7.224,0.1456,0.2444,0.0000,0.2000,intermediate,0,2.342,10.0
1014,14.526,0.2409,0.2727,0.1818,0.2727,intermediate,0,3.707,20.0
1015,27.009,0.0729,0.2083,0.0000,0.0000,amorphous,0,30.684,30.0
1016,32.167,0.1815,0.2963,0.0000,0.2593,intermediate,0,44.821,40.0
1017,4.678,0.2244,0.3111,0.1778,0.1778,intermediate,0,6.808,6.0
1018,23.030,0.2405,0.2432,0.1892,0.2973,intermediate,0,31.285,30.0
1019,6.256,0.2217,0.3696,0.1522,0.1304,intermediate,0,4.264,10.0
1020,21.319,0.1400,0.2250,0.1750,0.0000,intermediate,0,14.916,30.0
1021,5.329,0.1182,0.1818,0.0000,0.1818,intermediate,0,1.724,6.0
1022,4.617,0.1521,0.2340,0.0000,0.2340,intermediate,0,10.881,6.0
1023,11.970,0.1500,0.1905,0.2381,0.0000,intermediate,0,18.811,20.0
1024,5.405,0.1022,0.1778,0.0000,0.1333,intermediate,0,10.175,6.0
1025,9.939,0.2521,0.2917,0.2500,0.2083,crystalline,0,9.677,10.0
1026,7.561,0.1722,0.2444,0.0000,0.2889,intermediate,0,13.739,10.0
1027,16.208,0.1702,0.3404,0.0000,0.1702,intermediate,0,24.567,20.0
1028,23.275,0.2443,0.3636,0.1591,0.2045,intermediate,0,32.435,30.0
1029,28.545,0.1603,0.2821,0.0000,0.2051,intermediate,0,13.773,30.0
1030,22.141,0.1466,0.2414,0.0000,0.2069,intermediate,0,19.966,30.0
1031,23.933,0.3116,0.3953,0.2558,0.2791,crystalline,0,13.600,30.0
1032,27.518,0.1328,0.2188,0.0000,0.1875,intermediate,0,24.751,30.0
1033,7.145,0.1988,0.2143,0.1905,0.1905,intermediate,0,2.980,10.0
1034,29.814,0.1700,0.3143,0.0000,0.2000,intermediate,0,14.899,30.0
1035,20.708,0.2352,0.2727,0.2045,0.2273,intermediate,0,30.381,30.0
1036,23.686,0.1784,0.2955,0.0000,0.2500,intermediate,0,35.335,30.0
1037,28.650,0.2716,0.3784,0.1892,0.2432,crystalline,0,14.765,30.0
1038,29.602,0.1375,0.2500,0.0000,0.1667,intermediate,0,22.646,30.0
1039,32.493,0.2091,0.3636,0.0000,0.2727,intermediate,0,18.869,40.0
1040,3.706,0.1196,0.1739,0.0000,0.1957,intermediate,0,11.946,6.0
1041,14.706,0.1465,0.2791,0.0000,0.1628,intermediate,0,8.467,20.0
1042,25.678,0.1600,0.2667,0.0000,0.2222,intermediate,0,10.899,30.0
1043,4.513,0.1670,0.1818,0.1591,0.1591,intermediate,0,6.336,6.0
1044,19.619,0.1217,0.2333,0.0000,0.1333,intermediate,0,9.453,20.0
1045,24.566,0.1539,0.2368,0.0000,0.2368,intermediate,0,39.422,30.0
1046,6.933,0.1818,0.2273,0.1364,0.1818,intermediate,0,4.784,10.0
1047,7.388,0.0869,0.1667,0.0000,0.0952,amorphous,0,7.512,10.0
1048,18.173,0.2211,0.2667,0.1556,0.2444,intermediate,0,4.994,20.0
1049,9.654,0.2043,0.2553,0.1277,0.2340,intermediate,0,13.720,10.0
1050,17.475,0.1865,0.2692,0.0000,0.3077,intermediate,0,25.714,20.0
1051,6.711,0.1456,0.2444,0.0000,0.2000,intermediate,0,6.416,10.0
1052,18.944,0.1500,0.2500,0.0000,0.2083,intermediate,0,17.011,20.0
1053,31.853,0.1026,0.1579,0.0000,0.1579,intermediate,0,51.317,40.0
1054,8.589,0.1686,0.3023,0.0000,0.2093,intermediate,0,4.038,10.0
1055,32.487,0.1963,0.3704,0.0000,0.2222,intermediate,0,17.479,40.0
1056,12.467,0.2239,0.2609,0.1739,0.2391,intermediate,0,18.135,20.0
1057,17.458,0.1568,0.2727,0.0000,0.2045,intermediate,0,3.669,20.0
1058,31.828,0.2143,0.4286,0.0000,0.2143,intermediate,0,17.779,40.0
1059,18.767,0.1987,0.2821,0.1538,0.1538,intermediate,0,12.115,20.0
1060,2.929,0.1115,0.1538,0.0000,0.1923,intermediate,0,12.313,6.0
1061,7.679,0.1900,0.1778,0.1556,0.2444,intermediate,0,1.314,10.0
1062,27.797,0.2079,0.3684,0.0000,0.2632,intermediate,0,38.312,30.0
1063,29.637,0.1815,0.2963,0.0000,0.2593,intermediate,0,16.734,30.0
1064,31.895,0.1304,0.2609,0.0000,0.1304,intermediate,0,19.764,40.0
1065,14.482,0.1942,0.2308,0.1923,0.1538,intermediate,0,19.697,20.0
1066,27.688,0.2695,0.2927,0.2683,0.2439,crystalline,0,36.725,30.0
1067,32.139,0.1654,0.3077,0.0000,0.1923,intermediate,0,41.635,40.0
1068,8.496,0.2261,0.2826,0.1957,0.1957,intermediate,0,3.122,10.0
1069,32.449,0.1395,0.1579,0.1053,0.1579,intermediate,0,35.435,40.0
1070,9.598,0.2174,0.2391,0.1957,0.2174,intermediate,0,4.224,10.0
1071,6.906,0.2360,0.3256,0.2093,0.1628,intermediate,0,7.688,10.0
1072,18.169,0.2605,0.2632,0.2105,0.3158,crystalline,0,24.805,20.0
1073,29.440,0.2176,0.2973,0.1622,0.1892,intermediate,0,13.870,30.0
1074,3.584,0.2802,0.3542,0.2500,0.2292,crystalline,0,5.814,6.0
1075,33.927,0.2353,0.3529,0.1176,0.2353,intermediate,0,34.237,40.0
1076,11.596,0.2622,0.3673,0.2245,0.1837,crystalline,0,2.759,20.0
1077,15.555,0.2696,0.3261,0.2391,0.2391,crystalline,0,23.551,20.0
1078,25.343,0.2125,0.2500,0.1818,0.2045,intermediate,0,33.616,30.0
1079,31.150,0.1904,0.3462,0.0000,0.2308,intermediate,0,27.702,40.0
1080,23.981,0.2293,0.2414,0.2069,0.2414,intermediate,0,38.406,30.0
1081,8.734,0.1211,0.2105,0.0000,0.1579,intermediate,0,14.197,10.0
1082,33.377,0.1625,0.2500,0.0000,0.2500,intermediate,0,45.435,40.0
1083,26.320,0.1573,0.2708,0.0000,0.2083,intermediate,0,9.742,30.0
1084,13.255,0.2231,0.3077,0.1538,0.2051,intermediate,0,18.221,20.0
1085,24.075,0.1924,0.3261,0.0000,0.2609,intermediate,0,9.806,30.0
1086,21.701,0.1923,0.3077,0.0000,0.2821,intermediate,0,30.014,30.0
1087,27.263,0.1387,0.2250,0.0000,0.2000,intermediate,0,11.135,30.0
1088,12.951,0.2589,0.3333,0.1778,0.2667,crystalline,0,3.375,20.0
1089,7.950,0.1585,0.2340,0.0000,0.2553,intermediate,0,5.879,10.0
1090,17.890,0.2321,0.3571,0.0000,0.3571,intermediate,0,26.016,20.0
1091,26.761,0.2391,0.2609,0.2174,0.2391,intermediate,0,39.039,30.0
1092,32.207,0.1659,0.3182,0.0000,0.1818,intermediate,0,22.060,40.0
1093,14.693,0.2922,0.3111,0.2000,0.3778,crystalline,0,21.531,20.0
1094,19.921,0.2553,0.3421,0.1842,0.2368,crystalline,0,29.975,20.0
1095,14.152,0.1833,0.2821,0.0000,0.2821,intermediate,0,20.712,20.0
1096,30.719,0.0845,0.2414,0.0000,0.0000,amorphous,0,15.173,40.0
1097,16.148,0.2459,0.2973,0.2432,0.1892,intermediate,0,23.450,20.0
1098,15.716,0.1598,0.2683,0.0000,0.2195,intermediate,0,5.490,20.0
1099,11.819,0.1929,0.2245,0.2041,0.1429,intermediate,0,1.383,20.0
1100,30.349,0.1667,0.3333,0.0000,0.1667,intermediate,0,37.321,40.0
1101,13.559,0.1911,0.3556,0.0000,0.2222,intermediate,0,4.452,20.0
1102,27.496,0.3075,0.3750,0.2250,0.3250,crystalline,0,13.489,30.0
1103,8.233,0.1596,0.1923,0.0000,0.3077,intermediate,0,16.876,10.0
1104,15.544,0.1744,0.2889,0.0000,0.2444,intermediate,0,18.954,20.0
1105,25.648,0.2286,0.2619,0.1667,0.2619,intermediate,0,38.424,30.0
1106,27.292,0.1685,0.2593,0.2222,0.0000,intermediate,0,34.547,30.0
1107,8.943,0.1883,0.3191,0.0000,0.2553,intermediate,0,12.915,10.0
1108,10.038,0.2437,0.3250,0.2000,0.2000,intermediate,0,14.167,20.0
1109,32.060,0.1519,0.2692,0.0000,0.1923,intermediate,0,18.355,40.0
1110,15.206,0.1535,0.2791,0.0000,0.1860,intermediate,0,17.750,20.0
1111,31.029,0.1517,0.2333,0.0000,0.2333,intermediate,0,41.932,40.0
1112,24.873,0.2478,0.3913,0.0000,0.3696,intermediate,0,10.755,30.0
1113,3.394,0.1422,0.2188,0.0000,0.2188,intermediate,0,8.509,6.0
1114,21.469,0.2790,0.3226,0.2258,0.2903,crystalline,0,28.536,30.0
1115,13.580,0.2190,0.2069,0.2414,0.2069,intermediate,0,7.273,20.0
1116,9.387,0.1898,0.2273,0.1591,0.1818,intermediate,0,2.391,10.0
1117,33.148,0.0966,0.2759,0.0000,0.0000,amorphous,0,17.828,40.0
1118,31.796,0.1685,0.2593,0.0000,0.2593,intermediate,0,39.929,40.0
1119,20.857,0.2802,0.3958,0.2083,0.2292,crystalline,0,29.960,30.0
1120,17.191,0.2289,0.2632,0.2105,0.2105,intermediate,0,8.610,20.0
1121,24.345,0.1698,0.3256,0.0000,0.1860,intermediate,0,7.158,30.0
1122,10.087,0.1920,0.2955,0.0000,0.2955,intermediate,0,16.032,20.0
1123,22.500,0.1313,0.2250,0.0000,0.1750,intermediate,0,7.829,30.0
1124,34.579,0.2000,0.3000,0.1000,0.2000,intermediate,0,42.681,40.0
1125,21.692,0.2395,0.2558,0.2093,0.2558,intermediate,0,7.065,30.0
1126,19.886,0.2058,0.3488,0.0000,0.2791,intermediate,0,24.109,20.0
1127,8.852,0.2739,0.3261,0.1957,0.3043,crystalline,0,1.907,10.0
1128,17.746,0.2337,0.3023,0.1860,0.2093,intermediate,0,23.150,20.0
1129,8.702,0.1859,0.3261,0.0000,0.2391,intermediate,0,0.912,10.0
1130,9.426,0.1118,0.1842,0.0000,0.1579,intermediate,0,3.571,10.0
1131,12.833,0.1817,0.2333,0.0000,0.3333,intermediate,0,19.217,20.0
1132,10.760,0.1500,0.2069,0.1034,0.1379,intermediate,0,8.278,20.0
1133,19.930,0.2547,0.2791,0.2093,0.2791,crystalline,0,26.999,20.0
1134,9.692,0.2378,0.3111,0.1778,0.2222,intermediate,0,12.786,10.0
1135,5.651,0.1241,0.2069,0.0000,0.1724,intermediate,0,12.590,6.0
1136,4.744,0.1364,0.1364,0.1364,0.1364,intermediate,0,8.997,6.0
1137,7.084,0.1990,0.3542,0.0000,0.2500,intermediate,0,8.454,10.0
1138,26.713,0.2386,0.2857,0.2000,0.2286,intermediate,0,11.893,30.0
1139,5.950,0.1854,0.3415,0.0000,0.2195,intermediate,0,7.186,6.0
1140,21.946,0.1477,0.2273,0.0000,0.2273,intermediate,0,6.098,30.0
1141,25.500,0.2207,0.2927,0.1707,0.1951,intermediate,0,34.745,30.0
1142,7.542,0.2289,0.2667,0.1778,0.2444,intermediate,0,4.774,10.0
1143,27.300,0.0778,0.2222,0.0000,0.0000,amorphous,0,10.236,30.0
1144,26.277,0.2487,0.3000,0.1750,0.2750,intermediate,0,33.962,30.0
1145,13.290,0.2381,0.2619,0.2143,0.2381,intermediate,0,1.091,20.0
1146,22.992,0.1907,0.3256,0.0000,0.2558,intermediate,0,31.551,30.0
1147,6.712,0.1704,0.2963,0.0000,0.2222,intermediate,0,11.507,10.0
1148,6.654,0.2533,0.3778,0.1556,0.2222,crystalline,0,6.465,10.0
1149,10.349,0.1793,0.3261,0.0000,0.2174,intermediate,0,13.487,20.0
1150,23.603,0.1400,0.2000,0.0000,0.2333,intermediate,0,15.607,30.0
1151,29.587,0.1710,0.3226,0.0000,0.1935,intermediate,0,40.044,30.0
1152,36.068,0.1455,0.1818,0.0000,0.2727,intermediate,0,23.124,40.0
1153,26.423,0.2297,0.3125,0.1562,0.2188,intermediate,0,18.429,30.0
1154,31.365,0.0700,0.2000,0.0000,0.0000,amorphous,0,48.657,40.0
1155,15.812,0.2500,0.2800,0.1600,0.3200,crystalline,0,23.019,20.0
1156,26.679,0.1195,0.1951,0.0000,0.1707,intermediate,0,36.126,30.0
1157,27.746,0.1829,0.3421,0.0000,0.2105,intermediate,0,14.536,30.0
1158,33.787,0.1100,0.2000,0.0000,0.1333,intermediate,0,38.755,40.0
1159,9.020,0.1602,0.2653,0.0000,0.2245,intermediate,0,8.313,10.0
1160,15.971,0.2089,0.3111,0.0000,0.3333,intermediate,0,22.306,20.0
1161,27.234,0.1485,0.2424,0.0000,0.2121,intermediate,0,34.893,30.0
1162,20.284,0.1900,0.3333,0.0000,0.2444,intermediate,0,29.024,30.0
1163,11.991,0.1755,0.3191,0.0000,0.2128,intermediate,0,12.503,20.0
1164,18.432,0.2129,0.2258,0.1613,0.2581,intermediate,0,6.602,20.0
1165,26.624,0.2338,0.2750,0.2000,0.2250,intermediate,0,35.556,30.0
1166,9.214,0.1368,0.2105,0.0000,0.2105,intermediate,0,4.779,10.0
1167,8.464,0.2551,0.2821,0.2051,0.2821,crystalline,0,5.679,10.0
1168,19.155,0.2211,0.2667,0.1556,0.2444,intermediate,0,4.336,20.0
1169,11.880,0.1625,0.2500,0.0000,0.2500,intermediate,0,15.157,20.0
1170,32.259,0.1500,0.2143,0.0000,0.2500,intermediate,0,42.113,40.0
1171,30.768,0.1903,0.3226,0.0000,0.2581,intermediate,0,17.257,40.0
1172,34.441,0.1538,0.1538,0.1538,0.1538,intermediate,0,38.173,40.0
1173,20.669,0.2671,0.3947,0.2105,0.1842,crystalline,0,9.216,30.0
1174,20.648,0.1815,0.3333,0.1852,0.0000,intermediate,0,29.052,30.0
1175,31.220,0.1229,0.2286,0.0000,0.1429,intermediate,0,14.248,40.0
1176,31.619,0.1788,0.2308,0.1154,0.1923,intermediate,0,23.423,40.0
1177,24.628,0.1193,0.3409,0.0000,0.0000,amorphous,0,6.185,30.0
1178,12.177,0.1826,0.3023,0.0000,0.2558,intermediate,0,16.870,20.0
1179,16.287,0.1804,0.3478,0.0000,0.1957,intermediate,0,0.894,20.0
1180,25.174,0.1568,0.2727,0.0000,0.2045,intermediate,0,7.474,30.0
1181,15.462,0.1288,0.2121,0.0000,0.1818,intermediate,0,7.054,20.0
1182,32.537,0.1750,0.2692,0.0000,0.2692,intermediate,0,42.732,40.0
1183,29.065,0.1743,0.2286,0.1714,0.1143,intermediate,0,11.333,30.0
1184,3.307,0.2250,0.2609,0.1957,0.2174,intermediate,0,5.399,6.0
1185,28.376,0.2064,0.2308,0.2051,0.1795,intermediate,0,37.789,30.0
1186,2.613,0.1477,0.2273,0.0000,0.2273,intermediate,0,6.576,6.0
1187,20.909,0.1878,0.2889,0.0000,0.2889,intermediate,0,27.605,30.0
1188,23.784,0.2511,0.3333,0.1556,0.2667,crystalline,0,9.487,30.0
1189,5.653,0.2263,0.2750,0.2000,0.2000,intermediate,0,3.875,6.0
1190,6.719,0.1989,0.2727,0.1591,0.1591,intermediate,0,-0.093,10.0
1191,6.469,0.0750,0.1154,0.0000,0.1154,amorphous,0,5.943,10.0
1192,31.873,0.1000,0.1739,0.0000,0.1304,intermediate,0,47.247,40.0
1193,25.052,0.1750,0.3333,0.0000,0.1944,intermediate,0,8.982,30.0
1194,22.072,0.2964,0.4048,0.2381,0.2381,crystalline,0,28.476,30.0
1195,8.280,0.2184,0.2857,0.1633,0.2041,intermediate,0,-0.254,10.0
1196,13.231,0.2564,0.3404,0.1915,0.2340,crystalline,0,1.786,20.0
1197,21.319,0.1783,0.3043,0.0000,0.2391,intermediate,0,5.705,30.0
1198,12.636,0.3261,0.4130,0.2391,0.3261,crystalline,0,0.532,20.0
1199,6.884,0.3074,0.4468,0.2128,0.2553,crystalline,0,1.494,10.0
1200,23.736,0.2554,0.3261,0.2174,0.2174,crystalline,0,29.617,30.0
1201,32.506,0.2550,0.2667,0.2333,0.2667,crystalline,0,40.527,40.0
1202,7.804,0.1862,0.3404,0.1915,0.0000,intermediate,0,8.730,10.0
1203,25.089,0.1907,0.2593,0.0000,0.3333,intermediate,0,31.998,30.0
1204,20.526,0.1560,0.2619,0.0000,0.2143,intermediate,0,3.353,30.0
1205,33.028,0.1955,0.3636,0.0000,0.2273,intermediate,0,43.734,40.0
1206,14.786,0.2419,0.3256,0.1860,0.2093,intermediate,0,-0.438,20.0
1207,8.485,0.1878,0.3265,0.0000,0.2449,intermediate,0,7.473,10.0
1208,8.914,0.2262,0.2857,0.2381,0.1429,intermediate,0,12.630,10.0
1209,21.124,0.1866,0.2195,0.1463,0.1951,intermediate,0,5.142,30.0
1210,5.953,0.2262,0.2143,0.1667,0.3095,intermediate,0,10.751,6.0
1211,13.068,0.2889,0.3556,0.2222,0.2889,crystalline,0,-0.426,20.0
1212,13.491,0.2671,0.3171,0.1951,0.2927,crystalline,0,3.126,20.0
1213,19.638,0.1320,0.2400,0.0000,0.1600,intermediate,0,10.615,20.0
1214,8.666,0.1243,0.2162,0.0000,0.1622,intermediate,0,8.787,10.0
1215,25.689,0.1354,0.2195,0.0000,0.1951,intermediate,0,32.450,30.0
1216,7.729,0.1579,0.1579,0.1579,0.1579,intermediate,0,4.901,10.0
1217,26.872,0.1927,0.3415,0.0000,0.2439,intermediate,0,13.428,30.0
1218,11.846,0.2425,0.2750,0.2250,0.2250,intermediate,0,3.067,20.0
1219,16.187,0.2771,0.3333,0.2083,0.2917,crystalline,0,21.722,20.0
1220,30.770,0.1422,0.2188,0.0000,0.2188,intermediate,0,39.374,40.0
1221,8.914,0.1453,0.2558,0.0000,0.1860,intermediate,0,-1.592,10.0
1222,21.405,0.2739,0.3636,0.2045,0.2500,crystalline,0,6.706,30.0
1223,11.042,0.1724,0.2895,0.0000,0.2368,intermediate,0,2.321,20.0
1224,31.453,0.1460,0.2800,0.0000,0.1600,intermediate,0,18.408,40.0
1225,9.760,0.1268,0.1786,0.0000,0.2143,intermediate,0,5.542,10.0
1226,15.298,0.1557,0.2500,0.0000,0.2273,intermediate,0,2.919,20.0
1227,8.375,0.2233,0.2667,0.2000,0.2000,intermediate,0,1.336,10.0
1228,16.400,0.1913,0.2250,0.1500,0.2000,intermediate,0,2.275,20.0
1229,24.190,0.1921,0.3684,0.0000,0.2105,intermediate,0,10.644,30.0
1230,9.599,0.2441,0.3529,0.1765,0.1961,intermediate,0,7.436,10.0
1231,25.028,0.2667,0.3000,0.2333,0.2667,crystalline,0,35.453,30.0
1232,33.361,0.1917,0.1667,0.1667,0.2500,intermediate,0,42.412,40.0
1233,30.846,0.1147,0.1765,0.0000,0.1765,intermediate,0,39.209,40.0
1234,33.120,0.2000,0.4000,0.0000,0.2000,intermediate,0,28.949,40.0
1235,10.617,0.2086,0.2759,0.1724,0.1724,intermediate,0,13.354,20.0
1236,7.233,0.2163,0.2326,0.1860,0.2326,intermediate,0,7.992,10.0
1237,23.541,0.1500,0.2857,0.0000,0.1667,intermediate,0,3.233,30.0
1238,7.340,0.2187,0.3000,0.1750,0.1750,intermediate,0,6.841,10.0
1239,30.662,0.2594,0.2188,0.2812,0.2812,crystalline,0,37.559,40.0
1240,15.425,0.2138,0.2766,0.1702,0.1915,intermediate,0,17.596,20.0
1241,10.252,0.1115,0.1538,0.0000,0.1923,intermediate,0,14.350,20.0
1242,10.452,0.1800,0.2667,0.0000,0.2889,intermediate,0,0.986,20.0
1243,11.332,0.1830,0.2045,0.1818,0.1591,intermediate,0,0.357,20.0
1244,28.573,0.1600,0.2857,0.0000,0.2000,intermediate,0,37.071,30.0
1245,7.361,0.1894,0.3404,0.0000,0.2340,intermediate,0,-1.064,10.0
1246,13.100,0.2430,0.3488,0.1860,0.1860,intermediate,0,12.337,20.0
1247,33.209,0.2295,0.3182,0.1818,0.1818,intermediate,0,15.382,40.0
1248,30.308,0.2242,0.3030,0.1818,0.1818,intermediate,0,40.946,40.0
1249,6.819,0.2806,0.3673,0.2245,0.2449,crystalline,0,1.132,10.0
1250,8.529,0.1387,0.2250,0.0000,0.2000,intermediate,0,11.434,10.0
1251,26.339,0.3023,0.3721,0.2326,0.3023,crystalline,0,35.491,30.0
1252,22.029,0.1583,0.2857,0.1667,0.0000,intermediate,0,2.077,30.0
1253,10.027,0.1924,0.3261,0.0000,0.2609,intermediate,0,7.193,20.0
1254,12.681,0.2407,0.2791,0.2093,0.2326,intermediate,0,-1.481,20.0
1255,19.481,0.2390,0.3415,0.1951,0.1707,intermediate,0,1.918,20.0
1256,20.711,0.1478,0.2174,0.0000,0.2391,intermediate,0,23.193,30.0
1257,11.537,0.2512,0.3721,0.1860,0.1860,crystalline,0,12.290,20.0
1258,14.391,0.1833,0.2424,0.1515,0.1515,intermediate,0,4.229,20.0
1259,17.411,0.1660,0.2553,0.0000,0.2553,intermediate,0,0.207,20.0
1260,13.559,0.2683,0.3667,0.2000,0.2333,crystalline,0,4.346,20.0
1261,30.153,0.1958,0.2083,0.2083,0.1667,intermediate,0,44.612,40.0
1262,19.607,0.2953,0.3953,0.2093,0.2791,crystalline,0,2.754,20.0
1263,17.184,0.1385,0.2308,0.0000,0.1923,intermediate,0,8.248,20.0
1264,26.233,0.1345,0.2619,0.0000,0.1429,intermediate,0,6.451,30.0
1265,18.363,0.2023,0.2791,0.1395,0.1860,intermediate,0,1.219,20.0
1266,14.520,0.2173,0.2449,0.1837,0.2245,intermediate,0,15.424,20.0
1267,12.006,0.2768,0.3659,0.1951,0.2683,crystalline,0,-0.085,20.0
1268,28.597,0.2136,0.2727,0.1818,0.1818,intermediate,0,19.447,30.0
1269,15.748,0.1723,0.2553,0.0000,0.2766,intermediate,0,18.712,20.0
1270,18.004,0.2349,0.3256,0.1860,0.1860,intermediate,0,20.790,20.0
1271,26.219,0.1625,0.2500,0.0000,0.2500,intermediate,0,33.157,30.0
1272,10.041,0.1500,0.1515,0.1212,0.1818,intermediate,0,2.431,20.0
1273,8.054,0.2767,0.3556,0.2444,0.2222,crystalline,0,0.395,10.0
1274,31.708,0.1560,0.2400,0.0000,0.2400,intermediate,0,40.923,40.0
1275,9.393,0.2283,0.3043,0.2174,0.1522,intermediate,0,-1.050,10.0
1276,10.464,0.2760,0.3333,0.1875,0.3125,crystalline,0,-1.894,20.0
1277,25.632,0.3147,0.3824,0.2647,0.2941,crystalline,0,34.363,30.0
1278,10.698,0.2221,0.2353,0.1471,0.2941,intermediate,0,1.632,20.0
1279,10.538,0.2744,0.3333,0.2222,0.2667,crystalline,0,12.319,20.0
1280,34.836,0.2474,0.3158,0.2105,0.2105,intermediate,0,42.218,40.0
1281,8.330,0.1362,0.2414,0.0000,0.1724,intermediate,0,9.885,10.0
1282,8.652,0.2871,0.3429,0.2571,0.2571,crystalline,0,6.228,10.0
1283,30.341,0.2174,0.3043,0.1304,0.2174,intermediate,0,11.948,40.0
1284,20.469,0.3237,0.3421,0.2895,0.3421,crystalline,0,25.026,30.0
1285,19.608,0.2926,0.2963,0.2222,0.3704,crystalline,0,23.437,20.0
1286,7.448,0.2628,0.3404,0.1915,0.2553,crystalline,0,3.150,10.0
1287,9.596,0.2878,0.4082,0.2041,0.2449,crystalline,0,0.248,10.0
1288,6.528,0.2646,0.3125,0.2292,0.2500,crystalline,0,-0.498,10.0
1289,30.098,0.1278,0.2222,0.0000,0.1667,intermediate,0,10.159,30.0
1290,24.043,0.2861,0.2778,0.2778,0.3056,crystalline,0,28.846,30.0
1291,14.972,0.2045,0.2727,0.1364,0.2045,intermediate,0,15.264,20.0
1292,20.958,0.1667,0.2667,0.0000,0.2444,intermediate,0,24.138,30.0
1293,18.468,0.1963,0.2439,0.1707,0.1707,intermediate,0,20.634,20.0
1294,17.464,0.2191,0.3235,0.0000,0.3529,intermediate,0,19.715,20.0
1295,11.169,0.1967,0.2391,0.1739,0.1739,intermediate,0,-2.706,20.0
1296,24.655,0.2458,0.2083,0.2083,0.3333,intermediate,0,29.684,30.0
1297,5.103,0.0868,0.1579,0.0000,0.1053,amorphous,0,7.004,6.0
1298,10.262,0.1735,0.2941,0.0000,0.2353,intermediate,0,2.971,20.0
1299,31.789,0.1325,0.2500,0.0000,0.1500,intermediate,0,22.450,40.0
1300,32.054,0.1179,0.2143,0.0000,0.1429,intermediate,0,44.388,40.0
1301,28.157,0.1181,0.1944,0.0000,0.1667,intermediate,0,14.264,30.0
1302,8.366,0.2702,0.3617,0.1915,0.2553,crystalline,0,-1.492,10.0
1303,9.687,0.1800,0.2667,0.0000,0.2889,intermediate,0,-2.663,10.0
1304,13.580,0.2967,0.3478,0.2391,0.3043,crystalline,0,-0.669,20.0
1305,32.729,0.1341,0.2273,0.0000,0.1818,intermediate,0,41.404,40.0
1306,31.108,0.2020,0.2000,0.2400,0.1600,intermediate,0,43.673,40.0
1307,23.884,0.2602,0.3061,0.2449,0.2245,crystalline,0,2.406,30.0
1308,20.599,0.1204,0.1852,0.0000,0.1852,intermediate,0,5.893,30.0
1309,10.989,0.2691,0.2766,0.2553,0.2766,crystalline,0,13.268,20.0
1310,21.089,0.1912,0.3750,0.0000,0.2000,intermediate,0,5.589,30.0
1311,17.074,0.2489,0.3191,0.1915,0.2340,intermediate,0,14.898,20.0
1312,32.432,0.1261,0.1739,0.0000,0.2174,intermediate,0,11.144,40.0
1313,13.547,0.2135,0.3784,0.0000,0.2703,intermediate,0,0.479,20.0
1314,23.476,0.0829,0.2368,0.0000,0.0000,amorphous,0,27.784,30.0
1315,11.833,0.2944,0.2963,0.2593,0.3333,crystalline,0,4.866,20.0
1316,19.792,0.2600,0.3111,0.2222,0.2444,crystalline,0,20.397,30.0
1317,31.240,0.1333,0.2222,0.0000,0.1852,intermediate,0,17.408,40.0
1318,11.875,0.1804,0.3478,0.0000,0.1957,intermediate,0,9.973,20.0
1319,27.080,0.2667,0.3846,0.1795,0.2308,crystalline,0,34.009,30.0
1320,33.875,0.1031,0.1875,0.0000,0.1250,intermediate,0,21.459,40.0
1321,28.512,0.1324,0.2162,0.0000,0.1892,intermediate,0,7.535,30.0
1322,11.004,0.2000,0.2500,0.1250,0.2292,intermediate,0,1.812,20.0
1323,34.517,0.1808,0.3846,0.0000,0.1538,intermediate,0,27.186,40.0
1324,25.956,0.2456,0.3333,0.1778,0.2222,intermediate,0,28.646,30.0
1325,25.328,0.1920,0.2500,0.1818,0.1364,intermediate,0,3.618,30.0
1326,26.313,0.2103,0.3103,0.1724,0.1379,intermediate,0,8.113,30.0
1327,24.897,0.2910,0.3333,0.2564,0.2821,crystalline,0,30.494,30.0
1328,9.222,0.2333,0.3077,0.2051,0.1795,intermediate,0,7.615,10.0
1329,28.767,0.2577,0.3333,0.2051,0.2308,crystalline,0,35.052,30.0
1330,8.305,0.1204,0.1852,0.0000,0.1852,intermediate,0,3.332,10.0
1331,18.393,0.2453,0.2791,0.1628,0.3023,intermediate,0,21.105,20.0
1332,18.400,0.2407,0.2791,0.2093,0.2326,intermediate,0,19.811,20.0
1333,21.766,0.2405,0.2857,0.2381,0.1905,intermediate,0,26.203,30.0
1334,14.557,0.2306,0.2857,0.1633,0.2449,intermediate,0,14.205,20.0
1335,10.670,0.2457,0.2826,0.1957,0.2609,intermediate,0,1.075,20.0
1336,9.458,0.2308,0.2308,0.2308,0.2308,intermediate,0,8.703,10.0
1337,14.494,0.2628,0.3191,0.2128,0.2553,crystalline,0,-3.075,20.0
1338,24.364,0.2233,0.3000,0.1667,0.2000,intermediate,0,9.146,30.0
1339,12.428,0.2467,0.3696,0.1304,0.2391,intermediate,0,9.986,20.0
1340,13.400,0.2580,0.3182,0.2045,0.2500,crystalline,0,-3.244,20.0
1341,20.966,0.2091,0.3182,0.1818,0.1136,intermediate,0,-0.620,30.0
1342,27.712,0.2375,0.2500,0.2143,0.2500,intermediate,0,32.362,30.0
1343,4.860,0.1591,0.1818,0.1364,0.1591,intermediate,0,5.326,6.0
1344,23.097,0.1500,0.1951,0.1707,0.0732,intermediate,0,3.909,30.0
1345,18.557,0.2207,0.3478,0.1522,0.1522,intermediate,0,-0.739,20.0
1346,10.431,0.2520,0.3265,0.1837,0.2449,crystalline,0,3.107,20.0
1347,14.559,0.1767,0.3333,0.0000,0.2000,intermediate,0,-1.172,20.0
1348,28.421,0.2500,0.2778,0.2222,0.2500,crystalline,0,34.261,30.0
1349,14.400,0.2631,0.3571,0.1905,0.2381,crystalline,0,-2.512,20.0
1350,19.725,0.3116,0.4186,0.2326,0.2791,crystalline,0,1.711,20.0
1351,15.943,0.2196,0.3043,0.1739,0.1739,intermediate,0,14.124,20.0
1352,19.321,0.1587,0.3043,0.0000,0.1739,intermediate,0,19.222,20.0
1353,22.022,0.2567,0.2667,0.2667,0.2333,crystalline,0,26.135,30.0
1354,9.310,0.2786,0.3265,0.2245,0.2857,crystalline,0,2.097,10.0
1355,31.408,0.1550,0.1667,0.1333,0.1667,intermediate,0,37.659,40.0
1356,34.251,0.1636,0.2727,0.0000,0.2273,intermediate,0,14.083,40.0
1357,14.870,0.2132,0.3158,0.0000,0.3421,intermediate,0,15.856,20.0
1358,22.710,0.2033,0.3333,0.0000,0.2889,intermediate,0,26.752,30.0
1359,13.354,0.1429,0.2857,0.0000,0.1429,intermediate,0,14.211,20.0
1360,14.403,0.2000,0.4000,0.0000,0.2000,intermediate,0,9.584,20.0
1361,32.489,0.2000,0.2800,0.1200,0.2000,intermediate,0,11.407,40.0
1362,7.670,0.1095,0.1905,0.0000,0.1429,intermediate,0,6.485,10.0
1363,26.037,0.1547,0.2791,0.1628,0.0000,intermediate,0,29.537,30.0
1364,13.097,0.1793,0.3261,0.0000,0.2174,intermediate,0,-0.808,20.0
1365,2.856,0.2134,0.2927,0.1707,0.1707,intermediate,0,1.229,6.0
1366,21.953,0.2583,0.3667,0.2000,0.2000,crystalline,0,6.640,30.0
1367,19.494,0.2106,0.3939,0.0000,0.2424,intermediate,0,2.879,20.0
1368,19.610,0.2477,0.3023,0.1860,0.2558,intermediate,0,-1.710,20.0
1369,3.328,0.2857,0.3810,0.1905,0.2857,crystalline,0,0.082,6.0
1370,23.598,0.2772,0.3696,0.2174,0.2391,crystalline,0,25.905,30.0
1371,8.128,0.1716,0.2955,0.0000,0.2273,intermediate,0,6.943,10.0
1372,18.057,0.1461,0.2368,0.0000,0.2105,intermediate,0,1.780,20.0
1373,33.001,0.1463,0.2593,0.0000,0.1852,intermediate,0,11.308,40.0
1374,9.514,0.0875,0.2500,0.0000,0.0000,amorphous,0,1.953,10.0
1375,31.336,0.1820,0.2800,0.0000,0.2800,intermediate,0,9.318,40.0
1376,31.591,0.1440,0.2400,0.0000,0.2000,intermediate,0,8.351,40.0
1377,33.404,0.1711,0.2632,0.0000,0.2632,intermediate,0,9.349,40.0
1378,4.672,0.2228,0.2609,0.1522,0.2609,intermediate,0,2.535,6.0
1379,13.571,0.1900,0.3333,0.0000,0.2444,intermediate,0,-4.006,20.0
1380,8.537,0.2136,0.2424,0.2121,0.1818,intermediate,0,6.125,10.0
1381,13.481,0.2707,0.3659,0.2195,0.2195,crystalline,0,0.262,20.0
1382,21.865,0.1925,0.3250,0.2250,0.0000,intermediate,0,24.895,30.0
1383,9.650,0.0673,0.1923,0.0000,0.0000,amorphous,0,3.461,10.0
1384,17.848,0.1859,0.3261,0.0000,0.2391,intermediate,0,-2.820,20.0
1385,12.581,0.2223,0.3617,0.1277,0.1702,intermediate,0,8.668,20.0
1386,29.323,0.1314,0.2286,0.0000,0.1714,intermediate,0,5.279,30.0
1387,12.099,0.2830,0.3864,0.2273,0.2273,crystalline,0,-3.081,20.0
1388,16.538,0.2058,0.2308,0.1923,0.1923,intermediate,0,15.682,20.0
1389,23.661,0.2160,0.2766,0.2128,0.1489,intermediate,0,-0.313,30.0
1390,12.162,0.2662,0.3500,0.1750,0.2750,crystalline,0,-1.891,20.0
1391,17.691,0.2263,0.2500,0.2250,0.2000,intermediate,0,-2.999,20.0
1392,8.242,0.2391,0.2609,0.2174,0.2391,intermediate,0,7.929,10.0
1393,34.869,0.2324,0.2353,0.1765,0.2941,intermediate,0,41.245,40.0
1394,29.308,0.1694,0.2903,0.0000,0.2258,intermediate,0,5.726,30.0
1395,17.130,0.2081,0.2703,0.1622,0.1892,intermediate,0,14.536,20.0
1396,20.537,0.1966,0.2069,0.2069,0.1724,intermediate,0,20.013,30.0
1397,20.258,0.1302,0.2326,0.0000,0.1628,intermediate,0,0.031,30.0
1398,34.188,0.1029,0.2941,0.0000,0.0000,amorphous,0,21.408,40.0
1399,8.032,0.2870,0.3400,0.2400,0.2800,crystalline,0,1.528,10.0
1400,14.109,0.2182,0.4091,0.0000,0.2500,intermediate,0,8.920,20.0
1401,22.733,0.2761,0.3261,0.2391,0.2609,crystalline,0,24.824,30.0
1402,23.628,0.3083,0.3333,0.2333,0.3667,crystalline,0,25.965,30.0
1403,25.344,0.1097,0.2581,0.0000,0.0645,amorphous,0,5.457,30.0
1404,21.881,0.1628,0.3191,0.0000,0.1702,intermediate,0,-1.697,30.0
1405,21.428,0.1787,0.2766,0.2340,0.0000,intermediate,0,22.571,30.0
1406,19.672,0.2673,0.2692,0.2308,0.3077,crystalline,0,20.614,20.0
1407,32.486,0.1250,0.1923,0.0000,0.1923,intermediate,0,38.060,40.0
1408,16.709,0.2744,0.3333,0.2222,0.2667,crystalline,0,-4.242,20.0
1409,33.238,0.1828,0.3448,0.0000,0.2069,intermediate,0,8.519,40.0
1410,5.416,0.2012,0.3500,0.2250,0.0000,intermediate,0,-1.739,6.0
1411,32.309,0.1229,0.2083,0.0000,0.1667,intermediate,0,38.539,40.0
1412,33.326,0.1208,0.1667,0.0000,0.2083,intermediate,0,40.608,40.0
1413,12.061,0.1873,0.3333,0.0000,0.2353,intermediate,0,4.668,20.0
1414,28.590,0.0583,0.1667,0.0000,0.0000,amorphous,0,13.090,30.0
1415,30.454,0.1750,0.2692,0.0000,0.2692,intermediate,0,36.220,30.0
1416,20.973,0.2361,0.3889,0.0000,0.3333,intermediate,0,22.276,30.0
1417,19.992,0.1845,0.2069,0.1724,0.1724,intermediate,0,3.029,20.0
1418,21.803,0.1674,0.2791,0.0000,0.2326,intermediate,0,19.008,30.0
1419,17.074,0.2167,0.3333,0.1333,0.1778,intermediate,0,13.781,20.0
1420,18.805,0.2561,0.3902,0.1951,0.1707,crystalline,0,-2.252,20.0
1421,26.905,0.2148,0.2963,0.0000,0.3704,intermediate,0,29.754,30.0
1422,33.039,0.0921,0.1579,0.1053,0.0000,amorphous,0,18.111,40.0
1423,16.981,0.2365,0.2292,0.2500,0.2292,intermediate,0,17.279,20.0
1424,14.639,0.2932,0.3636,0.1818,0.3409,crystalline,0,-3.549,20.0
1425,31.536,0.1411,0.2500,0.0000,0.1786,intermediate,0,5.538,40.0
1426,31.612,0.1552,0.2069,0.0000,0.2759,intermediate,0,40.715,40.0
1427,28.099,0.2000,0.3684,0.0000,0.2368,intermediate,0,4.464,30.0
1428,29.859,0.0800,0.2286,0.0000,0.0000,amorphous,0,4.477,30.0
1429,12.263,0.1470,0.2121,0.0000,0.2424,intermediate,0,10.411,20.0
1430,18.938,0.2573,0.3902,0.2195,0.1463,crystalline,0,-1.051,20.0
1431,16.721,0.2500,0.3191,0.2128,0.2128,crystalline,0,14.924,20.0
1432,10.445,0.2115,0.3958,0.2083,0.0000,intermediate,0,-4.115,20.0
1433,14.826,0.2889,0.3556,0.2222,0.2889,crystalline,0,-4.521,20.0
1434,27.886,0.2014,0.2571,0.1714,0.1714,intermediate,0,32.108,30.0
1435,31.914,0.2326,0.2609,0.2174,0.2174,intermediate,0,36.774,40.0
1436,30.973,0.2241,0.3448,0.0000,0.3448,intermediate,0,8.171,40.0
1437,13.347,0.2095,0.2703,0.1892,0.1622,intermediate,0,10.290,20.0
1438,7.550,0.2188,0.2500,0.1875,0.2188,intermediate,0,-0.372,10.0
1439,21.561,0.1723,0.2553,0.0000,0.2766,intermediate,0,20.200,30.0
1440,12.765,0.1617,0.2979,0.0000,0.1915,intermediate,0,4.486,20.0
1441,21.827,0.1784,0.2955,0.0000,0.2500,intermediate,0,22.657,30.0
1442,30.243,0.0917,0.1667,0.0000,0.1111,amorphous,0,6.428,40.0
1443,22.126,0.1651,0.2326,0.1395,0.1163,intermediate,0,1.485,30.0
1444,18.002,0.1969,0.3750,0.0000,0.2188,intermediate,0,16.852,20.0
1445,26.606,0.2548,0.3333,0.1905,0.2381,crystalline,0,31.610,30.0
1446,26.886,0.1053,0.1915,0.0000,0.1277,intermediate,0,2.623,30.0
1447,31.091,0.2032,0.2258,0.1613,0.2258,intermediate,0,34.242,40.0
1448,18.105,0.2134,0.2195,0.2439,0.1707,intermediate,0,15.667,20.0
1449,14.957,0.2517,0.3448,0.1379,0.2759,crystalline,0,-0.714,20.0
1450,14.284,0.2602,0.3409,0.2273,0.2045,crystalline,0,9.154,20.0
1451,27.776,0.2719,0.3125,0.2500,0.2500,crystalline,0,31.477,30.0
1452,11.776,0.2244,0.2791,0.1628,0.2326,intermediate,0,1.203,20.0
1453,31.298,0.1800,0.3000,0.0000,0.2500,intermediate,0,39.804,40.0
1454,28.651,0.2926,0.3529,0.2059,0.3235,crystalline,0,5.267,30.0
1455,22.764,0.2525,0.3750,0.1750,0.2000,crystalline,0,0.532,30.0
1456,33.192,0.1614,0.2273,0.0000,0.2727,intermediate,0,39.798,40.0
1457,24.971,0.2860,0.3488,0.2093,0.3023,crystalline,0,27.590,30.0
1458,20.375,0.1404,0.2553,0.0000,0.1702,intermediate,0,-3.051,30.0
1459,11.734,0.2576,0.3261,0.2609,0.1739,crystalline,0,-3.904,20.0
1460,11.620,0.1870,0.3478,0.0000,0.2174,intermediate,0,4.250,20.0
1461,13.156,0.2628,0.3256,0.1860,0.2791,crystalline,0,-5.729,20.0
1462,13.172,0.1852,0.2955,0.0000,0.2727,intermediate,0,0.920,20.0
1463,13.082,0.1457,0.2340,0.0000,0.2128,intermediate,0,11.997,20.0
1464,12.402,0.2533,0.3111,0.2222,0.2222,crystalline,0,-5.493,20.0
1465,11.480,0.2340,0.2979,0.1702,0.2340,intermediate,0,2.235,20.0
1466,31.071,0.2288,0.4231,0.0000,0.2692,intermediate,0,8.979,40.0
1467,11.441,0.2632,0.3158,0.2105,0.2632,crystalline,0,3.392,20.0
1468,28.496,0.1697,0.2424,0.2424,0.0000,intermediate,0,1.599,30.0
1469,26.247,0.2195,0.2683,0.1707,0.2195,intermediate,0,1.550,30.0
1470,25.567,0.2034,0.3864,0.0000,0.2273,intermediate,0,24.720,30.0
1471,31.549,0.1810,0.2069,0.1034,0.2414,intermediate,0,5.533,40.0
1472,33.919,0.2350,0.3000,0.2000,0.2000,intermediate,0,10.590,40.0
1473,11.048,0.1739,0.3478,0.0000,0.1739,intermediate,0,-2.453,20.0
1474,33.489,0.1932,0.3182,0.0000,0.2727,intermediate,0,11.769,40.0
1475,31.399,0.1629,0.3429,0.0000,0.1429,intermediate,0,4.862,40.0
1476,13.809,0.1989,0.4043,0.0000,0.1915,intermediate,0,8.426,20.0
1477,28.030,0.2268,0.4390,0.0000,0.2439,intermediate,0,31.345,30.0
1478,19.148,0.2781,0.3750,0.1875,0.2708,crystalline,0,-4.593,20.0
1479,12.910,0.2022,0.3778,0.2000,0.0000,intermediate,0,9.515,20.0
1480,17.374,0.2425,0.3000,0.2000,0.2250,intermediate,0,-2.203,20.0
1481,7.531,0.3287,0.4255,0.2766,0.2766,crystalline,0,-4.282,10.0
1482,26.499,0.1617,0.2333,0.0000,0.2667,intermediate,0,30.433,30.0
1483,31.235,0.1948,0.2069,0.1724,0.2069,intermediate,0,35.186,40.0
1484,10.967,0.2802,0.3750,0.2292,0.2292,crystalline,0,-2.399,20.0
1485,32.655,0.1500,0.2500,0.0000,0.2083,intermediate,0,39.538,40.0
1486,24.120,0.2011,0.2667,0.1556,0.1778,intermediate,0,-1.215,30.0
1487,31.861,0.1161,0.1935,0.0000,0.1613,intermediate,0,34.997,40.0
1488,20.164,0.2712,0.3846,0.1923,0.2308,crystalline,0,1.645,30.0
1489,14.420,0.2417,0.2333,0.2000,0.3000,intermediate,0,1.961,20.0
1490,26.629,0.1535,0.2791,0.0000,0.1860,intermediate,0,0.730,30.0
1491,13.061,0.2649,0.3830,0.1915,0.2128,crystalline,0,3.277,20.0
1492,18.977,0.1872,0.2558,0.0000,0.3256,intermediate,0,18.215,20.0
1493,13.935,0.2651,0.3488,0.2093,0.2326,crystalline,0,5.948,20.0
1494,27.018,0.1221,0.3488,0.0000,0.0000,amorphous,0,25.592,30.0
1495,18.982,0.2295,0.2955,0.2045,0.1818,intermediate,0,-3.600,20.0
1496,28.755,0.1527,0.1622,0.1351,0.1622,intermediate,0,3.558,30.0
1497,26.997,0.1725,0.3000,0.0000,0.2250,intermediate,0,28.201,30.0
1498,14.577,0.2000,0.3478,0.0000,0.2609,intermediate,0,3.378,20.0
1499,27.284,0.2393,0.3333,0.1667,0.2143,intermediate,0,30.353,30.0
1500,23.612,0.2444,0.2889,0.2000,0.2444,intermediate,0,23.797,30.0
1501,32.110,0.2043,0.2174,0.2174,0.1739,intermediate,0,7.799,40.0
1502,11.533,0.1830,0.3409,0.1818,0.0000,intermediate,0,-5.013,20.0
1503,32.908,0.1021,0.1667,0.1250,0.0000,intermediate,0,5.828,40.0
1504,15.674,0.2140,0.4400,0.0000,0.2000,intermediate,0,11.492,20.0
1505,27.372,0.1646,0.2917,0.0000,0.2083,intermediate,0,7.372,30.0
1506,21.219,0.1460,0.2800,0.0000,0.1600,intermediate,0,-4.488,30.0
1507,5.122,0.1605,0.2791,0.0000,0.2093,intermediate,0,1.470,6.0
1508,18.485,0.1439,0.2439,0.0000,0.1951,intermediate,0,-0.951,20.0
1509,15.549,0.2366,0.3171,0.1707,0.2195,intermediate,0,-5.074,20.0
1510,10.873,0.2207,0.3696,0.2609,0.0000,intermediate,0,-5.122,20.0
1511,5.207,0.1847,0.1944,0.1667,0.1944,intermediate,0,0.073,6.0
1512,13.573,0.2065,0.3478,0.0000,0.2826,intermediate,0,-6.720,20.0
1513,30.225,0.2088,0.3235,0.1471,0.1471,intermediate,0,2.020,40.0
1514,20.350,0.2216,0.2955,0.1818,0.1818,intermediate,0,-2.799,30.0
1515,27.906,0.2026,0.3590,0.0000,0.2564,intermediate,0,4.068,30.0
1516,25.835,0.1389,0.2444,0.0000,0.1778,intermediate,0,-0.360,30.0
1517,15.436,0.1686,0.2857,0.0000,0.2286,intermediate,0,13.203,20.0
1518,29.756,0.1608,0.2973,0.0000,0.1892,intermediate,0,0.763,30.0
1519,6.206,0.1237,0.2250,0.0000,0.1500,intermediate,0,2.624,6.0
1520,14.846,0.2457,0.2826,0.1957,0.2609,intermediate,0,-6.839,20.0
1521,19.398,0.2818,0.3333,0.2121,0.3030,crystalline,0,-2.178,20.0
1522,13.381,0.2367,0.2444,0.2222,0.2444,intermediate,0,-2.240,20.0
1523,12.342,0.2172,0.2414,0.1724,0.2414,intermediate,0,-3.183,20.0
1524,12.826,0.1713,0.2553,0.2340,0.0000,intermediate,0,4.800,20.0
1525,18.705,0.2884,0.3953,0.2093,0.2558,crystalline,0,-4.921,20.0
1526,15.919,0.2622,0.3243,0.2162,0.2432,crystalline,0,-0.576,20.0
1527,20.780,0.2250,0.2391,0.2174,0.2174,intermediate,0,16.853,30.0
1528,31.657,0.1788,0.1923,0.1538,0.1923,intermediate,0,35.281,40.0
1529,30.329,0.2426,0.4074,0.0000,0.3333,intermediate,0,7.840,40.0
1530,29.871,0.2171,0.2286,0.1714,0.2571,intermediate,0,33.142,30.0
1531,16.323,0.1985,0.3333,0.0000,0.2727,intermediate,0,-4.466,20.0
1532,20.091,0.2806,0.3673,0.2245,0.2449,crystalline,0,-5.663,30.0
1533,19.189,0.2817,0.3902,0.1220,0.3415,crystalline,0,-5.823,20.0
1534,12.581,0.2362,0.2979,0.2128,0.1915,intermediate,0,-3.500,20.0
1535,17.517,0.2326,0.3023,0.1628,0.2326,intermediate,0,11.478,20.0
1536,25.254,0.2121,0.2121,0.2121,0.2121,intermediate,0,25.768,30.0
1537,17.082,0.2000,0.3571,0.0000,0.2500,intermediate,0,-3.699,20.0
1538,32.240,0.2404,0.2308,0.1923,0.3077,intermediate,0,36.640,40.0
1539,25.989,0.2419,0.3256,0.1860,0.2093,intermediate,0,0.360,30.0
1540,14.715,0.2547,0.3023,0.1860,0.2791,crystalline,0,-6.495,20.0
1541,31.010,0.1095,0.1905,0.0000,0.1429,intermediate,0,6.366,40.0
1542,15.584,0.2489,0.2979,0.2128,0.2340,intermediate,0,-3.485,20.0
1543,13.855,0.1739,0.3478,0.0000,0.1739,intermediate,0,3.761,20.0
1544,21.779,0.1791,0.3721,0.0000,0.1628,intermediate,0,16.731,30.0
1545,34.347,0.1000,0.1538,0.0000,0.1538,intermediate,0,15.532,40.0
1546,10.414,0.3256,0.4186,0.2326,0.3256,crystalline,0,-5.774,20.0
1547,28.064,0.1967,0.3333,0.0000,0.2667,intermediate,0,5.130,30.0
1548,8.571,0.1788,0.1538,0.1923,0.1923,intermediate,0,0.698,10.0
1549,11.074,0.2452,0.2619,0.2143,0.2619,intermediate,0,6.653,20.0
1550,25.370,0.1989,0.2955,0.1364,0.1591,intermediate,0,-2.270,30.0
1551,20.518,0.1818,0.2273,0.1364,0.1818,intermediate,0,15.807,30.0
1552,12.033,0.2077,0.2692,0.1923,0.1538,intermediate,0,4.969,20.0
1553,18.720,0.2859,0.3913,0.2391,0.2174,crystalline,0,11.229,20.0
1554,24.520,0.1083,0.3095,0.0000,0.0000,amorphous,0,19.522,30.0
1555,17.567,0.1872,0.2979,0.0000,0.2766,intermediate,0,-6.967,20.0
1556,14.591,0.2833,0.3556,0.2444,0.2444,crystalline,0,-4.699,20.0
1557,26.265,0.3069,0.3889,0.2500,0.2778,crystalline,0,1.374,30.0
1558,12.883,0.2531,0.3061,0.2245,0.2245,crystalline,0,-0.733,20.0
1559,24.836,0.1929,0.2619,0.1667,0.1429,intermediate,0,22.913,30.0
1560,4.906,0.2989,0.4255,0.1915,0.2766,crystalline,0,-2.666,6.0
1561,30.738,0.1278,0.2222,0.0000,0.1667,intermediate,0,35.589,40.0
1562,16.364,0.2222,0.2593,0.1852,0.2222,intermediate,0,-3.547,20.0
1563,12.809,0.1479,0.2766,0.0000,0.1702,intermediate,0,-3.401,20.0
1564,12.043,0.2935,0.3913,0.2609,0.2174,crystalline,0,-6.837,20.0
1565,17.496,0.1646,0.2917,0.0000,0.2083,intermediate,0,0.810,20.0
1566,14.424,0.2012,0.2326,0.1628,0.2093,intermediate,0,-7.521,20.0
1567,24.200,0.2279,0.2791,0.2326,0.1628,intermediate,0,22.232,30.0
1568,29.653,0.1969,0.4062,0.1562,0.0000,intermediate,0,29.982,30.0
1569,10.052,0.1533,0.2667,0.0000,0.2000,intermediate,0,4.172,20.0
1570,28.029,0.1474,0.2632,0.0000,0.1842,intermediate,0,29.076,30.0
1571,12.832,0.1750,0.3571,0.0000,0.1667,intermediate,0,-5.283,20.0
1572,17.746,0.2967,0.3778,0.2222,0.2889,crystalline,0,13.770,20.0
1573,22.274,0.2185,0.2826,0.1739,0.1957,intermediate,0,19.132,30.0
1574,35.393,0.1324,0.1765,0.0000,0.2353,intermediate,0,38.712,40.0
1575,16.179,0.2943,0.3409,0.2273,0.3182,crystalline,0,-7.432,20.0
1576,10.664,0.1767,0.3256,0.0000,0.2093,intermediate,0,3.155,20.0
1577,24.479,0.1347,0.1944,0.0000,0.2222,intermediate,0,0.427,30.0
1578,13.115,0.1404,0.2553,0.0000,0.1702,intermediate,0,-0.750,20.0
1579,22.775,0.1573,0.2708,0.0000,0.2083,intermediate,0,-5.238,30.0
1580,8.110,0.2333,0.4000,0.2667,0.0000,intermediate,0,-3.714,10.0
1581,28.113,0.1207,0.2195,0.0000,0.1463,intermediate,0,-2.150,30.0
1582,3.953,0.2303,0.4211,0.2368,0.0000,intermediate,0,-4.375,6.0
1583,24.880,0.2667,0.3542,0.2292,0.2083,crystalline,0,22.275,30.0
1584,23.871,0.1958,0.2500,0.1667,0.1667,intermediate,0,-4.022,30.0
1585,22.723,0.2312,0.2500,0.2500,0.1875,intermediate,0,17.067,30.0
1586,31.983,0.1773,0.2727,0.0000,0.2727,intermediate,0,37.029,40.0
1587,14.272,0.1500,0.2727,0.0000,0.1818,intermediate,0,0.869,20.0
1588,5.217,0.1963,0.4146,0.0000,0.1707,intermediate,0,-5.406,6.0
1589,31.484,0.2424,0.3030,0.1818,0.2424,intermediate,0,31.067,40.0
1590,16.707,0.2562,0.3125,0.1875,0.2708,crystalline,0,-8.040,20.0
1591,21.653,0.2536,0.3333,0.1667,0.2619,crystalline,0,15.954,30.0
1592,16.223,0.2859,0.4565,0.1739,0.2174,crystalline,0,5.908,20.0
1593,19.846,0.1712,0.3333,0.0000,0.1818,intermediate,0,11.878,20.0
1594,15.786,0.2648,0.3636,0.1591,0.2727,crystalline,0,-8.196,20.0
1595,31.229,0.1437,0.2500,0.0000,0.1875,intermediate,0,0.942,40.0
1596,31.271,0.1475,0.2500,0.0000,0.2000,intermediate,0,8.981,40.0
1597,7.832,0.3025,0.4000,0.2500,0.2500,crystalline,0,-5.699,10.0
1598,13.621,0.1565,0.2258,0.0000,0.2581,intermediate,0,7.474,20.0
1599,26.877,0.2227,0.3182,0.1818,0.1591,intermediate,0,-3.220,30.0
1600,24.567,0.2554,0.3478,0.1957,0.2174,crystalline,0,-3.313,30.0
1601,10.666,0.2670,0.3182,0.2500,0.2273,crystalline,0,-1.183,20.0
1602,18.264,0.2011,0.2500,0.0909,0.2727,intermediate,0,14.533,20.0
1603,24.791,0.1659,0.2439,0.0000,0.2683,intermediate,0,-2.589,30.0
1604,33.229,0.1553,0.2632,0.0000,0.2105,intermediate,0,11.809,40.0
1605,22.872,0.1402,0.1957,0.0000,0.2391,intermediate,0,19.846,30.0
1606,18.517,0.2602,0.3864,0.1818,0.2045,crystalline,0,10.330,20.0
1607,32.146,0.1833,0.3333,0.0000,0.2222,intermediate,0,33.689,40.0
1608,17.232,0.2244,0.4419,0.0000,0.2326,intermediate,0,5.918,20.0
1609,21.803,0.2321,0.2857,0.2143,0.1905,intermediate,0,15.834,30.0
1610,23.876,0.2611,0.2963,0.2593,0.2222,crystalline,0,20.999,30.0
1611,23.410,0.2830,0.3409,0.2727,0.2273,crystalline,0,16.453,30.0
1612,25.415,0.1500,0.2727,0.0000,0.1818,intermediate,0,-4.567,30.0
1613,30.242,0.0883,0.1667,0.0000,0.1000,amorphous,0,2.825,40.0
1614,26.171,0.1361,0.2222,0.1667,0.0000,intermediate,0,-0.114,30.0
1615,14.305,0.1684,0.3061,0.0000,0.2041,intermediate,0,8.332,20.0
1616,14.521,0.1926,0.2963,0.0000,0.2963,intermediate,0,2.410,20.0
1617,27.793,0.1395,0.2632,0.0000,0.1579,intermediate,0,24.644,30.0
1618,15.506,0.1875,0.3214,0.0000,0.2500,intermediate,0,0.700,20.0
1619,19.514,0.2041,0.3514,0.0000,0.2703,intermediate,0,-6.036,20.0
1620,15.112,0.2057,0.2727,0.1591,0.1818,intermediate,0,0.105,20.0
1621,18.675,0.2721,0.3488,0.2093,0.2558,crystalline,0,-6.165,20.0
1622,19.126,0.2500,0.3556,0.2444,0.1333,intermediate,0,10.288,20.0
1623,33.115,0.1926,0.2963,0.0000,0.2963,intermediate,0,36.633,40.0
1624,19.580,0.2500,0.3913,0.1739,0.1739,intermediate,0,11.057,20.0
1625,23.077,0.2238,0.2857,0.1905,0.1905,intermediate,0,-6.346,30.0
1626,19.878,0.1694,0.2903,0.0000,0.2258,intermediate,0,-5.064,20.0
1627,25.040,0.2244,0.3333,0.1556,0.1778,intermediate,0,21.342,30.0
1628,23.265,0.2733,0.4419,0.1395,0.2326,crystalline,0,15.402,30.0
1629,30.099,0.2630,0.3478,0.2174,0.2174,crystalline,0,30.133,30.0
1630,20.301,0.1605,0.2791,0.0000,0.2093,intermediate,0,-6.484,30.0
1631,19.057,0.2420,0.2955,0.1818,0.2500,intermediate,0,-5.207,20.0
1632,13.572,0.1193,0.3409,0.0000,0.0000,amorphous,0,-1.959,20.0
1633,16.259,0.2375,0.3409,0.1818,0.1818,intermediate,0,9.324,20.0
1634,27.454,0.3429,0.3714,0.3143,0.3429,crystalline,0,26.657,30.0
1635,26.059,0.2800,0.3333,0.2667,0.2333,crystalline,0,0.162,30.0
1636,19.954,0.1807,0.3409,0.0000,0.2045,intermediate,0,-7.764,20.0
1637,13.995,0.1930,0.2558,0.1163,0.2093,intermediate,0,-2.059,20.0
1638,25.347,0.2811,0.3514,0.2432,0.2432,crystalline,0,21.108,30.0
1639,29.260,0.1550,0.2500,0.0000,0.2250,intermediate,0,-2.924,30.0
1640,27.514,0.2187,0.3000,0.1750,0.1750,intermediate,0,-1.381,30.0
1641,20.749,0.2198,0.3953,0.2326,0.0000,intermediate,0,9.931,30.0
1642,32.813,0.1580,0.2800,0.0000,0.2000,intermediate,0,1.993,40.0
1643,32.559,0.2381,0.2857,0.1905,0.2381,intermediate,0,35.909,40.0
1644,32.611,0.1625,0.2500,0.0000,0.2500,intermediate,0,34.174,40.0
1645,15.128,0.1667,0.2667,0.0000,0.2444,intermediate,0,9.150,20.0
1646,28.363,0.1458,0.2500,0.0000,0.1944,intermediate,0,-3.373,30.0
1647,15.812,0.1857,0.2857,0.0000,0.2857,intermediate,0,-1.903,20.0
1648,16.071,0.2433,0.3111,0.1556,0.2667,intermediate,0,-3.111,20.0
1649,22.990,0.1966,0.1818,0.2045,0.2045,intermediate,0,-3.620,30.0
1650,17.662,0.2846,0.3846,0.2308,0.2308,crystalline,0,6.499,20.0
1651,27.558,0.1475,0.2500,0.0000,0.2000,intermediate,0,21.811,30.0
1652,28.149,0.1529,0.2353,0.0000,0.2353,intermediate,0,27.429,30.0
1653,28.123,0.1537,0.2439,0.1951,0.0000,intermediate,0,25.602,30.0
1654,20.924,0.1677,0.2581,0.0000,0.2581,intermediate,0,-1.717,30.0
1655,30.590,0.1544,0.2647,0.0000,0.2059,intermediate,0,-1.978,40.0
1656,20.236,0.3056,0.3778,0.2667,0.2667,crystalline,0,-8.513,30.0
1657,14.713,0.1682,0.2727,0.0000,0.2424,intermediate,0,3.978,20.0
1658,19.553,0.2523,0.3721,0.2093,0.1628,crystalline,0,-8.595,20.0
1659,20.765,0.1909,0.2273,0.1818,0.1591,intermediate,0,16.149,30.0
1660,10.035,0.2147,0.4118,0.0000,0.2353,intermediate,0,-7.006,10.0
1661,26.450,0.1930,0.3721,0.0000,0.2093,intermediate,0,20.833,30.0
1662,30.296,0.1182,0.1818,0.0000,0.1818,intermediate,0,2.729,40.0
1663,13.276,0.2611,0.3333,0.2222,0.2222,crystalline,0,-7.647,20.0
1664,14.794,0.2437,0.3125,0.1875,0.2292,intermediate,0,-0.323,20.0
1665,17.384,0.1750,0.3696,0.0000,0.1522,intermediate,0,4.884,20.0
1666,21.839,0.1639,0.2778,0.0000,0.2222,intermediate,0,17.401,30.0
1667,28.904,0.1859,0.3333,0.0000,0.2308,intermediate,0,27.745,30.0
1668,16.329,0.2500,0.2812,0.2188,0.2500,crystalline,0,-7.353,20.0
1669,16.642,0.2631,0.3095,0.2381,0.2381,crystalline,0,-8.493,20.0
1670,17.572,0.2229,0.3125,0.1458,0.2083,intermediate,0,-4.544,20.0
1671,11.022,0.2692,0.3077,0.2308,0.2692,crystalline,0,-5.891,20.0
1672,25.898,0.1744,0.2889,0.0000,0.2444,intermediate,0,22.812,30.0
1673,9.612,0.2227,0.2727,0.1818,0.2121,intermediate,0,1.211,10.0
1674,33.780,0.1444,0.2222,0.0000,0.2222,intermediate,0,34.115,40.0
1675,16.726,0.1902,0.4130,0.0000,0.1522,intermediate,0,5.650,20.0
1676,17.875,0.2989,0.4773,0.1818,0.2273,crystalline,0,5.108,20.0
1677,25.006,0.2149,0.2432,0.1622,0.2432,intermediate,0,-3.590,30.0
1678,26.135,0.2136,0.2727,0.1818,0.1818,intermediate,0,-6.316,30.0
1679,15.525,0.1605,0.2791,0.0000,0.2093,intermediate,0,-1.795,20.0
1680,24.108,0.2136,0.2500,0.2045,0.1818,intermediate,0,-6.017,30.0
1681,5.485,0.2791,0.3488,0.2093,0.2791,crystalline,0,-3.837,6.0
1682,15.623,0.1606,0.2766,0.0000,0.2128,intermediate,0,-9.377,20.0
1683,24.889,0.1426,0.2059,0.0000,0.2353,intermediate,0,-2.362,30.0
1684,15.737,0.1674,0.2826,0.1957,0.0000,intermediate,0,1.077,20.0
1685,29.318,0.1250,0.2500,0.0000,0.1250,intermediate,0,-0.077,30.0
1686,6.277,0.2471,0.3235,0.2059,0.2059,intermediate,0,-2.893,10.0
1687,18.035,0.2512,0.2683,0.2195,0.2683,crystalline,0,-3.328,20.0
1688,15.045,0.1544,0.2889,0.0000,0.1778,intermediate,0,-7.944,20.0
1689,24.853,0.2481,0.3462,0.2308,0.1538,intermediate,0,-2.426,30.0
1690,32.911,0.1083,0.1667,0.0000,0.1667,intermediate,0,-0.699,40.0
1691,16.664,0.2000,0.4000,0.0000,0.2000,intermediate,0,0.560,20.0
1692,18.419,0.1552,0.2069,0.0000,0.2759,intermediate,0,11.986,20.0
1693,19.828,0.2500,0.2917,0.2083,0.2500,crystalline,0,-9.358,20.0
1694,12.245,0.1739,0.3409,0.0000,0.1818,intermediate,0,-8.003,20.0
1695,23.215,0.1050,0.3000,0.0000,0.0000,amorphous,0,-8.176,30.0
1696,18.117,0.2430,0.3488,0.1860,0.1860,intermediate,0,4.575,20.0
1697,8.674,0.2110,0.2927,0.1220,0.2195,intermediate,0,-1.182,10.0
1698,24.451,0.2393,0.3333,0.1667,0.2143,intermediate,0,16.873,30.0
1699,25.568,0.2167,0.3095,0.1667,0.1667,intermediate,0,-5.148,30.0
1700,31.959,0.2000,0.2174,0.1304,0.2609,intermediate,0,32.036,40.0
1701,28.968,0.1273,0.1818,0.0000,0.2121,intermediate,0,26.617,30.0
1702,17.062,0.2284,0.3636,0.1136,0.2045,intermediate,0,0.468,20.0
1703,20.557,0.2500,0.3333,0.2222,0.1852,intermediate,0,10.961,30.0
1704,11.471,0.1560,0.2619,0.0000,0.2143,intermediate,0,2.832,20.0
1705,32.713,0.1565,0.2609,0.0000,0.2174,intermediate,0,29.942,40.0
1706,34.035,0.1737,0.3158,0.0000,0.2105,intermediate,0,35.579,40.0
1707,25.301,0.2378,0.3111,0.1778,0.2222,intermediate,0,-7.170,30.0
1708,10.195,0.2523,0.3488,0.2326,0.1628,crystalline,0,-2.368,20.0
1709,16.739,0.2311,0.2889,0.2000,0.2000,intermediate,0,-9.351,20.0
1710,33.413,0.1341,0.2273,0.0000,0.1818,intermediate,0,-1.039,40.0
1711,21.441,0.1117,0.3191,0.0000,0.0000,amorphous,0,-9.246,30.0
1712,29.161,0.1217,0.1739,0.1739,0.0000,intermediate,0,26.629,30.0
1713,6.497,0.1125,0.3214,0.0000,0.0000,amorphous,0,-5.447,10.0
1714,28.220,0.1387,0.2250,0.0000,0.2000,intermediate,0,-5.991,30.0
1715,21.943,0.1862,0.2766,0.2553,0.0000,intermediate,0,-9.419,30.0
1716,12.911,0.1639,0.2778,0.0000,0.2222,intermediate,0,3.764,20.0
1717,31.213,0.1853,0.3529,0.0000,0.2059,intermediate,0,27.318,40.0
1718,12.166,0.2652,0.4130,0.1957,0.1739,crystalline,0,-9.718,20.0
1719,28.409,0.2000,0.2000,0.2000,0.2000,intermediate,0,-0.879,30.0
1720,22.338,0.2140,0.3721,0.0000,0.2791,intermediate,0,12.753,30.0
1721,30.362,0.1774,0.2581,0.0000,0.2903,intermediate,0,28.266,40.0
1722,23.841,0.2420,0.3000,0.2200,0.2000,intermediate,0,15.405,30.0
1723,27.270,0.1963,0.2683,0.1463,0.1707,intermediate,0,-4.165,30.0
1724,15.731,0.2276,0.2857,0.2245,0.1633,intermediate,0,-6.067,20.0
1725,21.011,0.2222,0.2778,0.1667,0.2222,intermediate,0,-9.125,30.0
1726,30.256,0.2800,0.3667,0.2333,0.2333,crystalline,0,26.293,40.0
1727,17.283,0.2630,0.3478,0.2174,0.2174,crystalline,0,-7.438,20.0
1728,29.971,0.3333,0.4074,0.2593,0.3333,crystalline,0,27.332,30.0
1729,26.874,0.2011,0.2667,0.1556,0.1778,intermediate,0,-6.989,30.0
1730,18.913,0.2011,0.3409,0.0000,0.2727,intermediate,0,-11.059,20.0
1731,33.031,0.2019,0.3462,0.0000,0.2692,intermediate,0,30.868,40.0
1732,20.115,0.2889,0.3556,0.2222,0.2889,crystalline,0,10.130,30.0
1733,20.902,0.2936,0.3846,0.2564,0.2308,crystalline,0,-9.909,30.0
1734,17.751,0.1739,0.3478,0.0000,0.1739,intermediate,0,0.849,20.0
1735,23.737,0.2268,0.2143,0.2500,0.2143,intermediate,0,13.870,30.0
1736,17.887,0.2420,0.2955,0.1818,0.2500,intermediate,0,-10.929,20.0
1737,23.748,0.2426,0.3191,0.1915,0.2128,intermediate,0,16.308,30.0
1738,24.649,0.2204,0.2222,0.1852,0.2593,intermediate,0,18.236,30.0
1739,15.824,0.1641,0.2826,0.0000,0.2174,intermediate,0,-8.984,20.0
1740,22.883,0.2307,0.2955,0.2273,0.1591,intermediate,0,-7.966,30.0
1741,19.897,0.2750,0.3600,0.2200,0.2400,crystalline,0,10.727,20.0
1742,18.414,0.2280,0.2800,0.2000,0.2000,intermediate,0,6.414,20.0
1743,16.243,0.1681,0.2979,0.0000,0.2128,intermediate,0,-6.289,20.0
1744,15.890,0.1791,0.3023,0.2093,0.0000,intermediate,0,-4.353,20.0
1745,24.483,0.1875,0.2292,0.1458,0.1875,intermediate,0,18.878,30.0
1746,16.608,0.2138,0.2766,0.1702,0.1915,intermediate,0,-10.274,20.0
1747,24.605,0.2239,0.3409,0.1818,0.1364,intermediate,0,-7.693,30.0
1748,20.410,0.1619,0.2381,0.0000,0.2619,intermediate,0,13.311,30.0
1749,24.736,0.2417,0.3056,0.1944,0.2222,intermediate,0,-6.465,30.0
1750,31.800,0.1517,0.2333,0.0000,0.2333,intermediate,0,-2.877,40.0
1751,18.684,0.2611,0.3611,0.1944,0.2222,crystalline,0,5.525,20.0
1752,18.092,0.1727,0.3182,0.0000,0.2045,intermediate,0,-0.560,20.0
1753,14.442,0.2385,0.3542,0.1667,0.1875,intermediate,0,-10.421,20.0
1754,24.237,0.2348,0.3043,0.2174,0.1739,intermediate,0,-2.388,30.0
1755,28.406,0.3103,0.3448,0.2759,0.3103,crystalline,0,23.805,30.0
1756,28.370,0.1550,0.2500,0.0000,0.2250,intermediate,0,20.694,30.0
1757,21.259,0.2100,0.2750,0.1750,0.1750,intermediate,0,-5.945,30.0
1758,16.277,0.1500,0.2308,0.0000,0.2308,intermediate,0,5.716,20.0
1759,7.324,0.2390,0.4146,0.2683,0.0000,intermediate,0,-8.095,10.0
1760,32.753,0.2227,0.3636,0.0000,0.3182,intermediate,0,-1.080,40.0
1761,13.885,0.2186,0.3023,0.1628,0.1860,intermediate,0,0.208,20.0
1762,32.760,0.0700,0.2000,0.0000,0.0000,amorphous,0,33.131,40.0
1763,10.925,0.2935,0.3913,0.2609,0.2174,crystalline,0,-6.582,20.0
1764,17.094,0.2456,0.2889,0.2222,0.2222,intermediate,0,-8.819,20.0
1765,22.468,0.1703,0.2703,0.2162,0.0000,intermediate,0,-9.553,30.0
1766,23.852,0.2037,0.2927,0.1220,0.1951,intermediate,0,-6.473,30.0
1767,18.164,0.2380,0.3261,0.1304,0.2609,intermediate,0,-0.371,20.0
1768,28.623,0.1662,0.3250,0.0000,0.1750,intermediate,0,21.755,30.0
1769,18.565,0.1971,0.3429,0.0000,0.2571,intermediate,0,-3.068,20.0
1770,32.940,0.1975,0.3500,0.0000,0.2500,intermediate,0,-0.181,40.0
1771,20.218,0.2620,0.3261,0.2174,0.2391,crystalline,0,-8.943,30.0
1772,20.874,0.2810,0.3810,0.2381,0.2143,crystalline,0,-10.569,30.0
1773,23.938,0.2814,0.3256,0.2791,0.2326,crystalline,0,12.973,30.0
1774,17.169,0.2524,0.3171,0.1951,0.2439,crystalline,0,-1.697,20.0
1775,22.039,0.1697,0.2727,0.2121,0.0000,intermediate,0,-4.609,30.0
1776,10.404,0.2311,0.2889,0.2000,0.2000,intermediate,0,-9.274,20.0
1777,19.018,0.2352,0.2727,0.2045,0.2273,intermediate,0,-12.016,20.0
1778,25.358,0.1600,0.2667,0.0000,0.2222,intermediate,0,-9.172,30.0
1779,17.191,0.2385,0.3333,0.1875,0.1875,intermediate,0,4.604,20.0
1780,29.531,0.2235,0.2353,0.1765,0.2647,intermediate,0,24.301,30.0
1781,16.019,0.1465,0.2791,0.0000,0.1628,intermediate,0,-0.740,20.0
1782,17.416,0.1937,0.3125,0.0000,0.2812,intermediate,0,-0.317,20.0
1783,18.811,0.2689,0.3333,0.2444,0.2222,crystalline,0,-10.001,20.0
1784,17.928,0.1581,0.2432,0.0000,0.2432,intermediate,0,8.002,20.0
1785,12.800,0.2821,0.3810,0.2619,0.1905,crystalline,0,-5.363,20.0
1786,33.259,0.1714,0.2857,0.0000,0.2381,intermediate,0,-1.851,40.0
1787,24.163,0.2432,0.2727,0.2273,0.2273,intermediate,0,12.895,30.0
1788,17.024,0.2261,0.3043,0.1739,0.1957,intermediate,0,5.370,20.0
1789,21.842,0.2895,0.4186,0.2093,0.2326,crystalline,0,7.551,30.0
1790,29.879,0.2432,0.2703,0.2162,0.2432,intermediate,0,-6.777,30.0
1791,16.921,0.1659,0.3182,0.0000,0.1818,intermediate,0,-7.441,20.0
1792,34.104,0.2357,0.2381,0.1905,0.2857,intermediate,0,32.870,40.0
1793,25.021,0.1755,0.3333,0.0000,0.1961,intermediate,0,-9.936,30.0
1794,33.344,0.1761,0.2174,0.1739,0.1304,intermediate,0,0.131,40.0
1795,31.281,0.2019,0.3462,0.0000,0.2692,intermediate,0,-3.649,40.0
1796,27.745,0.2110,0.4146,0.0000,0.2195,intermediate,0,18.377,30.0
1797,26.161,0.2250,0.2619,0.2381,0.1667,intermediate,0,-8.145,30.0
1798,33.064,0.1905,0.2381,0.1429,0.1905,intermediate,0,-3.827,40.0
1799,14.384,0.2542,0.3542,0.2292,0.1667,crystalline,0,-7.442,20.0
1800,20.433,0.1783,0.3043,0.0000,0.2391,intermediate,0,-11.969,30.0
1801,15.875,0.2724,0.3158,0.2368,0.2632,crystalline,0,-11.075,20.0
1802,22.553,0.1676,0.2703,0.0000,0.2432,intermediate,0,14.411,30.0
1803,9.997,0.1886,0.3429,0.0000,0.2286,intermediate,0,-9.703,20.0
1804,25.492,0.2733,0.3953,0.1860,0.2326,crystalline,0,12.460,30.0
1805,33.771,0.1053,0.2105,0.0000,0.1053,amorphous,0,32.070,40.0
1806,32.363,0.2423,0.2692,0.1923,0.2692,intermediate,0,29.244,40.0
1807,22.066,0.2798,0.4286,0.1667,0.2381,crystalline,0,7.448,30.0
1808,26.602,0.1522,0.2444,0.0000,0.2222,intermediate,0,19.842,30.0
1809,27.589,0.2923,0.3846,0.2308,0.2564,crystalline,0,18.376,30.0
1810,32.291,0.1659,0.1818,0.1364,0.1818,intermediate,0,28.244,40.0
1811,31.537,0.1880,0.2400,0.1600,0.1600,intermediate,0,-1.058,40.0
1812,31.683,0.1667,0.3333,0.0000,0.1667,intermediate,0,-4.821,40.0
1813,21.202,0.2478,0.3043,0.2174,0.2174,intermediate,0,-12.444,30.0
1814,19.222,0.1480,0.2653,0.0000,0.1837,intermediate,0,-5.984,20.0
1815,22.183,0.2000,0.2400,0.1600,0.2000,intermediate,0,-10.044,30.0
1816,17.611,0.1089,0.3111,0.0000,0.0000,amorphous,0,-4.890,20.0
1817,11.153,0.2466,0.3636,0.2045,0.1591,intermediate,0,-10.846,20.0
1818,28.437,0.2141,0.2564,0.1795,0.2051,intermediate,0,-7.998,30.0
1819,20.774,0.2355,0.2903,0.1613,0.2581,intermediate,0,-4.025,30.0
1820,10.966,0.2410,0.3077,0.2051,0.2051,intermediate,0,-2.520,20.0
1821,31.063,0.1466,0.2414,0.0000,0.2069,intermediate,0,-5.735,40.0
1822,26.658,0.1978,0.2391,0.1957,0.1522,intermediate,0,-9.819,30.0
1823,27.353,0.1643,0.2857,0.0000,0.2143,intermediate,0,-3.534,30.0
1824,17.262,0.2391,0.3261,0.1522,0.2391,intermediate,0,-12.222,20.0
1825,9.708,0.2857,0.3333,0.2381,0.2857,crystalline,0,-4.371,10.0
1826,33.318,0.2771,0.3333,0.2083,0.2917,crystalline,0,26.156,40.0
1827,19.669,0.1600,0.2667,0.0000,0.2222,intermediate,0,-6.038,20.0
1828,36.019,0.1500,0.2308,0.0000,0.2308,intermediate,0,34.564,40.0
1829,23.307,0.3047,0.3953,0.2558,0.2558,crystalline,0,7.130,30.0
1830,16.736,0.2273,0.2727,0.1818,0.2273,intermediate,0,-4.739,20.0
1831,28.939,0.2250,0.3947,0.0000,0.2895,intermediate,0,17.939,30.0
1832,25.304,0.1354,0.2083,0.0000,0.2083,intermediate,0,-7.502,30.0
1833,20.711,0.2571,0.3333,0.2381,0.1905,crystalline,0,-9.478,30.0
1834,34.334,0.2294,0.3529,0.0000,0.3529,intermediate,0,2.573,40.0
1835,20.553,0.2533,0.3261,0.1739,0.2609,crystalline,0,-7.404,30.0
1836,32.684,0.2000,0.2857,0.0000,0.3333,intermediate,0,-1.350,40.0
1837,24.426,0.2733,0.3953,0.1860,0.2326,crystalline,0,11.930,30.0
1838,20.348,0.1864,0.3182,0.0000,0.2500,intermediate,0,-8.337,30.0
1839,22.632,0.2386,0.3409,0.2045,0.1591,intermediate,0,13.188,30.0
1840,18.295,0.1867,0.3333,0.0000,0.2333,intermediate,0,1.258,20.0
1841,18.463,0.1522,0.3043,0.0000,0.1522,intermediate,0,-7.170,20.0
1842,11.882,0.2422,0.2812,0.2500,0.1875,intermediate,0,-1.786,20.0
1843,24.946,0.2214,0.2619,0.1667,0.2381,intermediate,0,-10.337,30.0
1844,23.005,0.0989,0.2826,0.0000,0.0000,amorphous,0,-12.187,30.0
1845,29.114,0.2176,0.2647,0.2059,0.1765,intermediate,0,-4.949,30.0
1846,18.875,0.2634,0.3415,0.2439,0.1951,crystalline,0,0.044,20.0
1847,32.169,0.1125,0.1500,0.0000,0.2000,intermediate,0,27.981,40.0
1848,19.877,0.1468,0.2258,0.0000,0.2258,intermediate,0,9.166,30.0
1849,33.917,0.1820,0.2800,0.0000,0.2800,intermediate,0,27.014,40.0
1850,25.355,0.2780,0.3659,0.2195,0.2439,crystalline,0,11.736,30.0
1851,26.153,0.1167,0.3333,0.0000,0.0000,amorphous,0,-11.333,30.0
1852,25.447,0.1540,0.2800,0.1600,0.0000,intermediate,0,-11.210,30.0
1853,27.921,0.2068,0.4054,0.0000,0.2162,intermediate,0,17.188,30.0
1854,32.660,0.2281,0.4375,0.0000,0.2500,intermediate,0,-0.177,40.0
1855,21.183,0.1500,0.4286,0.0000,0.0000,intermediate,0,1.996,30.0
1856,9.136,0.2750,0.3684,0.2368,0.2105,crystalline,0,-6.453,10.0
1857,22.474,0.3024,0.4286,0.1905,0.2857,crystalline,0,6.520,30.0
1858,31.506,0.2333,0.2667,0.2000,0.2333,intermediate,0,25.560,40.0
1859,21.829,0.2571,0.3333,0.2381,0.1905,crystalline,0,-12.489,30.0
1860,31.142,0.1581,0.2581,0.0000,0.2258,intermediate,0,-5.178,40.0
1861,30.947,0.2095,0.2703,0.1892,0.1622,intermediate,0,23.775,40.0
1862,19.214,0.2287,0.2979,0.1915,0.1915,intermediate,0,-4.561,20.0
1863,24.674,0.2244,0.3333,0.1556,0.1778,intermediate,0,14.809,30.0
1864,28.630,0.1973,0.3784,0.0000,0.2162,intermediate,0,17.139,30.0
1865,10.286,0.2886,0.3409,0.2500,0.2727,crystalline,0,-7.686,20.0
1866,23.198,0.3037,0.4250,0.2500,0.2250,crystalline,0,6.317,30.0
1867,21.533,0.2024,0.3902,0.0000,0.2195,intermediate,0,2.066,30.0
1868,8.134,0.1909,0.3030,0.2424,0.0000,intermediate,0,-9.294,10.0
1869,15.761,0.1768,0.3214,0.0000,0.2143,intermediate,0,2.589,20.0
1870,31.557,0.1625,0.2500,0.0000,0.2500,intermediate,0,-4.191,40.0
1871,8.306,0.0980,0.2800,0.0000,0.0000,amorphous,0,-8.303,10.0
1872,31.083,0.2400,0.2800,0.2000,0.2400,intermediate,0,23.746,40.0
1873,23.169,0.2256,0.2558,0.2093,0.2093,intermediate,0,-11.466,30.0
1874,30.966,0.1694,0.2903,0.0000,0.2258,intermediate,0,-7.504,40.0
1875,21.413,0.2564,0.3404,0.1915,0.2340,crystalline,0,9.593,30.0
1876,14.972,0.2037,0.2439,0.1707,0.1951,intermediate,0,-0.600,20.0
1877,22.566,0.1822,0.3111,0.0000,0.2444,intermediate,0,-13.453,30.0
1878,29.729,0.2581,0.2903,0.2258,0.2581,crystalline,0,22.484,30.0
1879,24.607,0.1291,0.2093,0.0000,0.1860,intermediate,0,-10.621,30.0
1880,14.360,0.2122,0.2683,0.1707,0.1951,intermediate,0,0.177,20.0
1881,21.992,0.2407,0.3023,0.1860,0.2326,intermediate,0,-13.636,30.0
1882,26.143,0.2212,0.2424,0.1818,0.2424,intermediate,0,12.258,30.0
1883,19.199,0.0856,0.2444,0.0000,0.0000,amorphous,0,-5.968,20.0
1884,23.494,0.2304,0.2857,0.2500,0.1429,intermediate,0,7.983,30.0
1885,20.783,0.2537,0.3415,0.1951,0.2195,crystalline,0,1.685,30.0
1886,29.884,0.1194,0.2222,0.0000,0.1389,intermediate,0,-9.483,30.0
1887,28.271,0.2238,0.2619,0.2143,0.1905,intermediate,0,-10.814,30.0
1888,13.814,0.2442,0.4186,0.2791,0.0000,intermediate,0,-5.267,20.0
1889,32.223,0.2534,0.3103,0.2069,0.2414,crystalline,0,23.296,40.0
1890,25.927,0.2486,0.2778,0.1944,0.2778,intermediate,0,-7.162,30.0
1891,20.499,0.2250,0.2917,0.2083,0.1667,intermediate,0,2.786,30.0
1892,22.901,0.2330,0.2979,0.1489,0.2553,intermediate,0,-10.031,30.0
1893,29.383,0.2016,0.2500,0.2188,0.1250,intermediate,0,20.417,30.0
1894,23.171,0.1437,0.2500,0.0000,0.1875,intermediate,0,-6.306,30.0
1895,21.460,0.1796,0.2593,0.0000,0.2963,intermediate,0,-4.258,30.0
1896,31.304,0.1771,0.2917,0.0000,0.2500,intermediate,0,-3.706,40.0
1897,29.393,0.3060,0.4000,0.2000,0.3200,crystalline,0,17.613,30.0
1898,19.058,0.1930,0.2791,0.0930,0.2093,intermediate,0,-5.833,20.0
1899,25.901,0.2848,0.3696,0.2391,0.2391,crystalline,0,12.647,30.0
1900,22.991,0.2120,0.3043,0.1522,0.1739,intermediate,0,-8.659,30.0
1901,24.210,0.2395,0.3421,0.1842,0.1842,intermediate,0,6.610,30.0
1902,33.122,0.1283,0.2174,0.0000,0.1739,intermediate,0,-7.524,40.0
1903,26.513,0.2174,0.4419,0.0000,0.2093,intermediate,0,11.451,30.0
1904,25.879,0.2120,0.2609,0.1957,0.1739,intermediate,0,16.005,30.0
1905,16.983,0.1500,0.2727,0.0000,0.1818,intermediate,0,3.119,20.0
1906,26.410,0.0895,0.2558,0.0000,0.0000,amorphous,0,-11.962,30.0
1907,31.790,0.1463,0.2593,0.0000,0.1852,intermediate,0,21.936,40.0
1908,15.802,0.1926,0.2963,0.0000,0.2963,intermediate,0,-12.290,20.0
1909,31.223,0.2328,0.3448,0.1724,0.1724,intermediate,0,22.470,40.0
1910,22.495,0.2205,0.2500,0.2045,0.2045,intermediate,0,10.651,30.0
1911,19.605,0.1611,0.2889,0.0000,0.2000,intermediate,0,-13.263,20.0
1912,25.089,0.2476,0.3095,0.2143,0.2143,intermediate,0,-13.045,30.0
1913,28.196,0.2321,0.2308,0.2564,0.2051,intermediate,0,-9.157,30.0
1914,19.129,0.2263,0.2750,0.2000,0.2000,intermediate,0,-12.189,20.0
1915,22.191,0.1451,0.4146,0.0000,0.0000,intermediate,0,0.966,30.0
1916,16.075,0.1833,0.3333,0.0000,0.2222,intermediate,0,-6.134,20.0
1917,22.840,0.2739,0.3636,0.2045,0.2500,crystalline,0,7.115,30.0
1918,16.021,0.2120,0.3261,0.1304,0.1739,intermediate,0,-13.262,20.0
1919,30.811,0.2690,0.3333,0.1905,0.2857,crystalline,0,22.301,40.0
1920,30.446,0.1569,0.2414,0.0000,0.2414,intermediate,0,-7.955,40.0
1921,30.406,0.1542,0.2500,0.0000,0.2222,intermediate,0,-8.681,40.0
1922,25.803,0.1400,0.2333,0.1667,0.0000,intermediate,0,-11.612,30.0
1923,30.444,0.1886,0.3429,0.0000,0.2286,intermediate,0,16.907,40.0
1924,32.121,0.1650,0.3000,0.0000,0.2000,intermediate,0,-8.589,40.0
1925,18.052,0.1659,0.3182,0.0000,0.1818,intermediate,0,-11.821,20.0
1926,31.946,0.1320,0.2400,0.0000,0.1600,intermediate,0,22.700,40.0
1927,29.913,0.1975,0.3500,0.0000,0.2500,intermediate,0,17.833,30.0
1928,23.665,0.2682,0.3864,0.2045,0.2045,crystalline,0,5.978,30.0
1929,18.760,0.2012,0.2326,0.1628,0.2093,intermediate,0,4.097,20.0
1930,34.001,0.1529,0.1176,0.1176,0.2353,intermediate,0,-3.145,40.0
1931,22.962,0.2643,0.3810,0.1905,0.2143,crystalline,0,0.832,30.0
1932,32.570,0.1463,0.2593,0.0000,0.1852,intermediate,0,-6.706,40.0
1933,25.063,0.2400,0.2400,0.2400,0.2400,intermediate,0,-5.764,30.0
1934,30.288,0.2306,0.2500,0.1944,0.2500,intermediate,0,21.452,40.0
1935,21.318,0.2064,0.2340,0.1915,0.1915,intermediate,0,-14.856,30.0
1936,27.720,0.2596,0.3462,0.2308,0.1923,crystalline,0,-6.227,30.0
1937,21.154,0.2143,0.2857,0.1429,0.2143,intermediate,0,-7.089,30.0
1938,22.123,0.1653,0.3056,0.0000,0.1944,intermediate,0,2.563,30.0
1939,20.482,0.1852,0.2955,0.0000,0.2727,intermediate,0,-11.768,30.0
1940,21.145,0.2711,0.2895,0.2368,0.2895,crystalline,0,-5.763,30.0
1941,29.636,0.2145,0.2258,0.1935,0.2258,intermediate,0,-7.830,30.0
1942,21.841,0.1058,0.3023,0.0000,0.0000,amorphous,0,-3.393,30.0
1943,22.126,0.1919,0.1935,0.1613,0.2258,intermediate,0,-13.983,30.0
1944,32.793,0.1208,0.1667,0.0000,0.2083,intermediate,0,-9.442,40.0
1945,21.441,0.2591,0.3182,0.2273,0.2273,crystalline,0,-12.822,30.0
1946,26.434,0.2364,0.3182,0.1818,0.2045,intermediate,0,-13.866,30.0
1947,25.815,0.2436,0.3404,0.1915,0.1915,intermediate,0,-14.054,30.0
1948,20.352,0.1400,0.2286,0.0000,0.2000,intermediate,0,5.144,30.0
1949,22.243,0.2690,0.3095,0.2143,0.2857,crystalline,0,-14.713,30.0
1950,13.017,0.1429,0.2857,0.0000,0.1429,intermediate,0,-12.033,20.0
1951,20.595,0.1756,0.3023,0.0000,0.2326,intermediate,0,-4.377,30.0
1952,22.790,0.1598,0.2683,0.0000,0.2195,intermediate,0,-8.192,30.0
1953,23.330,0.1707,0.3415,0.0000,0.1707,intermediate,0,1.289,30.0
1954,21.993,0.1633,0.2889,0.1778,0.0000,intermediate,0,-3.383,30.0
1955,21.016,0.1375,0.2500,0.0000,0.1667,intermediate,0,0.076,30.0
1956,34.329,0.2816,0.3158,0.2632,0.2632,crystalline,0,27.760,40.0
1957,19.048,0.1114,0.3182,0.0000,0.0000,amorphous,0,-14.056,20.0
1958,21.157,0.1587,0.3043,0.0000,0.1739,intermediate,0,-5.548,30.0
1959,25.776,0.1500,0.2308,0.0000,0.2308,intermediate,0,13.599,30.0
1960,29.077,0.2450,0.3333,0.1667,0.2333,intermediate,0,18.776,30.0
1961,20.080,0.2207,0.3171,0.1463,0.1951,intermediate,0,1.767,20.0
1962,17.715,0.2381,0.3095,0.1667,0.2381,intermediate,0,-14.981,20.0
1963,33.901,0.2152,0.3913,0.0000,0.2609,intermediate,0,22.219,40.0
1964,11.304,0.2683,0.3000,0.2667,0.2333,crystalline,0,-8.026,20.0
1965,23.519,0.1484,0.2581,0.0000,0.1935,intermediate,0,-6.989,30.0
1966,25.148,0.2378,0.2889,0.2000,0.2222,intermediate,0,-15.272,30.0
1967,19.330,0.2093,0.2326,0.1860,0.2093,intermediate,0,-3.830,20.0
1968,12.836,0.1703,0.3243,0.1622,0.0000,intermediate,0,-13.641,20.0
1969,20.524,0.2261,0.3043,0.1739,0.1957,intermediate,0,-10.317,30.0
1970,20.732,0.2195,0.2683,0.1707,0.2195,intermediate,0,0.583,30.0
1971,30.585,0.1440,0.2400,0.0000,0.2000,intermediate,0,-9.124,40.0
1972,31.374,0.1468,0.2258,0.0000,0.2258,intermediate,0,-10.613,40.0
1973,17.486,0.2207,0.3171,0.1463,0.1951,intermediate,0,-10.445,20.0
1974,21.397,0.1773,0.2727,0.0000,0.2727,intermediate,0,-14.224,30.0
1975,28.992,0.1303,0.2368,0.0000,0.1579,intermediate,0,-13.530,30.0
1976,21.037,0.1489,0.2391,0.0000,0.2174,intermediate,0,-12.893,30.0
1977,28.460,0.2026,0.2368,0.1842,0.1842,intermediate,0,-13.431,30.0
1978,23.634,0.1537,0.2927,0.0000,0.1707,intermediate,0,-15.844,30.0
1979,26.273,0.2630,0.3043,0.2609,0.2174,crystalline,0,-14.972,30.0
1980,30.404,0.1276,0.1842,0.0000,0.2105,intermediate,0,-11.693,40.0
1981,31.854,0.1845,0.2414,0.1379,0.1724,intermediate,0,-11.629,40.0
1982,16.019,0.1413,0.2174,0.0000,0.2174,intermediate,0,-12.711,20.0
1983,26.849,0.1262,0.2381,0.0000,0.1429,intermediate,0,-11.499,30.0
1984,14.368,0.2485,0.3529,0.2059,0.1765,intermediate,0,-5.342,20.0
1985,14.848,0.2511,0.3409,0.1818,0.2273,crystalline,0,-6.179,20.0
1986,22.370,0.1848,0.3043,0.0000,0.2609,intermediate,0,-15.712,30.0
1987,19.653,0.2163,0.2826,0.1304,0.2391,intermediate,0,-15.812,20.0
1988,14.921,0.1789,0.2889,0.2222,0.0000,intermediate,0,-14.527,20.0
1989,23.101,0.2554,0.3043,0.2391,0.2174,crystalline,0,-11.385,30.0
1990,33.379,0.2568,0.2727,0.2273,0.2727,crystalline,0,24.138,40.0
1991,26.185,0.1394,0.2424,0.0000,0.1818,intermediate,0,13.453,30.0
1992,16.684,0.1214,0.2000,0.0000,0.1714,intermediate,0,-1.181,20.0
1993,22.688,0.1655,0.3095,0.0000,0.1905,intermediate,0,-4.363,30.0
1994,32.684,0.1318,0.1818,0.0000,0.2273,intermediate,0,-9.639,40.0
1995,24.523,0.1935,0.3478,0.0000,0.2391,intermediate,0,-16.334,30.0
1996,28.504,0.2094,0.2812,0.1562,0.1875,intermediate,0,-13.187,30.0
1997,23.769,0.2156,0.2222,0.2222,0.2000,intermediate,0,-16.349,30.0
1998,27.029,0.1866,0.3659,0.0000,0.1951,intermediate,0,11.426,30.0
1999,27.334,0.2279,0.2647,0.2353,0.1765,intermediate,0,-10.049,30.0
2000,27.849,0.1345,0.2619,0.0000,0.1429,intermediate,0,-14.846,30.0
2001,25.009,0.1070,0.1860,0.0000,0.1395,intermediate,0,-14.346,30.0
2002,27.676,0.2951,0.3659,0.2683,0.2439,crystalline,0,8.999,30.0
2003,31.108,0.1550,0.2500,0.0000,0.2250,intermediate,0,-12.434,40.0
2004,21.945,0.1714,0.2857,0.0000,0.2381,intermediate,0,-4.622,30.0
2005,17.007,0.1744,0.2564,0.1538,0.1026,intermediate,0,-15.639,20.0
2006,21.842,0.1400,0.2667,0.0000,0.1556,intermediate,0,-9.991,30.0
2007,26.961,0.0817,0.2333,0.0000,0.0000,amorphous,0,-14.368,30.0
2008,34.927,0.0867,0.1333,0.0000,0.1333,intermediate,0,25.981,40.0
2009,22.462,0.1809,0.2979,0.0000,0.2553,intermediate,0,-12.421,30.0
2010,28.563,0.1346,0.2308,0.1538,0.0000,intermediate,0,-12.440,30.0
2011,30.258,0.2957,0.4000,0.2000,0.2857,crystalline,0,14.486,40.0
2012,25.490,0.1811,0.2432,0.1351,0.1622,intermediate,0,-9.679,30.0
2013,29.312,0.1219,0.1875,0.0000,0.1875,intermediate,0,-11.950,30.0
2014,22.809,0.2087,0.2500,0.1750,0.2000,intermediate,0,-2.989,30.0
2015,26.989,0.1432,0.2727,0.0000,0.1591,intermediate,0,12.115,30.0
2016,28.279,0.2716,0.3784,0.1892,0.2432,crystalline,0,8.992,30.0
2017,26.928,0.2393,0.2857,0.2143,0.2143,intermediate,0,-15.347,30.0
2018,31.110,0.1354,0.2083,0.0000,0.2083,intermediate,0,16.957,40.0
2019,31.488,0.1286,0.2143,0.0000,0.1786,intermediate,0,-13.424,40.0
2020,24.177,0.1766,0.3404,0.0000,0.1915,intermediate,0,5.967,30.0
2021,24.216,0.2443,0.3409,0.1818,0.2045,intermediate,0,-15.600,30.0
2022,11.444,0.1603,0.3103,0.0000,0.1724,intermediate,0,-12.033,20.0
2023,18.004,0.1135,0.1923,0.0000,0.1538,intermediate,0,-0.520,20.0
2024,20.596,0.2095,0.3095,0.1667,0.1429,intermediate,0,-11.244,30.0
2025,31.391,0.2038,0.3846,0.0000,0.2308,intermediate,0,14.543,40.0
2026,32.490,0.1161,0.1935,0.0000,0.1613,intermediate,0,-12.447,40.0
2027,26.140,0.3359,0.4615,0.2564,0.2821,crystalline,0,3.620,30.0
2028,14.158,0.2476,0.2927,0.2683,0.1707,intermediate,0,-10.511,20.0
2029,25.618,0.2156,0.2667,0.1778,0.2000,intermediate,0,-12.961,30.0
2030,24.143,0.2104,0.2917,0.1667,0.1667,intermediate,0,6.771,30.0
2031,26.626,0.2553,0.2895,0.2368,0.2368,crystalline,0,-15.939,30.0
2032,30.429,0.1486,0.2286,0.0000,0.2286,intermediate,0,17.625,40.0
2033,23.586,0.1303,0.2424,0.0000,0.1515,intermediate,0,1.457,30.0
2034,16.252,0.2268,0.2857,0.1786,0.2143,intermediate,0,-15.039,20.0
2035,24.296,0.1633,0.2667,0.2000,0.0000,intermediate,0,-13.962,30.0
2036,28.251,0.2118,0.2632,0.1842,0.1842,intermediate,0,15.065,30.0
2037,24.054,0.1547,0.3023,0.0000,0.1628,intermediate,0,-4.239,30.0
2038,12.960,0.2134,0.2439,0.2195,0.1707,intermediate,0,-13.139,20.0
2039,26.741,0.3037,0.3659,0.2927,0.2439,crystalline,0,3.625,30.0
2040,24.665,0.2554,0.3478,0.1957,0.2174,crystalline,0,-17.302,30.0
2041,30.473,0.2192,0.2308,0.2308,0.1923,intermediate,0,-11.787,40.0
2042,22.189,0.1000,0.2857,0.0000,0.0000,amorphous,0,-11.401,30.0
2043,18.361,0.1417,0.2619,0.0000,0.1667,intermediate,0,-3.746,20.0
2044,30.605,0.1386,0.2000,0.0000,0.2286,intermediate,0,-12.753,40.0
2045,25.333,0.2391,0.2812,0.1875,0.2500,intermediate,0,9.603,30.0
2046,25.054,0.1791,0.2791,0.2326,0.0000,intermediate,0,-11.937,30.0
2047,22.544,0.2154,0.2564,0.2051,0.1795,intermediate,0,4.964,30.0
2048,11.823,0.0700,0.2000,0.0000,0.0000,amorphous,0,-11.423,20.0
2049,29.110,0.2625,0.3438,0.2188,0.2188,crystalline,0,9.535,30.0
2050,26.816,0.2111,0.1852,0.2593,0.1852,intermediate,0,-8.666,30.0
2051,17.320,0.2074,0.2647,0.1765,0.1765,intermediate,0,-16.212,20.0
2052,33.409,0.1184,0.1579,0.0000,0.2105,intermediate,0,-8.363,40.0
2053,19.248,0.1548,0.2381,0.0000,0.2381,intermediate,0,-15.940,20.0
2054,23.020,0.1131,0.2619,0.0000,0.0714,amorphous,0,-8.627,30.0
2055,32.429,0.1975,0.2000,0.1500,0.2500,intermediate,0,-8.853,40.0
2056,24.028,0.2375,0.2500,0.2143,0.2500,intermediate,0,-6.748,30.0
2057,33.799,0.2352,0.3333,0.1481,0.2222,intermediate,0,19.853,40.0
2058,24.073,0.1629,0.2000,0.1429,0.1429,intermediate,0,6.001,30.0
2059,31.670,0.2295,0.3636,0.1364,0.1818,intermediate,0,14.877,40.0
2060,31.044,0.1448,0.2069,0.0000,0.2414,intermediate,0,-14.763,40.0
2061,16.375,0.1952,0.3333,0.0000,0.2619,intermediate,0,-11.558,20.0
2062,19.503,0.2012,0.2500,0.1750,0.1750,intermediate,0,-4.798,20.0
2063,22.067,0.2052,0.1724,0.2069,0.2414,intermediate,0,-16.836,30.0
2064,32.339,0.1580,0.2800,0.0000,0.2000,intermediate,0,20.420,40.0
2065,28.634,0.1875,0.3750,0.0000,0.1875,intermediate,0,8.080,30.0
2066,26.351,0.1881,0.3333,0.0000,0.2381,intermediate,0,-17.240,30.0
2067,13.247,0.1000,0.2857,0.0000,0.0000,amorphous,0,-14.490,20.0
2068,22.998,0.1790,0.2903,0.0000,0.2581,intermediate,0,-5.389,30.0
2069,29.190,0.1900,0.3500,0.0000,0.2250,intermediate,0,8.632,30.0
2070,35.278,0.3132,0.3158,0.2632,0.3684,crystalline,0,25.061,40.0
2071,31.360,0.1593,0.2963,0.0000,0.1852,intermediate,0,13.437,40.0
2072,31.872,0.1440,0.2400,0.0000,0.2000,intermediate,0,-13.482,40.0
2073,23.068,0.1556,0.2222,0.2222,0.0000,intermediate,0,-8.843,30.0
2074,27.524,0.2414,0.3429,0.2000,0.1714,intermediate,0,3.957,30.0
2075,21.294,0.1341,0.2273,0.0000,0.1818,intermediate,0,0.523,30.0
2076,28.664,0.2309,0.3824,0.1765,0.1176,intermediate,0,8.061,30.0
2077,20.569,0.1974,0.2308,0.1795,0.1795,intermediate,0,-2.080,30.0
2078,32.482,0.2571,0.4286,0.0000,0.3571,crystalline,0,13.907,40.0
2079,23.127,0.1947,0.2105,0.2105,0.1579,intermediate,0,-17.829,30.0
2080,31.349,0.2692,0.3846,0.1538,0.2692,crystalline,0,13.585,40.0
2081,21.420,0.1436,0.2564,0.0000,0.1795,intermediate,0,1.254,30.0
2082,19.546,0.1881,0.3333,0.0000,0.2381,intermediate,0,-9.119,20.0
2083,33.019,0.1479,0.2083,0.0000,0.2500,intermediate,0,-12.357,40.0
2084,29.975,0.2016,0.3548,0.0000,0.2581,intermediate,0,7.701,30.0
2085,25.710,0.2360,0.4419,0.2326,0.0000,intermediate,0,-1.767,30.0
2086,27.229,0.2081,0.4324,0.0000,0.1892,intermediate,0,2.493,30.0
2087,31.307,0.1556,0.2778,0.0000,0.1944,intermediate,0,-15.469,40.0
2088,26.172,0.2682,0.3409,0.2500,0.2045,crystalline,0,3.356,30.0
2089,27.761,0.2349,0.2791,0.2326,0.1860,intermediate,0,-18.010,30.0
2090,24.452,0.1330,0.2045,0.0000,0.2045,intermediate,0,-9.978,30.0
2091,32.458,0.2000,0.3478,0.0000,0.2609,intermediate,0,12.877,40.0
2092,30.094,0.1768,0.3214,0.0000,0.2143,intermediate,0,15.899,40.0
2093,29.658,0.1382,0.2368,0.0000,0.1842,intermediate,0,-16.568,30.0
2094,25.924,0.2658,0.3421,0.2368,0.2105,crystalline,0,-1.805,30.0
2095,25.946,0.1745,0.2979,0.0000,0.2340,intermediate,0,-12.402,30.0
2096,27.556,0.1703,0.3243,0.0000,0.1892,intermediate,0,2.418,30.0
2097,26.062,0.2422,0.2667,0.1778,0.2889,intermediate,0,-11.404,30.0
2098,24.539,0.1500,0.2727,0.0000,0.1818,intermediate,0,-10.969,30.0
2099,16.891,0.2455,0.3636,0.1818,0.1818,intermediate,0,-6.711,20.0
2100,28.304,0.1303,0.2368,0.0000,0.1579,intermediate,0,-15.647,30.0
2101,32.436,0.1074,0.1481,0.0000,0.1852,intermediate,0,-15.369,40.0
2102,28.888,0.1658,0.3158,0.0000,0.1842,intermediate,0,-17.644,30.0
2103,27.509,0.3192,0.4359,0.2564,0.2564,crystalline,0,2.271,30.0
2104,28.618,0.1681,0.1944,0.1667,0.1389,intermediate,0,-14.213,30.0
2105,21.117,0.2261,0.2609,0.2174,0.1957,intermediate,0,-17.125,30.0
2106,28.691,0.1553,0.2632,0.0000,0.2105,intermediate,0,-16.945,30.0
2107,23.886,0.1598,0.3043,0.1522,0.0000,intermediate,0,-9.849,30.0
2108,34.811,0.2421,0.3158,0.1053,0.3158,intermediate,0,18.822,40.0
2109,24.608,0.1824,0.2432,0.1622,0.1351,intermediate,0,-3.937,30.0
2110,30.026,0.1234,0.2188,0.0000,0.1562,intermediate,0,-15.939,40.0
2111,24.133,0.0942,0.2692,0.0000,0.0000,amorphous,0,-2.753,30.0
2112,34.120,0.2717,0.2609,0.2174,0.3478,crystalline,0,21.340,40.0
2113,31.637,0.1574,0.2593,0.0000,0.2222,intermediate,0,-12.776,40.0
2114,21.914,0.1767,0.3256,0.0000,0.2093,intermediate,0,-9.852,30.0
2115,31.315,0.1353,0.2353,0.0000,0.1765,intermediate,0,-15.834,40.0
2116,14.641,0.1875,0.2857,0.2500,0.0000,intermediate,0,-10.745,20.0
2117,28.116,0.2708,0.3056,0.2778,0.2222,crystalline,0,-18.080,30.0
2118,27.120,0.1314,0.2558,0.0000,0.1395,intermediate,0,-1.554,30.0
2119,32.111,0.1455,0.1818,0.0000,0.2727,intermediate,0,-15.177,40.0
2120,24.950,0.1714,0.2857,0.0000,0.2381,intermediate,0,-8.239,30.0
2121,15.181,0.2878,0.2973,0.2703,0.2973,crystalline,0,-11.685,20.0
2122,29.915,0.1942,0.1923,0.2308,0.1538,intermediate,0,-11.077,30.0
2123,25.094,0.2070,0.3721,0.0000,0.2558,intermediate,0,-18.764,30.0
2124,24.497,0.2756,0.3556,0.2222,0.2444,crystalline,0,-17.124,30.0
2125,20.825,0.0733,0.2093,0.0000,0.0000,amorphous,0,-18.509,30.0
2126,30.344,0.1714,0.2857,0.0000,0.2381,intermediate,0,8.472,40.0
2127,31.536,0.1256,0.2051,0.0000,0.1795,intermediate,0,-16.633,40.0
2128,32.236,0.1531,0.2500,0.0000,0.2188,intermediate,0,-16.674,40.0
2129,28.683,0.1541,0.3243,0.0000,0.1351,intermediate,0,11.007,30.0
2130,27.614,0.0733,0.2093,0.0000,0.0000,amorphous,0,-13.866,30.0
2131,23.954,0.1521,0.2917,0.0000,0.1667,intermediate,0,-15.684,30.0
2132,28.912,0.1713,0.2750,0.0000,0.2500,intermediate,0,-18.958,30.0
2133,28.134,0.2250,0.2500,0.2000,0.2250,intermediate,0,-18.984,30.0
2134,33.957,0.1553,0.2632,0.0000,0.2105,intermediate,0,15.852,40.0
2135,23.618,0.2233,0.2889,0.1778,0.2000,intermediate,0,-2.126,30.0
2136,17.624,0.1449,0.2821,0.0000,0.1538,intermediate,0,-17.561,20.0
2137,27.329,0.1361,0.3889,0.0000,0.0000,amorphous,0,-2.985,30.0
2138,30.222,0.1283,0.2174,0.0000,0.1739,intermediate,0,-16.575,40.0
2139,19.217,0.2443,0.3182,0.2045,0.2045,intermediate,0,-15.834,20.0
2140,27.841,0.2652,0.3478,0.2609,0.1739,crystalline,0,4.015,30.0
2141,27.792,0.1013,0.2895,0.0000,0.0000,amorphous,0,-12.457,30.0
2142,25.187,0.2250,0.2857,0.2143,0.1667,intermediate,0,-9.641,30.0
2143,32.294,0.0700,0.2000,0.0000,0.0000,amorphous,0,16.474,40.0
2144,19.980,0.1950,0.2500,0.2000,0.1250,intermediate,0,-4.780,20.0
2145,18.828,0.2195,0.2439,0.1951,0.2195,intermediate,0,-9.256,20.0
2146,33.048,0.1300,0.2000,0.0000,0.2000,intermediate,0,-11.633,40.0
2147,26.376,0.1514,0.2703,0.0000,0.1892,intermediate,0,5.602,30.0
2148,36.630,0.1773,0.2727,0.0000,0.2727,intermediate,0,-9.507,40.0
2149,27.564,0.1579,0.3158,0.0000,0.1579,intermediate,0,-2.589,30.0
2150,19.840,0.1919,0.2258,0.1290,0.2258,intermediate,0,-4.382,20.0
2151,28.476,0.1661,0.3214,0.0000,0.1786,intermediate,0,3.056,30.0
2152,31.988,0.1580,0.2800,0.0000,0.2000,intermediate,0,-17.376,40.0
2153,30.122,0.2032,0.3871,0.0000,0.2258,intermediate,0,7.480,30.0
2154,29.539,0.1579,0.3158,0.0000,0.1579,intermediate,0,8.617,30.0
2155,26.451,0.1900,0.3500,0.0000,0.2250,intermediate,0,-18.340,30.0
2156,28.484,0.1283,0.2174,0.0000,0.1739,intermediate,0,-10.265,30.0
2157,33.181,0.1932,0.3182,0.0000,0.2727,intermediate,0,13.050,40.0
2158,26.483,0.2717,0.4130,0.1957,0.1957,crystalline,0,-20.244,30.0
2159,25.446,0.2013,0.3947,0.0000,0.2105,intermediate,0,-3.258,30.0
2160,34.631,0.1444,0.2222,0.0000,0.2222,intermediate,0,-15.753,40.0
2161,32.933,0.1771,0.2917,0.0000,0.2500,intermediate,0,13.984,40.0
2162,30.870,0.1694,0.2903,0.0000,0.2258,intermediate,0,-18.587,40.0
2163,19.665,0.1756,0.2821,0.0000,0.2564,intermediate,0,-10.164,20.0
2164,26.472,0.1646,0.3659,0.0000,0.1220,intermediate,0,-7.313,30.0
2165,24.347,0.2349,0.3023,0.2093,0.1860,intermediate,0,-18.142,30.0
2166,25.833,0.1714,0.2857,0.0000,0.2381,intermediate,0,-15.474,30.0
2167,30.123,0.1559,0.2941,0.0000,0.1765,intermediate,0,12.192,40.0
2168,20.022,0.2089,0.2667,0.1778,0.1778,intermediate,0,-18.271,20.0
2169,23.869,0.2522,0.3333,0.1778,0.2444,crystalline,0,-19.817,30.0
2170,25.140,0.1562,0.2750,0.0000,0.2000,intermediate,0,-7.311,30.0
2171,26.777,0.1429,0.2857,0.0000,0.1429,intermediate,0,3.054,30.0
2172,27.200,0.2136,0.2500,0.2045,0.1818,intermediate,0,-16.905,30.0
2173,26.909,0.1750,0.3421,0.0000,0.1842,intermediate,0,2.136,30.0
2174,18.786,0.2109,0.3125,0.1562,0.1562,intermediate,0,-19.038,20.0
2175,32.360,0.1646,0.2917,0.0000,0.2083,intermediate,0,15.573,40.0
2176,28.232,0.1829,0.2927,0.0000,0.2683,intermediate,0,-20.159,30.0
2177,27.593,0.1156,0.2500,0.0000,0.0938,amorphous,0,6.772,30.0
2178,22.312,0.2067,0.2444,0.1556,0.2222,intermediate,0,-16.787,30.0
2179,23.368,0.1465,0.3023,0.1163,0.0000,intermediate,0,-14.118,30.0
2180,26.624,0.2726,0.3810,0.2143,0.2143,crystalline,0,-19.709,30.0
2181,16.613,0.1600,0.2857,0.0000,0.2000,intermediate,0,-16.187,20.0
2182,26.497,0.0778,0.2222,0.0000,0.0000,amorphous,0,-10.813,30.0
2183,27.340,0.0903,0.2581,0.0000,0.0000,amorphous,0,-1.175,30.0
2184,36.349,0.1269,0.2308,0.0000,0.1538,intermediate,0,-13.400,40.0
2185,23.698,0.2265,0.2353,0.2353,0.2059,intermediate,0,-20.463,30.0
2186,23.738,0.0648,0.1852,0.0000,0.0000,amorphous,0,-0.116,30.0
2187,26.489,0.1686,0.3023,0.0000,0.2093,intermediate,0,-17.846,30.0
2188,26.880,0.1333,0.2222,0.0000,0.1852,intermediate,0,-9.609,30.0
2189,27.463,0.2122,0.2439,0.1951,0.1951,intermediate,0,-7.002,30.0
2190,20.325,0.1400,0.2500,0.1500,0.0000,intermediate,0,-19.790,30.0
2191,25.586,0.2238,0.3095,0.1667,0.1905,intermediate,0,-14.134,30.0
2192,16.172,0.1521,0.2917,0.0000,0.1667,intermediate,0,-17.527,20.0
2193,26.135,0.2047,0.2791,0.1860,0.1395,intermediate,0,-16.666,30.0
2194,28.130,0.1303,0.2424,0.0000,0.1515,intermediate,0,-11.925,30.0
2195,27.963,0.1361,0.2222,0.1667,0.0000,intermediate,0,-2.457,30.0
2196,32.200,0.1300,0.2000,0.0000,0.2000,intermediate,0,-16.849,40.0
2197,30.745,0.1483,0.2759,0.0000,0.1724,intermediate,0,-15.132,40.0
2198,19.826,0.2412,0.3500,0.1250,0.2500,intermediate,0,-14.329,20.0
2199,18.616,0.1648,0.2955,0.0000,0.2045,intermediate,0,-16.854,20.0
2200,32.056,0.1544,0.2647,0.0000,0.2059,intermediate,0,-19.398,40.0
2201,26.302,0.1328,0.2188,0.0000,0.1875,intermediate,0,-8.130,30.0
2202,32.727,0.1161,0.1786,0.0000,0.1786,intermediate,0,-19.417,40.0
2203,26.618,0.1444,0.2222,0.0000,0.2222,intermediate,0,-9.444,30.0
2204,28.744,0.2560,0.3810,0.1667,0.2143,crystalline,0,-21.481,30.0
2205,23.057,0.2226,0.3095,0.1429,0.2143,intermediate,0,-7.769,30.0
2206,17.505,0.1939,0.2424,0.1818,0.1515,intermediate,0,-18.507,20.0
2207,25.229,0.2000,0.2727,0.1818,0.1364,intermediate,0,-21.327,30.0
2208,32.752,0.1646,0.2917,0.0000,0.2083,intermediate,0,-15.392,40.0
2209,31.606,0.1786,0.3571,0.0000,0.1786,intermediate,0,5.157,40.0
2210,27.700,0.2317,0.3415,0.1951,0.1463,intermediate,0,-8.408,30.0
2211,24.465,0.2012,0.2500,0.1750,0.1750,intermediate,0,-2.371,30.0
2212,29.050,0.1250,0.2500,0.0000,0.1250,intermediate,0,-10.960,30.0
2213,30.594,0.1500,0.3103,0.0000,0.1379,intermediate,0,-20.047,40.0
2214,28.003,0.1583,0.2619,0.1905,0.0000,intermediate,0,-21.781,30.0
2215,24.647,0.1718,0.3590,0.0000,0.1538,intermediate,0,-3.150,30.0
2216,33.946,0.1717,0.3043,0.0000,0.2174,intermediate,0,10.688,40.0
2217,31.910,0.2204,0.4074,0.0000,0.2593,intermediate,0,5.179,40.0
2218,30.018,0.1303,0.2424,0.0000,0.1515,intermediate,0,-18.249,30.0
2219,28.093,0.1641,0.3590,0.0000,0.1282,intermediate,0,-8.205,30.0
2220,28.885,0.1608,0.2973,0.0000,0.1892,intermediate,0,-19.214,30.0
2221,31.725,0.0437,0.1250,0.0000,0.0000,amorphous,0,-13.938,40.0
2222,28.934,0.1500,0.2308,0.0000,0.2308,intermediate,0,-15.512,30.0
2223,33.747,0.1422,0.2188,0.0000,0.2188,intermediate,0,-19.349,40.0
2224,32.759,0.1904,0.3462,0.0000,0.2308,intermediate,0,4.713,40.0
2225,27.788,0.1200,0.1714,0.0000,0.2000,intermediate,0,-8.965,30.0
2226,26.380,0.1692,0.3077,0.0000,0.2051,intermediate,0,-15.390,30.0
2227,29.971,0.1894,0.3333,0.0000,0.2424,intermediate,0,-21.176,30.0
2228,24.696,0.1925,0.2750,0.1250,0.1750,intermediate,0,-8.722,30.0
2229,30.521,0.2471,0.2857,0.2000,0.2571,intermediate,0,-21.789,40.0
2230,32.624,0.1361,0.2222,0.0000,0.1944,intermediate,0,-20.384,40.0
2231,29.437,0.2256,0.2821,0.2308,0.1538,intermediate,0,-21.682,30.0
2232,29.108,0.1606,0.3030,0.0000,0.1818,intermediate,0,-6.970,30.0
2233,30.845,0.1823,0.3548,0.0000,0.1935,intermediate,0,-0.417,40.0
2234,20.209,0.2431,0.2759,0.2414,0.2069,intermediate,0,-10.176,30.0
2235,22.602,0.2056,0.3778,0.0000,0.2444,intermediate,0,-15.341,30.0
2236,27.926,0.1859,0.3333,0.0000,0.2308,intermediate,0,-16.100,30.0
2237,19.937,0.1826,0.3043,0.2174,0.0000,intermediate,0,-9.559,30.0
2238,27.445,0.1417,0.2143,0.1905,0.0000,intermediate,0,-13.514,30.0
2239,31.039,0.1707,0.3103,0.0000,0.2069,intermediate,0,7.311,40.0
2240,32.668,0.1152,0.2174,0.0000,0.1304,intermediate,0,11.980,40.0
2241,32.478,0.1646,0.2917,0.0000,0.2083,intermediate,0,-21.063,40.0
2242,31.234,0.1581,0.2581,0.0000,0.2258,intermediate,0,-0.226,40.0
2243,30.934,0.0795,0.2273,0.0000,0.0000,amorphous,0,-13.649,40.0
2244,32.525,0.1519,0.2692,0.0000,0.1923,intermediate,0,-17.843,40.0
2245,30.194,0.1870,0.2222,0.1852,0.1481,intermediate,0,-21.504,40.0
2246,23.577,0.0729,0.2083,0.0000,0.0000,amorphous,0,-21.813,30.0
2247,32.579,0.1650,0.3000,0.0000,0.2000,intermediate,0,4.106,40.0
2248,30.412,0.1043,0.2000,0.0000,0.1143,amorphous,0,-16.595,40.0
2249,28.098,0.1314,0.2286,0.0000,0.1714,intermediate,0,-6.756,30.0
2250,29.996,0.1162,0.2059,0.0000,0.1471,intermediate,0,-17.831,30.0
2251,30.331,0.1953,0.3438,0.0000,0.2500,intermediate,0,-0.746,40.0
2252,32.276,0.2062,0.3750,0.0000,0.2500,intermediate,0,-21.212,40.0
2253,27.681,0.1964,0.3571,0.0000,0.2381,intermediate,0,-12.614,30.0
2254,31.480,0.1603,0.3103,0.0000,0.1724,intermediate,0,8.273,40.0
2255,17.760,0.1037,0.2963,0.0000,0.0000,amorphous,0,-17.172,20.0
2256,27.769,0.1629,0.2000,0.1429,0.1429,intermediate,0,-15.013,30.0
2257,19.023,0.2015,0.3030,0.2727,0.0000,intermediate,0,-14.476,20.0
2258,33.087,0.1241,0.2069,0.0000,0.1724,intermediate,0,-20.569,40.0
2259,28.080,0.1419,0.2432,0.0000,0.1892,intermediate,0,1.789,30.0
2260,33.164,0.1711,0.2632,0.0000,0.2632,intermediate,0,3.843,40.0
2261,25.370,0.2511,0.3409,0.1818,0.2273,crystalline,0,-12.732,30.0
2262,30.781,0.2214,0.2381,0.1905,0.2381,intermediate,0,-22.799,40.0
2263,34.394,0.0625,0.1786,0.0000,0.0000,amorphous,0,-19.563,40.0
2264,33.441,0.1833,0.3333,0.0000,0.2222,intermediate,0,5.377,40.0
2265,29.236,0.1314,0.2286,0.0000,0.1714,intermediate,0,-7.914,30.0
2266,35.308,0.1773,0.2727,0.0000,0.2727,intermediate,0,15.923,40.0
2267,28.402,0.1829,0.2571,0.1429,0.1429,intermediate,0,2.898,30.0
2268,20.235,0.1986,0.3714,0.0000,0.2286,intermediate,0,-15.584,30.0
2269,32.756,0.1306,0.2778,0.0000,0.1111,amorphous,0,11.150,40.0
2270,31.761,0.1385,0.2308,0.0000,0.1923,intermediate,0,-1.484,40.0
2271,32.249,0.1806,0.3226,0.0000,0.2258,intermediate,0,-22.809,40.0
2272,23.513,0.2014,0.2703,0.1892,0.1351,intermediate,0,-7.950,30.0
2273,31.286,0.1574,0.2593,0.0000,0.2222,intermediate,0,4.543,40.0
2274,31.031,0.1562,0.3125,0.0000,0.1562,intermediate,0,-5.699,40.0
2275,33.777,0.1833,0.3333,0.0000,0.2222,intermediate,0,4.322,40.0
2276,28.885,0.1351,0.2703,0.0000,0.1351,intermediate,0,-12.354,30.0
2277,32.695,0.1904,0.3462,0.0000,0.2308,intermediate,0,4.676,40.0
2278,32.137,0.2120,0.4000,0.0000,0.2400,intermediate,0,-1.373,40.0
2279,25.616,0.2375,0.3409,0.1818,0.1818,intermediate,0,-22.560,30.0
2280,23.951,0.2000,0.2857,0.1429,0.1667,intermediate,0,-8.815,30.0
2281,31.926,0.0907,0.2593,0.0000,0.0000,amorphous,0,-0.098,40.0
2282,36.830,0.1125,0.1500,0.0000,0.2000,intermediate,0,-18.247,40.0
2283,29.155,0.2133,0.2333,0.2333,0.1667,intermediate,0,-23.143,30.0
2284,26.836,0.2326,0.2558,0.2093,0.2326,intermediate,0,-21.042,30.0
2285,31.236,0.1515,0.3030,0.0000,0.1515,intermediate,0,-5.575,40.0
2286,22.866,0.2273,0.2500,0.2045,0.2273,intermediate,0,-21.251,30.0
2287,33.328,0.1571,0.2857,0.0000,0.1905,intermediate,0,3.558,40.0
2288,32.879,0.1435,0.2609,0.0000,0.1739,intermediate,0,-20.874,40.0
2289,23.351,0.2144,0.2667,0.1556,0.2222,intermediate,0,-13.122,30.0
2290,28.918,0.1891,0.2174,0.1739,0.1739,intermediate,0,-9.249,30.0
2291,29.340,0.2566,0.3421,0.2105,0.2105,crystalline,0,-22.491,30.0
2292,28.596,0.2586,0.4000,0.1429,0.2286,crystalline,0,-6.076,30.0
2293,27.940,0.2382,0.3421,0.1579,0.2105,intermediate,0,-13.700,30.0
2294,33.061,0.1040,0.1600,0.0000,0.1600,intermediate,0,-19.490,40.0
2295,26.076,0.1400,0.2000,0.0000,0.2333,intermediate,0,-3.797,30.0
2296,28.673,0.2351,0.2703,0.2162,0.2162,intermediate,0,-17.500,30.0
2297,31.712,0.1580,0.2800,0.0000,0.2000,intermediate,0,-21.768,40.0
2298,32.985,0.1180,0.2000,0.0000,0.1600,intermediate,0,-1.077,40.0
2299,32.883,0.1065,0.3043,0.0000,0.0000,amorphous,0,-17.852,40.0
2300,30.068,0.1766,0.3438,0.0000,0.1875,intermediate,0,-0.609,30.0
2301,22.839,0.2265,0.2647,0.2059,0.2059,intermediate,0,-23.048,30.0
2302,30.990,0.0921,0.2632,0.0000,0.0000,amorphous,0,-2.018,40.0
2303,29.379,0.1500,0.2571,0.0000,0.2000,intermediate,0,-13.743,30.0
2304,25.276,0.2213,0.2979,0.1702,0.1915,intermediate,0,-19.347,30.0
2305,29.979,0.1083,0.1667,0.0000,0.1667,intermediate,0,-13.840,30.0
2306,31.070,0.1241,0.2069,0.0000,0.1724,intermediate,0,-16.397,40.0
2307,33.941,0.1241,0.2069,0.0000,0.1724,intermediate,0,-23.377,40.0
2308,29.826,0.2100,0.4286,0.0000,0.2000,intermediate,0,-20.780,30.0
2309,26.378,0.0700,0.2000,0.0000,0.0000,amorphous,0,-2.781,30.0
2310,30.620,0.2386,0.3143,0.1714,0.2286,intermediate,0,-24.379,40.0
2311,30.895,0.1333,0.2222,0.0000,0.1852,intermediate,0,-14.918,40.0
2312,30.212,0.1200,0.2000,0.0000,0.1667,intermediate,0,-14.813,40.0
2313,26.553,0.1583,0.2619,0.1905,0.0000,intermediate,0,-24.027,30.0
2314,30.658,0.1788,0.3462,0.0000,0.1923,intermediate,0,-1.760,40.0
2315,25.119,0.2412,0.3000,0.1750,0.2500,intermediate,0,-13.966,30.0
2316,29.541,0.2026,0.2632,0.1579,0.1842,intermediate,0,-19.495,30.0
2317,32.223,0.1519,0.2692,0.0000,0.1923,intermediate,0,-6.900,40.0
2318,25.878,0.2268,0.2439,0.1951,0.2439,intermediate,0,-22.220,30.0
2319,20.609,0.1581,0.2581,0.0000,0.2258,intermediate,0,-21.415,30.0
2320,31.013,0.2111,0.4444,0.0000,0.1852,intermediate,0,-6.865,40.0
2321,28.605,0.2088,0.2941,0.1765,0.1471,intermediate,0,-23.641,30.0
2322,31.911,0.1241,0.2069,0.0000,0.1724,intermediate,0,-5.385,40.0
2323,22.236,0.1810,0.3333,0.0000,0.2143,intermediate,0,-19.830,30.0
2324,24.552,0.1917,0.2381,0.1667,0.1667,intermediate,0,-23.540,30.0
2325,31.568,0.1444,0.2222,0.0000,0.2222,intermediate,0,-22.273,40.0
2326,30.179,0.1460,0.2800,0.0000,0.1600,intermediate,0,-7.598,40.0
2327,32.196,0.2140,0.2800,0.1600,0.2000,intermediate,0,-24.051,40.0
2328,34.268,0.1938,0.2083,0.1667,0.2083,intermediate,0,-23.425,40.0
2329,32.775,0.1000,0.1739,0.0000,0.1304,intermediate,0,-17.544,40.0
2330,30.481,0.1317,0.2333,0.0000,0.1667,intermediate,0,-12.220,40.0
2331,20.889,0.1739,0.2174,0.1304,0.1739,intermediate,0,-15.814,30.0
2332,30.251,0.1597,0.2903,0.0000,0.1935,intermediate,0,-22.123,40.0
2333,37.434,0.1219,0.1875,0.0000,0.1875,intermediate,0,-21.166,40.0
2334,31.048,0.1919,0.3548,0.0000,0.2258,intermediate,0,-11.073,40.0
2335,29.181,0.1905,0.2432,0.1622,0.1622,intermediate,0,-25.176,30.0
2336,28.198,0.1600,0.2857,0.0000,0.2000,intermediate,0,-6.087,30.0
2337,31.087,0.1800,0.2667,0.1333,0.1333,intermediate,0,-13.239,40.0
2338,22.664,0.1387,0.2250,0.0000,0.2000,intermediate,0,-22.456,30.0
2339,33.162,0.1180,0.2000,0.0000,0.1600,intermediate,0,-6.836,40.0
2340,34.328,0.1161,0.1786,0.0000,0.1786,intermediate,0,-24.318,40.0
2341,33.258,0.1278,0.2222,0.0000,0.1667,intermediate,0,-16.348,40.0
2342,32.962,0.1385,0.2308,0.0000,0.1923,intermediate,0,4.138,40.0
2343,32.409,0.1739,0.2174,0.1304,0.1739,intermediate,0,4.046,40.0
2344,33.643,0.0921,0.2632,0.0000,0.0000,amorphous,0,7.035,40.0
2345,31.643,0.1766,0.3438,0.0000,0.1875,intermediate,0,-11.165,40.0
2346,33.168,0.1176,0.2353,0.0000,0.1176,amorphous,0,-1.078,40.0
2347,32.044,0.1882,0.2353,0.1765,0.1471,intermediate,0,-25.625,40.0
2348,28.335,0.2064,0.2821,0.1538,0.1795,intermediate,0,-20.622,30.0
2349,36.424,0.1526,0.2105,0.0000,0.2632,intermediate,0,-23.112,40.0
2350,31.372,0.1433,0.2667,0.0000,0.1667,intermediate,0,-19.280,40.0
2351,24.876,0.1562,0.2750,0.0000,0.2000,intermediate,0,-20.875,30.0
2352,23.800,0.1966,0.2414,0.1724,0.1724,intermediate,0,-13.216,30.0
2353,29.559,0.2368,0.3158,0.1579,0.2368,intermediate,0,-17.934,30.0
2354,32.191,0.1393,0.2143,0.0000,0.2143,intermediate,0,-25.100,40.0
2355,25.364,0.2020,0.2800,0.1600,0.1600,intermediate,0,-9.106,30.0
2356,29.194,0.1783,0.3667,0.0000,0.1667,intermediate,0,-7.124,30.0
2357,29.572,0.1180,0.2000,0.0000,0.1600,intermediate,0,-0.620,30.0
2358,28.555,0.1672,0.3438,0.0000,0.1562,intermediate,0,-11.519,30.0
2359,26.052,0.2500,0.4186,0.1163,0.2093,crystalline,0,-18.194,30.0
2360,32.989,0.1500,0.2308,0.0000,0.2308,intermediate,0,-20.802,40.0
2361,24.392,0.1855,0.2368,0.1579,0.1579,intermediate,0,-14.027,30.0
2362,22.976,0.1696,0.2609,0.0000,0.2609,intermediate,0,-24.048,30.0
2363,31.117,0.1325,0.2500,0.0000,0.1500,intermediate,0,1.680,40.0
2364,34.024,0.1325,0.2500,0.0000,0.1500,intermediate,0,-5.397,40.0
2365,34.253,0.1696,0.2609,0.0000,0.2609,intermediate,0,-25.491,40.0
2366,26.564,0.1048,0.1613,0.0000,0.1613,intermediate,0,-25.578,30.0
2367,31.910,0.1364,0.1818,0.0909,0.1364,intermediate,0,-17.016,40.0
2368,33.772,0.1045,0.1818,0.0000,0.1364,intermediate,0,-22.533,40.0
2369,24.377,0.1550,0.2500,0.0000,0.2250,intermediate,0,-22.364,30.0
2370,32.141,0.1923,0.2692,0.1154,0.1923,intermediate,0,-21.601,40.0
2371,21.197,0.1021,0.2917,0.0000,0.0000,amorphous,0,-19.809,30.0
2372,31.364,0.1411,0.2500,0.0000,0.1786,intermediate,0,-20.332,40.0
2373,29.547,0.1167,0.1481,0.1852,0.0000,intermediate,0,-25.720,30.0
2374,30.984,0.1460,0.2800,0.0000,0.1600,intermediate,0,-1.057,40.0
2375,31.115,0.1404,0.2692,0.0000,0.1538,intermediate,0,-1.961,40.0
2376,31.339,0.1286,0.2143,0.0000,0.1786,intermediate,0,-17.756,40.0
2377,32.046,0.1435,0.2609,0.0000,0.1739,intermediate,0,-23.880,40.0
2378,32.778,0.2000,0.3478,0.0000,0.2609,intermediate,0,-12.311,40.0
2379,32.655,0.0737,0.2105,0.0000,0.0000,amorphous,0,-16.538,40.0
2380,32.886,0.1269,0.2308,0.0000,0.1538,intermediate,0,-10.719,40.0
2381,22.898,0.1606,0.3030,0.0000,0.1818,intermediate,0,-21.213,30.0
2382,32.485,0.1083,0.1667,0.0000,0.1667,intermediate,0,-14.734,40.0
2383,30.830,0.1893,0.3571,0.0000,0.2143,intermediate,0,-12.342,40.0
2384,32.893,0.0750,0.2143,0.0000,0.0000,amorphous,0,-5.386,40.0
2385,34.563,0.1300,0.2000,0.0000,0.2000,intermediate,0,-26.828,40.0
2386,24.195,0.1847,0.3611,0.0000,0.1944,intermediate,0,-18.538,30.0
2387,31.136,0.1726,0.1613,0.1935,0.1613,intermediate,0,-26.742,40.0
2388,32.960,0.1150,0.2000,0.0000,0.1500,intermediate,0,-6.301,40.0
2389,28.846,0.1871,0.3143,0.0000,0.2571,intermediate,0,-19.066,30.0
2390,33.743,0.1029,0.1765,0.1176,0.0000,amorphous,0,-16.026,40.0
2391,32.288,0.2396,0.3333,0.2083,0.1667,intermediate,0,-22.694,40.0
2392,27.901,0.1314,0.2286,0.0000,0.1714,intermediate,0,-11.546,30.0
2393,31.851,0.1875,0.3214,0.0000,0.2500,intermediate,0,-18.979,40.0
2394,33.724,0.1261,0.1739,0.0000,0.2174,intermediate,0,-12.071,40.0
2395,32.359,0.1278,0.2222,0.0000,0.1667,intermediate,0,-13.088,40.0
2396,32.389,0.0875,0.2500,0.0000,0.0000,amorphous,0,-11.811,40.0
2397,26.102,0.2265,0.3235,0.1471,0.2059,intermediate,0,-19.591,30.0
2398,29.120,0.1385,0.2308,0.0000,0.1923,intermediate,0,-6.538,30.0
2399,32.337,0.2260,0.3200,0.1200,0.2400,intermediate,0,-17.585,40.0
2400,33.274,0.1000,0.1739,0.0000,0.1304,intermediate,0,-17.359,40.0
2401,29.531,0.1429,0.2857,0.0000,0.1429,intermediate,0,-7.320,30.0
2402,29.070,0.1317,0.2333,0.0000,0.1667,intermediate,0,-12.643,30.0
2403,31.465,0.2074,0.3704,0.0000,0.2593,intermediate,0,-16.479,40.0
2404,35.655,0.1318,0.1818,0.0000,0.2273,intermediate,0,-27.324,40.0
2405,27.847,0.2270,0.3243,0.1622,0.1892,intermediate,0,-23.243,30.0
2406,33.054,0.1904,0.3462,0.0000,0.2308,intermediate,0,-16.468,40.0
2407,31.015,0.1259,0.2414,0.0000,0.1379,intermediate,0,-26.542,40.0
2408,27.174,0.1917,0.2667,0.1667,0.1333,intermediate,0,-13.481,30.0
2409,27.439,0.2286,0.2571,0.2000,0.2286,intermediate,0,-26.657,30.0
2410,31.866,0.1714,0.2857,0.0000,0.2381,intermediate,0,-11.377,40.0
2411,35.536,0.1040,0.1600,0.0000,0.1600,intermediate,0,-27.771,40.0
2412,28.435,0.2068,0.2703,0.1351,0.2162,intermediate,0,-24.827,30.0
2413,28.833,0.1700,0.3143,0.0000,0.2000,intermediate,0,-16.877,30.0
2414,33.713,0.1942,0.2692,0.1538,0.1538,intermediate,0,-27.821,40.0
2415,30.721,0.2227,0.2727,0.1818,0.2121,intermediate,0,-28.038,40.0
2416,32.645,0.1483,0.2759,0.0000,0.1724,intermediate,0,-24.758,40.0
2417,33.947,0.1211,0.2105,0.0000,0.1579,intermediate,0,-28.274,40.0
2418,32.036,0.1825,0.3500,0.0000,0.2000,intermediate,0,-7.479,40.0
2419,25.903,0.1542,0.2500,0.0000,0.2222,intermediate,0,-25.275,30.0
2420,25.468,0.0778,0.2222,0.0000,0.0000,amorphous,0,-19.808,30.0
2421,32.683,0.1406,0.1875,0.0000,0.2500,intermediate,0,-2.326,40.0
2422,28.396,0.1740,0.2400,0.1200,0.1600,intermediate,0,-28.322,30.0
2423,33.897,0.2214,0.3810,0.0476,0.2381,intermediate,0,-17.605,40.0
2424,25.721,0.2381,0.2857,0.1905,0.2381,intermediate,0,-26.873,30.0
2425,30.949,0.1411,0.2500,0.0000,0.1786,intermediate,0,-17.702,40.0
2426,29.773,0.1694,0.2903,0.0000,0.2258,intermediate,0,-27.370,30.0
2427,31.441,0.1371,0.2258,0.0000,0.1935,intermediate,0,-23.442,40.0
2428,28.325,0.1600,0.2857,0.0000,0.2000,intermediate,0,-23.645,30.0
2429,28.654,0.2114,0.2727,0.1364,0.2273,intermediate,0,-11.824,30.0
2430,29.394,0.1958,0.3333,0.0833,0.1667,intermediate,0,-12.664,30.0
2431,31.552,0.1673,0.2308,0.1154,0.1538,intermediate,0,-26.131,40.0
2432,28.216,0.1606,0.3030,0.0000,0.1818,intermediate,0,-17.032,30.0
2433,28.096,0.1586,0.2571,0.0000,0.2286,intermediate,0,-26.100,30.0
2434,32.719,0.0812,0.1250,0.0000,0.1250,intermediate,0,-29.741,40.0
2435,33.325,0.1475,0.2500,0.0000,0.2000,intermediate,0,-29.002,40.0
2436,30.178,0.1741,0.2414,0.1379,0.1379,intermediate,0,-29.100,40.0
2437,27.500,0.1704,0.2963,0.0000,0.2222,intermediate,0,-27.902,30.0
2438,29.367,0.1222,0.2222,0.0000,0.1481,intermediate,0,-18.231,30.0
2439,26.536,0.1625,0.2500,0.0000,0.2500,intermediate,0,-23.901,30.0
2440,30.946,0.1893,0.3571,0.0000,0.2143,intermediate,0,-24.593,40.0
2441,33.929,0.0765,0.1176,0.0000,0.1176,amorphous,0,-30.339,40.0
2442,34.449,0.1135,0.1923,0.0000,0.1538,intermediate,0,-30.585,40.0
2443,26.312,0.2896,0.3333,0.2083,0.3333,crystalline,0,-26.304,30.0
2444,32.230,0.1654,0.3077,0.0000,0.1923,intermediate,0,-21.841,40.0
2445,31.447,0.1635,0.2692,0.0000,0.2308,intermediate,0,-16.538,40.0
2446,28.362,0.1518,0.2500,0.0000,0.2143,intermediate,0,-24.944,30.0
2447,30.029,0.1500,0.2308,0.0000,0.2308,intermediate,0,-24.050,30.0
2448,29.886,0.1722,0.2593,0.0741,0.1852,intermediate,0,-22.303,30.0
2449,32.380,0.1278,0.2222,0.0000,0.1667,intermediate,0,-30.789,40.0
2450,30.383,0.0940,0.2000,0.0000,0.0800,amorphous,0,-20.883,40.0
2451,27.853,0.1382,0.1765,0.1176,0.1176,amorphous,0,-19.924,30.0
2452,29.823,0.1364,0.1364,0.1364,0.1364,intermediate,0,-18.106,30.0
2453,31.675,0.1182,0.1818,0.0000,0.1818,intermediate,0,-29.391,40.0
2454,32.681,0.1300,0.2000,0.0000,0.2000,intermediate,0,-31.784,40.0
2455,29.331,0.0895,0.2105,0.0000,0.0526,amorphous,0,-22.417,30.0
2456,32.451,0.1283,0.2174,0.0000,0.1739,intermediate,0,-17.553,40.0
2457,32.905,0.1533,0.2667,0.0000,0.2000,intermediate,0,-13.320,40.0
2458,32.314,0.0833,0.2381,0.0000,0.0000,amorphous,0,-31.831,40.0
2459,30.490,0.1182,0.1818,0.0000,0.1818,intermediate,0,-23.509,40.0
2460,33.029,0.1211,0.2105,0.0000,0.1579,intermediate,0,-15.479,40.0
2461,30.466,0.1625,0.2500,0.0000,0.2500,intermediate,0,-30.733,40.0
2462,31.269,0.1704,0.2963,0.0000,0.2222,intermediate,0,-28.788,40.0
2463,29.824,0.1912,0.2941,0.0000,0.2941,intermediate,0,-29.196,30.0
2464,32.772,0.1083,0.1667,0.0000,0.1667,intermediate,0,-33.287,40.0
2465,31.558,0.1857,0.2857,0.0000,0.2857,intermediate,0,-30.185,40.0
2466,31.707,0.1733,0.2667,0.0000,0.2667,intermediate,0,-29.155,40.0
2467,33.505,0.1333,0.1333,0.1333,0.1333,intermediate,0,-21.057,40.0
