ca_index,d_p_A,crystallinity,frac_a,frac_c,frac_384,phase,domain,axial_A,shell_bfac
0,17.148,0.2825,0.3500,0.2000,0.3000,crystalline,0,39.779,0.0
1,19.698,0.2857,0.3333,0.2381,0.2857,crystalline,0,39.684,0.0
2,15.527,0.2917,0.3750,0.2083,0.2917,crystalline,0,40.580,0.0
3,15.225,0.1937,0.1875,0.1250,0.2812,intermediate,0,34.185,0.0
4,16.970,0.2964,0.3571,0.2143,0.3214,crystalline,0,40.563,0.0
5,20.217,0.2409,0.3182,0.1364,0.2727,intermediate,0,39.455,0.0
6,19.726,0.2808,0.3462,0.1923,0.3077,crystalline,0,40.256,0.0
7,16.763,0.2208,0.2500,0.1667,0.2500,intermediate,0,33.400,0.0
8,14.584,0.2342,0.2632,0.1579,0.2895,intermediate,0,37.490,0.0
9,11.354,0.2414,0.2759,0.2069,0.2414,intermediate,0,34.085,0.0
10,13.497,0.3196,0.3913,0.2609,0.3043,crystalline,0,40.463,0.0
11,14.558,0.1844,0.1875,0.1250,0.2500,intermediate,0,32.156,0.0
12,11.098,0.1689,0.1622,0.1351,0.2162,intermediate,0,31.848,0.0
13,14.182,0.1737,0.2000,0.1250,0.2000,intermediate,0,33.956,0.0
14,11.482,0.2092,0.2368,0.1579,0.2368,intermediate,0,37.283,0.0
15,14.380,0.2727,0.3182,0.2273,0.2727,crystalline,0,33.282,0.0
16,16.522,0.2883,0.3333,0.2333,0.3000,crystalline,0,41.364,0.0
17,15.852,0.2107,0.1786,0.1786,0.2857,intermediate,0,33.076,0.0
18,7.979,0.1750,0.1765,0.1471,0.2059,intermediate,0,31.431,0.0
19,12.761,0.1632,0.1471,0.1176,0.2353,intermediate,0,31.625,0.0
20,7.690,0.2118,0.2368,0.2105,0.1842,intermediate,0,35.201,0.0
21,14.304,0.2833,0.3333,0.2222,0.2963,crystalline,0,41.460,0.0
22,20.531,0.2705,0.2727,0.2273,0.3182,crystalline,0,39.360,0.0
23,12.932,0.3208,0.3750,0.2917,0.2917,crystalline,0,41.265,0.0
24,17.071,0.1908,0.2105,0.1316,0.2368,intermediate,0,36.976,0.0
25,9.792,0.2981,0.3333,0.2963,0.2593,crystalline,0,34.180,0.0
26,20.168,0.2875,0.3571,0.2500,0.2500,crystalline,0,40.240,0.0
27,10.712,0.1179,0.1026,0.1026,0.1538,amorphous,0,29.335,0.0
28,18.786,0.2471,0.2857,0.2000,0.2571,intermediate,0,41.136,0.0
29,8.484,0.1074,0.1176,0.0882,0.1176,amorphous,0,28.303,0.0
30,18.109,0.2062,0.1875,0.1875,0.2500,intermediate,0,32.504,0.0
31,10.190,0.1000,0.0833,0.0833,0.1389,amorphous,0,30.253,0.0
32,7.506,0.2567,0.2667,0.2667,0.2333,crystalline,0,34.981,0.0
33,10.946,0.2225,0.2250,0.1750,0.2750,intermediate,0,37.181,0.0
34,17.459,0.2048,0.1905,0.1905,0.2381,intermediate,0,32.276,0.0
35,4.983,0.1412,0.1500,0.1250,0.1500,intermediate,0,31.133,0.0
36,16.989,0.2184,0.2632,0.1579,0.2368,intermediate,0,36.937,0.0
37,11.695,0.1261,0.2045,0.0000,0.1818,intermediate,0,33.646,0.0
38,13.658,0.1625,0.1250,0.1250,0.2500,intermediate,0,31.832,0.0
39,21.153,0.2783,0.3333,0.2333,0.2667,crystalline,0,41.041,0.0
40,11.938,0.1769,0.1538,0.1538,0.2308,intermediate,0,27.099,0.0
41,8.551,0.1129,0.1143,0.0857,0.1429,amorphous,0,25.883,0.0
42,8.268,0.0943,0.0857,0.0857,0.1143,amorphous,0,26.090,0.0
43,13.606,0.1654,0.2308,0.0000,0.2821,intermediate,0,36.858,0.0
44,16.459,0.2023,0.2273,0.1364,0.2500,intermediate,0,36.857,0.0
45,20.957,0.2357,0.2857,0.1429,0.2857,intermediate,0,39.556,0.0
46,9.700,0.1345,0.1034,0.1034,0.2069,amorphous,0,25.854,0.0
47,10.821,0.1500,0.1212,0.1515,0.1818,intermediate,0,25.997,0.0
48,15.113,0.2607,0.2857,0.2143,0.2857,crystalline,0,42.262,0.0
49,8.698,0.2029,0.2059,0.1471,0.2647,intermediate,0,36.764,0.0
50,21.020,0.2891,0.3478,0.2174,0.3043,crystalline,0,40.357,0.0
51,14.168,0.2105,0.2105,0.2105,0.2105,intermediate,0,26.905,0.0
52,13.702,0.1378,0.1707,0.0976,0.1463,intermediate,0,32.595,0.0
53,2.614,0.1780,0.1707,0.1707,0.1951,intermediate,0,31.122,0.0
54,19.390,0.2324,0.2703,0.1622,0.2703,intermediate,0,41.938,0.0
55,18.519,0.1950,0.1500,0.1500,0.3000,intermediate,0,32.180,0.0
56,16.710,0.2056,0.1481,0.1852,0.2963,intermediate,0,33.177,0.0
57,9.567,0.1069,0.1389,0.0000,0.1944,intermediate,0,29.474,0.0
58,17.346,0.2729,0.2857,0.2000,0.3429,crystalline,0,42.244,0.0
59,11.537,0.1400,0.1000,0.1000,0.2333,amorphous,0,26.190,0.0
60,4.294,0.1012,0.1163,0.0930,0.0930,amorphous,0,27.473,0.0
61,8.080,0.2680,0.2800,0.2800,0.2400,crystalline,0,35.287,0.0
62,8.841,0.2238,0.2500,0.1750,0.2500,intermediate,0,26.634,0.0
63,9.003,0.0956,0.0882,0.0588,0.1471,amorphous,0,27.021,0.0
64,14.076,0.1456,0.1176,0.1471,0.1765,intermediate,0,31.719,0.0
65,10.531,0.1176,0.1176,0.1176,0.1176,amorphous,0,25.614,0.0
66,6.956,0.2450,0.2333,0.2667,0.2333,intermediate,0,35.860,0.0
67,13.421,0.0875,0.1136,0.0000,0.1591,amorphous,0,33.426,0.0
68,7.370,0.1659,0.1591,0.1591,0.1818,intermediate,0,26.744,0.0
69,13.951,0.2609,0.3043,0.2174,0.2609,crystalline,0,42.144,0.0
70,14.941,0.1675,0.2000,0.1500,0.1500,intermediate,0,26.999,0.0
71,8.257,0.1423,0.2308,0.0000,0.2051,intermediate,0,27.445,0.0
72,17.311,0.2000,0.2571,0.1429,0.2000,intermediate,0,37.127,0.0
73,5.124,0.2298,0.2381,0.2143,0.2381,intermediate,0,24.943,0.0
74,14.198,0.2417,0.2778,0.2222,0.2222,intermediate,0,26.202,0.0
75,7.413,0.1390,0.1463,0.1463,0.1220,intermediate,0,25.441,0.0
76,21.227,0.2530,0.3030,0.2121,0.2424,crystalline,0,41.236,0.0
77,16.639,0.1767,0.2093,0.1163,0.2093,intermediate,0,36.535,0.0
78,18.426,0.1522,0.0000,0.1739,0.3043,intermediate,0,32.375,0.0
79,7.745,0.2190,0.2759,0.1724,0.2069,intermediate,0,28.909,0.0
80,11.124,0.2521,0.3333,0.2083,0.2083,crystalline,0,28.106,0.0
81,11.519,0.1125,0.0938,0.0938,0.1562,amorphous,0,30.355,0.0
82,10.762,0.1061,0.1212,0.0000,0.2121,intermediate,0,25.868,0.0
83,5.590,0.2087,0.2750,0.1500,0.2000,intermediate,0,22.447,0.0
84,13.185,0.1864,0.2045,0.1136,0.2500,intermediate,0,36.756,0.0
85,6.167,0.1136,0.1136,0.1136,0.1136,amorphous,0,30.806,0.0
86,8.027,0.2727,0.2727,0.2727,0.2727,crystalline,0,36.089,0.0
87,22.485,0.3167,0.3333,0.2857,0.3333,crystalline,0,39.460,0.0
88,10.085,0.1703,0.1622,0.1622,0.1892,intermediate,0,36.663,0.0
89,2.875,0.1634,0.1707,0.1707,0.1463,intermediate,0,31.020,0.0
90,25.768,0.3577,0.4615,0.2308,0.3846,crystalline,0,47.420,0.0
91,21.924,0.2432,0.2973,0.1892,0.2432,intermediate,0,41.921,0.0
92,7.359,0.1703,0.1892,0.1351,0.1892,intermediate,0,25.929,0.0
93,21.926,0.3208,0.4167,0.2500,0.2917,crystalline,0,40.339,0.0
94,5.577,0.2618,0.2895,0.2105,0.2895,crystalline,0,25.135,0.0
95,2.579,0.1152,0.1304,0.0870,0.1304,intermediate,0,26.657,0.0
96,9.139,0.1261,0.1136,0.0909,0.1818,amorphous,0,29.260,0.0
97,15.399,0.2194,0.2222,0.1667,0.2778,intermediate,0,25.896,0.0
98,11.206,0.1346,0.1282,0.1026,0.1795,intermediate,0,36.549,0.0
99,16.860,0.2051,0.2564,0.1538,0.2051,intermediate,0,36.793,0.0
100,7.232,0.2284,0.3182,0.1591,0.2045,intermediate,0,21.342,0.0
101,4.724,0.2319,0.2778,0.1944,0.2222,intermediate,0,20.938,0.0
102,6.259,0.1250,0.2143,0.0000,0.1667,intermediate,0,23.936,0.0
103,9.251,0.2017,0.2000,0.2333,0.1667,intermediate,0,36.661,0.0
104,15.549,0.1917,0.2083,0.1250,0.2500,intermediate,0,25.879,0.0
105,4.095,0.2032,0.1935,0.1935,0.2258,intermediate,0,29.788,0.0
106,4.067,0.2333,0.4222,0.2444,0.0000,intermediate,0,21.266,0.0
107,18.613,0.2750,0.3333,0.1667,0.3333,crystalline,0,43.046,0.0
108,7.109,0.1566,0.1579,0.1316,0.1842,intermediate,0,25.688,0.0
109,3.504,0.1476,0.1707,0.1463,0.1220,intermediate,0,29.815,0.0
110,18.462,0.2342,0.2632,0.1579,0.2895,intermediate,0,37.260,0.0
111,22.066,0.2371,0.2571,0.2000,0.2571,intermediate,0,42.038,0.0
112,21.877,0.3096,0.3846,0.2692,0.2692,crystalline,0,41.142,0.0
113,3.665,0.1750,0.3333,0.0000,0.1944,intermediate,0,19.853,0.0
114,16.595,0.1810,0.1379,0.1724,0.2414,intermediate,0,31.927,0.0
115,2.082,0.3250,0.3684,0.2895,0.3158,crystalline,0,22.136,0.0
116,9.030,0.2761,0.3478,0.2174,0.2609,crystalline,0,23.586,0.0
117,12.798,0.1300,0.1250,0.0750,0.2000,intermediate,0,32.695,0.0
118,15.397,0.1250,0.0909,0.0909,0.2045,amorphous,0,36.225,0.0
119,6.285,0.1895,0.3023,0.0000,0.2791,intermediate,0,26.356,0.0
120,13.155,0.0919,0.0968,0.0000,0.1935,amorphous,0,26.285,0.0
121,16.013,0.2891,0.3043,0.2609,0.3043,crystalline,0,42.945,0.0
122,7.145,0.1318,0.1818,0.0909,0.1212,intermediate,0,20.441,0.0
123,17.493,0.1479,0.1489,0.1277,0.1702,intermediate,0,36.433,0.0
124,10.031,0.1071,0.1429,0.0714,0.1071,amorphous,0,21.725,0.0
125,7.450,0.2298,0.2857,0.1667,0.2381,intermediate,0,23.088,0.0
126,11.081,0.1421,0.1579,0.1579,0.1053,intermediate,0,20.721,0.0
127,17.610,0.2479,0.2917,0.1667,0.2917,intermediate,0,43.140,0.0
128,9.381,0.1825,0.2000,0.1500,0.2000,intermediate,0,29.003,0.0
129,10.689,0.1755,0.1702,0.1489,0.2128,intermediate,0,27.964,0.0
130,10.371,0.1457,0.1304,0.1739,0.1304,intermediate,0,20.604,0.0
131,20.594,0.2294,0.1765,0.1765,0.3529,intermediate,0,32.280,0.0
132,5.354,0.1514,0.1429,0.1429,0.1714,intermediate,0,31.021,0.0
133,5.268,0.1316,0.1579,0.1053,0.1316,intermediate,0,25.587,0.0
134,26.689,0.3861,0.4444,0.2778,0.4444,crystalline,0,48.222,0.0
135,11.810,0.1250,0.1176,0.0882,0.1765,amorphous,0,29.700,0.0
136,20.418,0.2357,0.2571,0.1714,0.2857,intermediate,0,42.818,0.0
137,6.215,0.1333,0.1778,0.0889,0.1333,intermediate,0,22.916,0.0
138,23.653,0.2857,0.3810,0.1905,0.2857,crystalline,0,39.231,0.0
139,22.427,0.2843,0.3143,0.2286,0.3143,crystalline,0,42.485,0.0
140,7.964,0.2068,0.2703,0.1351,0.2162,intermediate,0,27.461,0.0
141,23.209,0.2771,0.3750,0.1667,0.2917,crystalline,0,40.033,0.0
142,5.128,0.2364,0.3182,0.1818,0.2045,intermediate,0,19.543,0.0
143,7.897,0.1717,0.1739,0.1304,0.2174,intermediate,0,29.806,0.0
144,8.587,0.2195,0.2683,0.1707,0.2195,intermediate,0,24.733,0.0
145,11.162,0.0966,0.2069,0.0690,0.0000,amorphous,0,22.531,0.0
146,7.113,0.1588,0.2000,0.1250,0.1500,intermediate,0,19.723,0.0
147,10.236,0.1522,0.1739,0.1304,0.1522,intermediate,0,28.949,0.0
148,3.405,0.1384,0.1628,0.0930,0.1628,intermediate,0,23.743,0.0
149,6.773,0.1244,0.1395,0.1163,0.1163,amorphous,0,30.483,0.0
150,14.578,0.1695,0.1951,0.1220,0.1951,intermediate,0,37.547,0.0
151,14.482,0.1122,0.1220,0.0732,0.1463,intermediate,0,33.526,0.0
152,17.767,0.2053,0.2105,0.1053,0.3158,intermediate,0,25.996,0.0
153,5.734,0.3120,0.3696,0.2609,0.3043,crystalline,0,22.564,0.0
154,12.151,0.0710,0.0000,0.0645,0.1613,amorphous,0,26.322,0.0
155,10.981,0.2125,0.1500,0.2000,0.3000,intermediate,0,36.968,0.0
156,11.781,0.1283,0.1087,0.1087,0.1739,amorphous,0,33.978,0.0
157,20.046,0.2457,0.2609,0.2174,0.2609,intermediate,0,32.853,0.0
158,12.512,0.1304,0.1739,0.0870,0.1304,intermediate,0,21.728,0.0
159,2.171,0.2863,0.4000,0.2250,0.2250,crystalline,0,17.047,0.0
160,6.878,0.2171,0.3902,0.0000,0.2683,intermediate,0,18.536,0.0
161,6.844,0.2461,0.2895,0.2105,0.2368,intermediate,0,20.529,0.0
162,3.667,0.1179,0.1429,0.0714,0.1429,intermediate,0,24.954,0.0
163,3.998,0.2344,0.4222,0.0000,0.2889,intermediate,0,20.957,0.0
164,14.221,0.1406,0.0938,0.0938,0.2500,intermediate,0,25.961,0.0
165,4.065,0.1500,0.1429,0.1429,0.1667,intermediate,0,25.798,0.0
166,12.641,0.1117,0.1064,0.0851,0.1489,amorphous,0,30.159,0.0
167,3.837,0.3120,0.3913,0.2391,0.3043,crystalline,0,23.276,0.0
168,5.773,0.3707,0.4783,0.2826,0.3478,crystalline,0,18.460,0.0
169,8.391,0.1544,0.1556,0.1333,0.1778,intermediate,0,27.906,0.0
170,10.233,0.0937,0.1250,0.0625,0.0938,amorphous,0,20.254,0.0
171,9.317,0.1614,0.2000,0.1143,0.1714,intermediate,0,18.245,0.0
172,22.794,0.2544,0.2941,0.2059,0.2647,crystalline,0,42.021,0.0
173,18.200,0.2242,0.2258,0.1935,0.2581,intermediate,0,31.396,0.0
174,13.548,0.1737,0.1842,0.1316,0.2105,intermediate,0,37.641,0.0
175,3.123,0.1553,0.1702,0.1277,0.1702,intermediate,0,27.805,0.0
176,16.222,0.1700,0.1714,0.1429,0.2000,intermediate,0,31.293,0.0
177,9.618,0.1257,0.1351,0.1081,0.1351,intermediate,0,33.147,0.0
178,22.706,0.2940,0.3600,0.2400,0.2800,crystalline,0,40.913,0.0
179,4.516,0.2175,0.2750,0.1750,0.2000,intermediate,0,17.199,0.0
180,19.224,0.2147,0.2353,0.1765,0.2353,intermediate,0,36.729,0.0
181,17.629,0.1364,0.1364,0.1364,0.1364,intermediate,0,36.052,0.0
182,13.226,0.1320,0.1600,0.0800,0.1600,intermediate,0,20.433,0.0
183,7.285,0.3886,0.5455,0.2727,0.3409,crystalline,0,17.474,0.0
184,21.511,0.2294,0.1765,0.1765,0.3529,intermediate,0,32.052,0.0
185,1.345,0.2717,0.3696,0.2391,0.1957,crystalline,0,15.943,0.0
186,17.108,0.1606,0.1702,0.1064,0.2128,intermediate,0,37.318,0.0
187,19.375,0.1415,0.1951,0.0000,0.2439,intermediate,0,37.223,0.0
188,18.128,0.2079,0.2105,0.1579,0.2632,intermediate,0,25.979,0.0
189,8.206,0.1197,0.0909,0.1212,0.1515,amorphous,0,30.920,0.0
190,5.497,0.2610,0.3171,0.2195,0.2439,crystalline,0,22.061,0.0
191,14.001,0.1437,0.1250,0.1250,0.1875,intermediate,0,19.595,0.0
192,2.647,0.1851,0.2340,0.1489,0.1702,intermediate,0,24.364,0.0
193,12.987,0.1659,0.2273,0.0909,0.1818,intermediate,0,22.625,0.0
194,2.926,0.3738,0.5000,0.2619,0.3571,crystalline,0,15.870,0.0
195,14.185,0.0864,0.0000,0.0909,0.1818,amorphous,0,32.927,0.0
196,4.270,0.2330,0.4318,0.0000,0.2727,intermediate,0,16.737,0.0
197,8.297,0.1344,0.1562,0.0938,0.1562,intermediate,0,25.380,0.0
198,11.682,0.1234,0.1250,0.0938,0.1562,intermediate,0,36.032,0.0
199,5.365,0.3135,0.3958,0.2500,0.2917,crystalline,0,20.068,0.0
200,10.592,0.2340,0.2766,0.1915,0.2340,intermediate,0,25.109,0.0
201,17.355,0.1146,0.0833,0.0833,0.1875,amorphous,0,33.757,0.0
202,6.990,0.2554,0.3261,0.2174,0.2174,crystalline,0,17.501,0.0
203,6.745,0.2470,0.2800,0.2200,0.2400,intermediate,0,24.386,0.0
204,7.715,0.2000,0.2619,0.1667,0.1667,intermediate,0,18.908,0.0
205,24.565,0.2113,0.3548,0.0000,0.2903,intermediate,0,43.055,0.0
206,19.358,0.2568,0.3182,0.1818,0.2727,crystalline,0,43.942,0.0
207,7.216,0.1125,0.1136,0.0909,0.1364,amorphous,0,23.963,0.0
208,22.446,0.2286,0.3143,0.1429,0.2286,intermediate,0,41.868,0.0
209,9.130,0.1411,0.1429,0.1071,0.1786,intermediate,0,30.685,0.0
210,7.310,0.1942,0.2692,0.1538,0.1538,intermediate,0,15.515,0.0
211,13.103,0.1958,0.2083,0.2083,0.1667,intermediate,0,37.541,0.0
212,11.693,0.1840,0.1915,0.1702,0.1915,intermediate,0,27.684,0.0
213,11.741,0.1121,0.1515,0.0909,0.0909,amorphous,0,21.528,0.0
214,18.976,0.2183,0.2195,0.1951,0.2439,intermediate,0,36.627,0.0
215,18.432,0.2087,0.2391,0.1522,0.2391,intermediate,0,36.527,0.0
216,6.662,0.2636,0.3333,0.2121,0.2424,crystalline,0,15.800,0.0
217,10.225,0.1313,0.2250,0.0000,0.1750,intermediate,0,28.068,0.0
218,7.165,0.2185,0.3043,0.1522,0.1957,intermediate,0,20.143,0.0
219,21.930,0.2333,0.2667,0.2000,0.2333,intermediate,0,43.618,0.0
220,5.495,0.2663,0.4783,0.2826,0.0000,intermediate,0,17.165,0.0
221,23.481,0.2857,0.3214,0.2500,0.2857,crystalline,0,41.714,0.0
222,9.019,0.2355,0.2632,0.1842,0.2632,intermediate,0,26.120,0.0
223,5.331,0.1814,0.2571,0.1143,0.1714,intermediate,0,14.668,0.0
224,14.018,0.1844,0.1250,0.1875,0.2500,intermediate,0,37.770,0.0
225,20.902,0.3339,0.3929,0.2857,0.3214,crystalline,0,33.638,0.0
226,24.480,0.3341,0.4091,0.2727,0.3182,crystalline,0,40.016,0.0
227,4.937,0.1595,0.1905,0.1429,0.1429,intermediate,0,26.975,0.0
228,8.814,0.2683,0.3415,0.1951,0.2683,crystalline,0,19.775,0.0
229,4.159,0.3369,0.4762,0.2619,0.2619,crystalline,0,16.562,0.0
230,7.240,0.2446,0.3243,0.1892,0.2162,intermediate,0,14.382,0.0
231,6.824,0.1925,0.2500,0.1500,0.1750,intermediate,0,16.253,0.0
232,2.459,0.3278,0.4222,0.2667,0.2889,crystalline,0,18.390,0.0
233,5.114,0.2702,0.3404,0.2128,0.2553,crystalline,0,18.900,0.0
234,15.406,0.1608,0.1892,0.1081,0.1892,intermediate,0,32.475,0.0
235,22.058,0.3609,0.3913,0.3043,0.3913,crystalline,0,32.836,0.0
236,6.828,0.3552,0.4375,0.2917,0.3333,crystalline,0,19.758,0.0
237,20.957,0.2690,0.2857,0.2381,0.2857,crystalline,0,43.925,0.0
238,24.374,0.2983,0.3667,0.2000,0.3333,crystalline,0,42.822,0.0
239,16.361,0.1269,0.1538,0.0769,0.1538,intermediate,0,19.501,0.0
240,10.387,0.1924,0.2424,0.1515,0.1818,intermediate,0,18.171,0.0
241,13.955,0.0922,0.1111,0.0000,0.1778,amorphous,0,30.662,0.0
242,7.451,0.3402,0.4348,0.2391,0.3478,crystalline,0,18.887,0.0
243,4.945,0.3000,0.3750,0.2250,0.3000,crystalline,0,22.856,0.0
244,8.956,0.0724,0.1379,0.0690,0.0000,amorphous,0,19.944,0.0
245,19.440,0.2621,0.2727,0.2424,0.2727,crystalline,0,34.517,0.0
246,9.483,0.0971,0.0882,0.0882,0.1176,amorphous,0,25.266,0.0
247,24.438,0.3348,0.3913,0.3043,0.3043,crystalline,0,40.818,0.0
248,11.951,0.1382,0.1765,0.1176,0.1176,amorphous,0,24.061,0.0
249,15.688,0.1083,0.1111,0.0556,0.1667,amorphous,0,19.696,0.0
250,20.773,0.2144,0.2667,0.1556,0.2222,intermediate,0,37.418,0.0
251,8.674,0.1260,0.2400,0.1200,0.0000,intermediate,0,15.121,0.0
252,5.105,0.3300,0.4667,0.2667,0.2444,crystalline,0,15.557,0.0
253,12.133,0.1549,0.1951,0.1220,0.1463,intermediate,0,28.673,0.0
254,8.490,0.1408,0.1316,0.1579,0.1316,intermediate,0,30.287,0.0
255,2.755,0.2574,0.3404,0.2128,0.2128,crystalline,0,13.436,0.0
256,8.208,0.2837,0.3269,0.2692,0.2500,crystalline,0,23.955,0.0
257,10.817,0.1302,0.1163,0.1163,0.1628,amorphous,0,30.873,0.0
258,11.597,0.1571,0.1429,0.1429,0.1905,intermediate,0,31.486,0.0
259,6.735,0.2560,0.3571,0.1905,0.2143,crystalline,0,14.234,0.0
260,10.726,0.2053,0.2128,0.1915,0.2128,intermediate,0,25.573,0.0
261,17.911,0.2606,0.2727,0.2121,0.3030,crystalline,0,30.972,0.0
262,8.102,0.2283,0.4130,0.2391,0.0000,intermediate,0,20.783,0.0
263,6.239,0.3133,0.3878,0.2449,0.3061,crystalline,0,12.815,0.0
264,17.263,0.0761,0.0870,0.0000,0.1522,amorphous,0,33.027,0.0
265,8.424,0.3289,0.4667,0.2444,0.2667,crystalline,0,14.668,0.0
266,12.447,0.1105,0.2105,0.1053,0.0000,amorphous,0,14.324,0.0
267,6.954,0.1429,0.1905,0.0952,0.1429,intermediate,0,18.736,0.0
268,9.400,0.2300,0.2571,0.2286,0.2000,intermediate,0,20.453,0.0
269,7.238,0.2057,0.2500,0.1818,0.1818,intermediate,0,19.273,0.0
270,7.442,0.2702,0.3095,0.2381,0.2619,crystalline,0,20.881,0.0
271,13.882,0.0963,0.0976,0.0732,0.1220,amorphous,0,29.723,0.0
272,6.158,0.1695,0.3171,0.0000,0.1951,intermediate,0,14.978,0.0
273,14.910,0.1167,0.1250,0.0833,0.1458,intermediate,0,30.917,0.0
274,20.653,0.1622,0.2000,0.1111,0.1778,intermediate,0,37.323,0.0
275,6.064,0.3037,0.4390,0.2195,0.2439,crystalline,0,16.661,0.0
276,7.874,0.2397,0.2564,0.2308,0.2308,intermediate,0,23.634,0.0
277,16.505,0.1310,0.0952,0.0952,0.2143,amorphous,0,36.289,0.0
278,2.108,0.2292,0.2708,0.1875,0.2292,intermediate,0,21.557,0.0
279,10.381,0.1045,0.1364,0.0455,0.1364,intermediate,0,15.427,0.0
280,26.548,0.2903,0.3548,0.2258,0.2903,crystalline,0,43.719,0.0
281,7.707,0.1192,0.1282,0.1026,0.1282,intermediate,0,24.854,0.0
282,8.078,0.1325,0.1750,0.0750,0.1500,intermediate,0,22.221,0.0
283,6.006,0.1872,0.3488,0.1860,0.0000,intermediate,0,11.868,0.0
284,5.426,0.3138,0.4255,0.2340,0.2766,crystalline,0,12.324,0.0
285,8.881,0.2663,0.2857,0.2653,0.2449,crystalline,0,25.086,0.0
286,6.044,0.2955,0.3636,0.2273,0.2955,crystalline,0,14.628,0.0
287,16.950,0.2539,0.2895,0.2105,0.2632,crystalline,0,30.870,0.0
288,14.088,0.1456,0.1471,0.1176,0.1765,intermediate,0,35.929,0.0
289,9.821,0.1418,0.1429,0.1224,0.1633,intermediate,0,26.881,0.0
290,23.501,0.2208,0.2222,0.1944,0.2500,intermediate,0,41.766,0.0
291,6.150,0.2564,0.3191,0.2128,0.2340,crystalline,0,21.451,0.0
292,13.345,0.0918,0.1224,0.0000,0.1633,intermediate,0,30.390,0.0
293,18.694,0.2587,0.2174,0.2609,0.3043,crystalline,0,26.457,0.0
294,3.413,0.3185,0.4130,0.2174,0.3261,crystalline,0,18.828,0.0
295,15.807,0.1818,0.1818,0.1818,0.1818,intermediate,0,38.342,0.0
296,18.014,0.1022,0.0889,0.0889,0.1333,amorphous,0,33.703,0.0
297,10.220,0.1549,0.1463,0.1707,0.1463,intermediate,0,30.146,0.0
298,3.723,0.1963,0.2927,0.1220,0.1707,intermediate,0,13.446,0.0
299,19.884,0.1549,0.1951,0.1220,0.1463,intermediate,0,35.860,0.0
300,7.714,0.3357,0.4286,0.2857,0.2857,crystalline,0,14.358,0.0
301,3.967,0.2979,0.3617,0.2340,0.2979,crystalline,0,16.909,0.0
302,6.318,0.3208,0.4167,0.2500,0.2917,crystalline,0,13.346,0.0
303,1.513,0.2865,0.3750,0.2292,0.2500,crystalline,0,12.151,0.0
304,7.834,0.1384,0.1395,0.1163,0.1628,intermediate,0,25.895,0.0
305,6.100,0.2136,0.3333,0.1212,0.1818,intermediate,0,12.027,0.0
306,15.366,0.1919,0.1613,0.1935,0.2258,intermediate,0,25.537,0.0
307,8.218,0.1177,0.1613,0.0645,0.1290,intermediate,0,19.099,0.0
308,9.113,0.1174,0.1739,0.0870,0.0870,amorphous,0,16.324,0.0
309,20.880,0.2147,0.2353,0.1765,0.2353,intermediate,0,36.305,0.0
310,9.519,0.2435,0.4348,0.2609,0.0000,intermediate,0,13.488,0.0
311,15.604,0.1410,0.1026,0.1026,0.2308,intermediate,0,35.816,0.0
312,3.461,0.2467,0.3043,0.1957,0.2391,intermediate,0,20.550,0.0
313,22.867,0.3462,0.3846,0.3077,0.3462,crystalline,0,33.833,0.0
314,25.251,0.2909,0.3636,0.2727,0.2273,crystalline,0,41.697,0.0
315,7.764,0.1487,0.1579,0.1316,0.1579,intermediate,0,24.964,0.0
316,12.719,0.0909,0.0909,0.0909,0.0909,amorphous,0,24.188,0.0
317,3.168,0.3283,0.4348,0.2609,0.2826,crystalline,0,19.682,0.0
318,5.075,0.2522,0.3111,0.2000,0.2444,crystalline,0,10.558,0.0
319,25.616,0.2891,0.3913,0.1739,0.3043,crystalline,0,42.594,0.0
320,12.082,0.1633,0.3000,0.1667,0.0000,intermediate,0,12.845,0.0
321,5.323,0.3073,0.3750,0.2708,0.2708,crystalline,0,11.970,0.0
322,14.706,0.1325,0.1000,0.1500,0.1500,amorphous,0,20.173,0.0
323,2.550,0.2186,0.3023,0.1628,0.1860,intermediate,0,10.906,0.0
324,3.393,0.1902,0.3043,0.2391,0.0000,intermediate,0,10.512,0.0
325,11.218,0.1019,0.1154,0.0769,0.1154,amorphous,0,30.289,0.0
326,2.902,0.2967,0.4000,0.2000,0.2889,crystalline,0,15.768,0.0
327,22.286,0.2759,0.3103,0.2414,0.2759,crystalline,0,34.634,0.0
328,6.252,0.1537,0.1951,0.0976,0.1707,intermediate,0,24.074,0.0
329,20.759,0.1071,0.0816,0.1020,0.1429,amorphous,0,35.700,0.0
330,14.603,0.1395,0.1579,0.1053,0.1579,intermediate,0,27.234,0.0
331,5.282,0.3128,0.3830,0.2553,0.2979,crystalline,0,12.469,0.0
332,10.851,0.2280,0.2683,0.1951,0.2195,intermediate,0,21.750,0.0
333,5.504,0.2273,0.2955,0.1591,0.2273,intermediate,0,20.571,0.0
334,12.707,0.1458,0.2500,0.1667,0.0000,intermediate,0,13.716,0.0
335,23.279,0.2150,0.2000,0.2000,0.2500,intermediate,0,44.727,0.0
336,18.829,0.1427,0.1458,0.0833,0.2083,intermediate,0,35.493,0.0
337,7.477,0.1925,0.3250,0.2250,0.0000,intermediate,0,13.003,0.0
338,6.706,0.3208,0.3958,0.2708,0.2917,crystalline,0,16.082,0.0
339,17.097,0.1286,0.1429,0.1020,0.1429,intermediate,0,30.418,0.0
340,12.005,0.1543,0.1489,0.1277,0.1915,intermediate,0,25.586,0.0
341,23.336,0.1711,0.2000,0.1556,0.1556,intermediate,0,38.219,0.0
342,6.817,0.2891,0.3478,0.2174,0.3043,crystalline,0,18.051,0.0
343,11.152,0.2350,0.3333,0.1667,0.2000,intermediate,0,17.860,0.0
344,5.283,0.2939,0.3902,0.2195,0.2683,crystalline,0,14.068,0.0
345,9.574,0.2638,0.3404,0.2128,0.2340,crystalline,0,19.887,0.0
346,13.827,0.1698,0.1887,0.1509,0.1698,intermediate,0,26.867,0.0
347,2.987,0.2841,0.3415,0.2195,0.2927,crystalline,0,13.873,0.0
348,7.283,0.2967,0.3556,0.2444,0.2889,crystalline,0,21.125,0.0
349,13.863,0.1537,0.1463,0.1463,0.1707,intermediate,0,27.578,0.0
350,16.864,0.1100,0.1333,0.0667,0.1333,intermediate,0,31.018,0.0
351,3.712,0.1969,0.2500,0.1250,0.2188,intermediate,0,15.054,0.0
352,18.639,0.2920,0.3200,0.2400,0.3200,crystalline,0,27.454,0.0
353,13.394,0.0917,0.1111,0.0556,0.1111,amorphous,0,24.991,0.0
354,7.394,0.1984,0.2812,0.1250,0.1875,intermediate,0,10.853,0.0
355,2.929,0.3266,0.4043,0.2553,0.3191,crystalline,0,15.095,0.0
356,5.678,0.2348,0.3333,0.1818,0.1818,intermediate,0,11.487,0.0
357,11.536,0.0672,0.0000,0.1034,0.1034,amorphous,0,24.647,0.0
358,21.573,0.1913,0.2250,0.1500,0.2000,intermediate,0,36.204,0.0
359,27.622,0.3045,0.4091,0.2273,0.2727,crystalline,0,43.701,0.0
360,8.773,0.1031,0.1250,0.0625,0.1250,intermediate,0,21.123,0.0
361,8.426,0.2025,0.2750,0.1750,0.1500,intermediate,0,18.965,0.0
362,11.416,0.2022,0.2609,0.1304,0.2174,intermediate,0,10.116,0.0
363,4.234,0.2889,0.3556,0.2222,0.2889,crystalline,0,15.885,0.0
364,3.672,0.2638,0.3404,0.2128,0.2340,crystalline,0,9.435,0.0
365,26.493,0.2423,0.2692,0.1923,0.2692,intermediate,0,44.403,0.0
366,4.210,0.2284,0.2500,0.2273,0.2045,intermediate,0,16.467,0.0
367,9.616,0.2371,0.2903,0.1935,0.2258,intermediate,0,10.169,0.0
368,22.371,0.1885,0.2308,0.1538,0.1795,intermediate,0,37.044,0.0
369,5.275,0.3200,0.4000,0.2667,0.2889,crystalline,0,13.670,0.0
370,5.511,0.2203,0.3125,0.1562,0.1875,intermediate,0,12.460,0.0
371,9.415,0.2185,0.2391,0.2174,0.1957,intermediate,0,24.095,0.0
372,26.689,0.3326,0.3913,0.2609,0.3478,crystalline,0,42.498,0.0
373,5.390,0.2822,0.3333,0.2444,0.2667,crystalline,0,15.171,0.0
374,22.400,0.2032,0.1935,0.1935,0.2258,intermediate,0,35.514,0.0
375,3.817,0.3080,0.3800,0.2600,0.2800,crystalline,0,9.122,0.0
376,10.599,0.2423,0.2821,0.2564,0.1795,intermediate,0,22.179,0.0
377,25.248,0.1905,0.1905,0.1905,0.1905,intermediate,0,44.498,0.0
378,19.429,0.3344,0.3750,0.3125,0.3125,crystalline,0,26.652,0.0
379,8.375,0.1958,0.2500,0.1667,0.1667,intermediate,0,19.567,0.0
380,4.888,0.2750,0.3684,0.2368,0.2105,crystalline,0,15.591,0.0
381,10.459,0.2114,0.2857,0.1714,0.1714,intermediate,0,9.180,0.0
382,16.860,0.1220,0.1220,0.1220,0.1220,intermediate,0,29.575,0.0
383,11.129,0.0726,0.0000,0.0968,0.1290,amorphous,0,24.049,0.0
384,10.823,0.2161,0.2903,0.1613,0.1935,intermediate,0,12.537,0.0
385,7.543,0.2446,0.3514,0.1622,0.2162,intermediate,0,15.054,0.0
386,18.591,0.0805,0.0976,0.0488,0.0976,amorphous,0,32.689,0.0
387,2.237,0.2600,0.3333,0.2000,0.2444,crystalline,0,10.637,0.0
388,4.557,0.2786,0.3571,0.2143,0.2619,crystalline,0,14.282,0.0
389,9.053,0.1000,0.1000,0.1000,0.1000,amorphous,0,17.809,0.0
390,17.289,0.1440,0.1600,0.0800,0.2000,intermediate,0,32.741,0.0
391,19.669,0.2824,0.2941,0.2353,0.3235,crystalline,0,30.757,0.0
392,14.738,0.1595,0.1429,0.1905,0.1429,intermediate,0,20.157,0.0
393,7.324,0.2851,0.3617,0.2340,0.2553,crystalline,0,14.786,0.0
394,3.774,0.3278,0.4222,0.2667,0.2889,crystalline,0,15.771,0.0
395,21.460,0.2339,0.2258,0.1935,0.2903,intermediate,0,39.519,0.0
396,3.020,0.2904,0.3404,0.2340,0.2979,crystalline,0,9.248,0.0
397,13.954,0.1152,0.1304,0.0870,0.1304,intermediate,0,28.081,0.0
398,27.727,0.3462,0.4615,0.2308,0.3462,crystalline,0,43.394,0.0
399,5.815,0.1458,0.2292,0.1875,0.0000,intermediate,0,7.719,0.0
400,11.338,0.1141,0.1250,0.0938,0.1250,intermediate,0,19.572,0.0
401,16.599,0.1853,0.2059,0.1471,0.2059,intermediate,0,25.423,0.0
402,22.133,0.1313,0.1458,0.1042,0.1458,intermediate,0,35.587,0.0
403,12.447,0.1575,0.1500,0.1500,0.1750,intermediate,0,28.137,0.0
404,3.144,0.1789,0.2889,0.2222,0.0000,intermediate,0,7.661,0.0
405,15.625,0.1800,0.2000,0.1429,0.2000,intermediate,0,32.826,0.0
406,5.222,0.1862,0.2979,0.2340,0.0000,intermediate,0,11.740,0.0
407,2.355,0.2833,0.3922,0.2157,0.2353,crystalline,0,11.353,0.0
408,2.696,0.2767,0.3556,0.2444,0.2222,crystalline,0,10.757,0.0
409,8.698,0.1767,0.2093,0.1163,0.2093,intermediate,0,23.089,0.0
410,19.608,0.1763,0.2105,0.1579,0.1579,intermediate,0,39.127,0.0
411,5.139,0.3429,0.4524,0.2619,0.3095,crystalline,0,18.502,0.0
412,11.551,0.1891,0.2609,0.1304,0.1739,intermediate,0,13.641,0.0
413,15.090,0.2106,0.2121,0.1818,0.2424,intermediate,0,25.083,0.0
414,6.872,0.2478,0.3043,0.2174,0.2174,intermediate,0,9.007,0.0
415,7.555,0.2966,0.3864,0.2273,0.2727,crystalline,0,10.682,0.0
416,3.591,0.2902,0.3696,0.2174,0.2826,crystalline,0,8.435,0.0
417,5.591,0.2397,0.3077,0.1795,0.2308,intermediate,0,16.350,0.0
418,18.553,0.2157,0.2000,0.1714,0.2857,intermediate,0,35.715,0.0
419,14.215,0.1119,0.1429,0.0952,0.0952,amorphous,0,30.187,0.0
420,6.206,0.3120,0.3913,0.2391,0.3043,crystalline,0,17.689,0.0
421,12.087,0.1872,0.2326,0.1628,0.1628,intermediate,0,24.982,0.0
422,4.009,0.2446,0.3243,0.1892,0.2162,intermediate,0,9.821,0.0
423,7.503,0.1833,0.3333,0.1905,0.0000,intermediate,0,8.723,0.0
424,13.944,0.1672,0.1875,0.1562,0.1562,intermediate,0,29.657,0.0
425,22.712,0.1202,0.1277,0.1064,0.1277,intermediate,0,36.013,0.0
426,5.364,0.1929,0.3265,0.2245,0.0000,intermediate,0,8.088,0.0
427,23.499,0.2018,0.2143,0.1786,0.2143,intermediate,0,36.315,0.0
428,13.274,0.1222,0.1778,0.0000,0.2000,intermediate,0,25.509,0.0
429,2.668,0.2649,0.2979,0.2766,0.2128,crystalline,0,6.479,0.0
430,13.013,0.1333,0.1429,0.0952,0.1667,intermediate,0,27.407,0.0
431,20.977,0.1310,0.1400,0.0800,0.1800,intermediate,0,32.603,0.0
432,19.802,0.1944,0.1944,0.1944,0.1944,intermediate,0,30.655,0.0
433,7.619,0.2580,0.3409,0.1818,0.2500,crystalline,0,20.222,0.0
434,8.333,0.2176,0.2703,0.1892,0.1892,intermediate,0,9.796,0.0
435,21.142,0.1917,0.1667,0.1667,0.2500,intermediate,0,39.322,0.0
436,17.222,0.1120,0.1200,0.0800,0.1400,intermediate,0,30.127,0.0
437,16.063,0.1692,0.2051,0.1026,0.2051,intermediate,0,26.504,0.0
438,7.629,0.2315,0.2609,0.1957,0.2391,intermediate,0,17.764,0.0
439,24.848,0.2409,0.2727,0.1818,0.2727,intermediate,0,34.617,0.0
440,5.984,0.2068,0.2703,0.1351,0.2162,intermediate,0,8.046,0.0
441,3.089,0.2085,0.3404,0.2553,0.0000,intermediate,0,12.838,0.0
442,9.658,0.1795,0.1795,0.1795,0.1795,intermediate,0,20.572,0.0
443,12.566,0.1600,0.1800,0.1400,0.1600,intermediate,0,22.779,0.0
444,21.323,0.1837,0.2093,0.1163,0.2326,intermediate,0,35.390,0.0
445,16.664,0.1431,0.1569,0.1176,0.1569,intermediate,0,27.620,0.0
446,8.766,0.1900,0.2000,0.1500,0.2250,intermediate,0,21.984,0.0
447,6.301,0.1966,0.2045,0.1818,0.2045,intermediate,0,6.185,0.0
448,5.491,0.2841,0.3415,0.2195,0.2927,crystalline,0,15.895,0.0
449,13.132,0.1551,0.1795,0.1538,0.1282,intermediate,0,23.192,0.0
450,3.671,0.3149,0.4255,0.2553,0.2553,crystalline,0,9.696,0.0
451,29.403,0.1977,0.2273,0.1818,0.1818,intermediate,0,44.598,0.0
452,3.219,0.1629,0.2000,0.1429,0.1429,intermediate,0,15.481,0.0
453,15.532,0.0702,0.1277,0.0000,0.0851,amorphous,0,26.891,0.0
454,5.831,0.1926,0.2340,0.1702,0.1702,intermediate,0,6.751,0.0
455,23.572,0.2132,0.2353,0.1471,0.2647,intermediate,0,38.999,0.0
456,3.617,0.2419,0.2791,0.2326,0.2093,intermediate,0,11.092,0.0
457,9.080,0.2141,0.2308,0.2051,0.2051,intermediate,0,6.218,0.0
458,10.331,0.1652,0.1739,0.1304,0.1957,intermediate,0,22.220,0.0
459,11.044,0.2380,0.2391,0.2174,0.2609,intermediate,0,17.361,0.0
460,8.156,0.1104,0.1250,0.0833,0.1250,intermediate,0,18.795,0.0
461,8.875,0.2940,0.3571,0.2381,0.2857,crystalline,0,19.372,0.0
462,24.651,0.2042,0.2222,0.1944,0.1944,intermediate,0,37.972,0.0
463,16.192,0.1125,0.0909,0.1136,0.1364,amorphous,0,27.565,0.0
464,4.068,0.2750,0.3500,0.2000,0.2750,crystalline,0,8.775,0.0
465,14.321,0.1320,0.1400,0.1000,0.1600,intermediate,0,26.495,0.0
466,5.740,0.2548,0.3095,0.2143,0.2381,crystalline,0,16.393,0.0
467,19.821,0.2222,0.2593,0.1852,0.2222,intermediate,0,28.472,0.0
468,30.237,0.2727,0.3182,0.2273,0.2727,crystalline,0,44.503,0.0
469,3.901,0.2663,0.3488,0.2326,0.2093,crystalline,0,9.512,0.0
470,8.450,0.1304,0.1786,0.0714,0.1429,intermediate,0,19.113,0.0
471,20.233,0.3500,0.4286,0.2857,0.3333,crystalline,0,27.436,0.0
472,20.649,0.2054,0.2432,0.1351,0.2432,intermediate,0,35.457,0.0
473,3.454,0.2300,0.3200,0.2000,0.1600,intermediate,0,6.365,0.0
474,3.948,0.2297,0.2812,0.1875,0.2188,intermediate,0,9.654,0.0
475,9.038,0.2643,0.3571,0.2143,0.2143,crystalline,0,21.111,0.0
476,17.087,0.1469,0.1875,0.1250,0.1250,intermediate,0,33.150,0.0
477,4.585,0.2304,0.2745,0.2157,0.1961,intermediate,0,7.351,0.0
478,25.092,0.2114,0.2273,0.1818,0.2273,intermediate,0,35.418,0.0
479,7.952,0.2713,0.3617,0.2128,0.2340,crystalline,0,16.351,0.0
480,4.993,0.2321,0.2619,0.2381,0.1905,intermediate,0,5.085,0.0
481,17.907,0.1044,0.1111,0.1111,0.0889,amorphous,0,30.577,0.0
482,10.316,0.2051,0.2449,0.1837,0.1837,intermediate,0,19.833,0.0
483,12.075,0.1354,0.1250,0.0833,0.2083,intermediate,0,6.430,0.0
484,2.507,0.3128,0.4419,0.2326,0.2558,crystalline,0,12.377,0.0
485,4.689,0.2977,0.4091,0.2273,0.2500,crystalline,0,10.577,0.0
486,7.219,0.3211,0.4222,0.2667,0.2667,crystalline,0,9.386,0.0
487,4.169,0.3272,0.4130,0.2609,0.3043,crystalline,0,14.710,0.0
488,23.259,0.1614,0.1714,0.1429,0.1714,intermediate,0,35.572,0.0
489,6.670,0.3133,0.4000,0.2667,0.2667,crystalline,0,13.102,0.0
490,7.269,0.2525,0.3750,0.1750,0.2000,crystalline,0,13.757,0.0
491,9.231,0.2723,0.3830,0.2128,0.2128,crystalline,0,8.020,0.0
492,12.146,0.2870,0.3333,0.2963,0.2222,crystalline,0,7.512,0.0
493,10.423,0.2078,0.2500,0.1562,0.2188,intermediate,0,5.326,0.0
494,5.994,0.1909,0.2500,0.1591,0.1591,intermediate,0,6.255,0.0
495,5.371,0.2956,0.3333,0.2444,0.3111,crystalline,0,12.159,0.0
496,12.083,0.2820,0.4000,0.2000,0.2400,crystalline,0,12.668,0.0
497,7.339,0.2261,0.2826,0.1957,0.1957,intermediate,0,4.973,0.0
498,11.270,0.1081,0.1351,0.0811,0.1081,amorphous,0,19.607,0.0
499,11.993,0.0909,0.0909,0.0909,0.0909,amorphous,0,22.213,0.0
500,3.371,0.2802,0.3488,0.2326,0.2558,crystalline,0,10.081,0.0
501,8.229,0.2083,0.4048,0.1905,0.0000,intermediate,0,8.654,0.0
502,21.005,0.1111,0.1389,0.0833,0.1111,amorphous,0,30.816,0.0
503,2.069,0.2389,0.2667,0.2444,0.2000,intermediate,0,5.102,0.0
504,7.896,0.2600,0.3500,0.2000,0.2250,crystalline,0,8.668,0.0
505,7.094,0.2092,0.2368,0.1579,0.2368,intermediate,0,17.753,0.0
506,8.582,0.1707,0.1951,0.1463,0.1707,intermediate,0,16.894,0.0
507,6.305,0.1432,0.2273,0.1818,0.0000,intermediate,0,13.361,0.0
508,16.950,0.1650,0.1750,0.1250,0.2000,intermediate,0,29.648,0.0
509,5.616,0.3489,0.4468,0.2766,0.3191,crystalline,0,15.696,0.0
510,20.242,0.0952,0.0952,0.0952,0.0952,amorphous,0,31.500,0.0
511,7.317,0.2787,0.3617,0.2340,0.2340,crystalline,0,11.979,0.0
512,23.950,0.1603,0.1795,0.1026,0.2051,intermediate,0,35.069,0.0
513,14.036,0.1728,0.1739,0.1522,0.1957,intermediate,0,21.599,0.0
514,24.264,0.1211,0.1316,0.0789,0.1579,intermediate,0,35.485,0.0
515,10.399,0.2136,0.2727,0.1818,0.1818,intermediate,0,6.154,0.0
516,27.149,0.1694,0.1613,0.1290,0.2258,intermediate,0,39.099,0.0
517,6.932,0.3057,0.4091,0.2500,0.2500,crystalline,0,7.158,0.0
518,16.117,0.1176,0.1176,0.1176,0.1176,amorphous,0,26.866,0.0
519,3.596,0.2913,0.3696,0.2391,0.2609,crystalline,0,11.047,0.0
520,17.609,0.1375,0.1667,0.0833,0.1667,intermediate,0,27.287,0.0
521,23.133,0.1000,0.0930,0.0930,0.1163,amorphous,0,35.133,0.0
522,3.079,0.2630,0.3478,0.2174,0.2174,crystalline,0,4.322,0.0
523,19.189,0.1415,0.1702,0.1064,0.1489,intermediate,0,29.324,0.0
524,6.263,0.2939,0.3902,0.2195,0.2683,crystalline,0,14.237,0.0
525,6.732,0.2915,0.3617,0.2340,0.2766,crystalline,0,11.109,0.0
526,26.757,0.1818,0.1818,0.1818,0.1818,intermediate,0,39.004,0.0
527,11.912,0.1600,0.2000,0.1200,0.1600,intermediate,0,5.453,0.0
528,13.862,0.1755,0.1837,0.1429,0.2041,intermediate,0,22.703,0.0
529,2.575,0.2915,0.3830,0.2128,0.2766,crystalline,0,5.357,0.0
530,9.131,0.2733,0.3488,0.2326,0.2326,crystalline,0,16.003,0.0
531,16.273,0.2391,0.2812,0.1875,0.2500,intermediate,0,24.999,0.0
532,4.346,0.2211,0.2632,0.2105,0.1842,intermediate,0,10.105,0.0
533,6.081,0.2083,0.2619,0.1905,0.1667,intermediate,0,15.172,0.0
534,5.638,0.2130,0.3913,0.2174,0.0000,intermediate,0,5.282,0.0
535,14.461,0.1845,0.2381,0.1667,0.1429,intermediate,0,23.314,0.0
536,26.177,0.2192,0.2692,0.1923,0.1923,intermediate,0,37.194,0.0
537,17.923,0.1591,0.1818,0.1364,0.1591,intermediate,0,28.117,0.0
538,17.413,0.2136,0.2727,0.1818,0.1818,intermediate,0,29.554,0.0
539,9.415,0.2062,0.3750,0.0000,0.2500,intermediate,0,9.858,0.0
540,6.906,0.2548,0.3333,0.1905,0.2381,crystalline,0,9.174,0.0
541,13.405,0.1125,0.0938,0.0938,0.1562,amorphous,0,23.591,0.0
542,9.099,0.3024,0.3810,0.2381,0.2857,crystalline,0,17.806,0.0
543,21.001,0.2156,0.2188,0.1562,0.2812,intermediate,0,33.823,0.0
544,7.294,0.2000,0.2553,0.1702,0.1702,intermediate,0,3.944,0.0
545,2.345,0.2558,0.3023,0.2093,0.2558,crystalline,0,11.694,0.0
546,5.973,0.2489,0.3478,0.1957,0.1957,intermediate,0,6.301,0.0
547,4.401,0.2651,0.3488,0.2093,0.2326,crystalline,0,10.913,0.0
548,26.447,0.2028,0.2222,0.1667,0.2222,intermediate,0,36.298,0.0
549,16.889,0.1921,0.2105,0.1579,0.2105,intermediate,0,21.059,0.0
550,5.776,0.2866,0.3902,0.2195,0.2439,crystalline,0,12.285,0.0
551,15.735,0.1026,0.1282,0.0769,0.1026,amorphous,0,25.517,0.0
552,18.708,0.1512,0.1905,0.1190,0.1429,intermediate,0,29.326,0.0
553,11.335,0.2518,0.2857,0.2500,0.2143,crystalline,0,8.496,0.0
554,10.161,0.1783,0.2667,0.1000,0.1667,intermediate,0,14.744,0.0
555,7.661,0.1847,0.2449,0.1429,0.1633,intermediate,0,4.922,0.0
556,21.622,0.1667,0.1667,0.1667,0.1667,intermediate,0,30.332,0.0
557,15.989,0.2065,0.2581,0.1935,0.1613,intermediate,0,24.898,0.0
558,17.669,0.1710,0.1935,0.1290,0.1935,intermediate,0,29.232,0.0
559,15.495,0.1510,0.1667,0.1042,0.1875,intermediate,0,25.200,0.0
560,3.752,0.1984,0.2188,0.1875,0.1875,intermediate,0,12.674,0.0
561,4.670,0.2354,0.2683,0.1951,0.2439,intermediate,0,11.494,0.0
562,6.363,0.2071,0.3469,0.2449,0.0000,intermediate,0,3.558,0.0
563,11.365,0.1778,0.2000,0.1556,0.1778,intermediate,0,19.178,0.0
564,13.184,0.2962,0.3462,0.2692,0.2692,crystalline,0,4.640,0.0
565,3.350,0.3080,0.4773,0.2273,0.2045,crystalline,0,9.064,0.0
566,4.217,0.2386,0.4091,0.2727,0.0000,intermediate,0,6.890,0.0
567,3.375,0.3122,0.4000,0.2444,0.2889,crystalline,0,4.296,0.0
568,13.363,0.1549,0.1707,0.1463,0.1463,intermediate,0,21.946,0.0
569,17.696,0.0739,0.1136,0.0000,0.1136,amorphous,0,25.616,0.0
570,6.036,0.2580,0.3182,0.2045,0.2500,crystalline,0,6.075,0.0
571,10.975,0.2750,0.3864,0.2045,0.2273,crystalline,0,19.756,0.0
572,5.813,0.2420,0.3200,0.2000,0.2000,intermediate,0,2.764,0.0
573,6.997,0.2156,0.2889,0.1556,0.2000,intermediate,0,5.845,0.0
574,26.651,0.2154,0.1923,0.1923,0.2692,intermediate,0,39.799,0.0
575,7.039,0.2487,0.3333,0.1795,0.2308,intermediate,0,5.307,0.0
576,24.524,0.1290,0.1290,0.1290,0.1290,intermediate,0,35.470,0.0
577,11.347,0.2884,0.3488,0.2558,0.2558,crystalline,0,18.192,0.0
578,12.746,0.1856,0.2000,0.1778,0.1778,intermediate,0,19.681,0.0
579,14.556,0.2375,0.2500,0.2500,0.2083,intermediate,0,7.137,0.0
580,9.774,0.2354,0.3171,0.1463,0.2439,intermediate,0,2.063,0.0
581,4.683,0.2011,0.3191,0.2553,0.0000,intermediate,0,2.786,0.0
582,4.733,0.2456,0.3111,0.2000,0.2222,intermediate,0,7.108,0.0
583,12.837,0.1340,0.2000,0.0800,0.1200,intermediate,0,14.775,0.0
584,19.128,0.0882,0.0789,0.1053,0.0789,amorphous,0,26.717,0.0
585,7.327,0.1922,0.2667,0.1111,0.2000,intermediate,0,2.354,0.0
586,14.380,0.2500,0.2857,0.2143,0.2500,crystalline,0,3.654,0.0
587,20.131,0.0946,0.1087,0.0870,0.0870,amorphous,0,29.907,0.0
588,4.616,0.2851,0.3830,0.2128,0.2553,crystalline,0,6.965,0.0
589,20.774,0.2136,0.2727,0.1818,0.1818,intermediate,0,28.010,0.0
590,6.492,0.2756,0.3556,0.2222,0.2444,crystalline,0,3.883,0.0
591,5.102,0.2256,0.2326,0.2326,0.2093,intermediate,0,1.926,0.0
592,4.685,0.2940,0.3810,0.2143,0.2857,crystalline,0,10.800,0.0
593,11.918,0.0769,0.0769,0.0769,0.0769,amorphous,0,18.480,0.0
594,5.491,0.3136,0.4318,0.2500,0.2500,crystalline,0,10.296,0.0
595,7.687,0.2533,0.3043,0.1957,0.2609,crystalline,0,13.785,0.0
596,6.984,0.1852,0.2727,0.1591,0.1136,intermediate,0,3.064,0.0
597,23.631,0.2276,0.2414,0.1724,0.2759,intermediate,0,35.291,0.0
598,3.562,0.3116,0.3953,0.2558,0.2791,crystalline,0,11.904,0.0
599,12.892,0.1141,0.1250,0.0938,0.1250,intermediate,0,21.262,0.0
600,4.571,0.2977,0.3864,0.2500,0.2500,crystalline,0,6.364,0.0
601,13.750,0.1241,0.1379,0.0690,0.1724,intermediate,0,19.564,0.0
602,21.269,0.1411,0.1778,0.1111,0.1333,intermediate,0,29.419,0.0
603,6.944,0.2260,0.4167,0.2292,0.0000,intermediate,0,4.973,0.0
604,7.085,0.3023,0.3721,0.2326,0.3023,crystalline,0,7.702,0.0
605,16.679,0.1107,0.1429,0.0714,0.1190,amorphous,0,24.575,0.0
606,9.605,0.2100,0.3778,0.2222,0.0000,intermediate,0,13.870,0.0
607,7.484,0.3268,0.4146,0.2683,0.2927,crystalline,0,6.741,0.0
608,20.998,0.1795,0.1818,0.1364,0.2273,intermediate,0,28.811,0.0
609,15.567,0.1043,0.0857,0.1143,0.1143,amorphous,0,24.331,0.0
610,8.468,0.2260,0.4167,0.2292,0.0000,intermediate,0,3.986,0.0
611,12.498,0.1893,0.2143,0.1429,0.2143,intermediate,0,18.117,0.0
612,2.790,0.2186,0.2791,0.1860,0.1860,intermediate,0,12.667,0.0
613,7.740,0.2395,0.2791,0.1860,0.2558,intermediate,0,1.326,0.0
614,8.849,0.1541,0.1892,0.1351,0.1351,intermediate,0,16.476,0.0
615,25.800,0.1162,0.1176,0.0882,0.1471,amorphous,0,35.463,0.0
616,8.556,0.2488,0.3023,0.2093,0.2326,intermediate,0,3.073,0.0
617,9.560,0.2467,0.3000,0.2333,0.2000,intermediate,0,4.254,0.0
618,6.878,0.2761,0.3864,0.2273,0.2045,crystalline,0,7.584,0.0
619,21.666,0.0985,0.0882,0.1176,0.0882,amorphous,0,30.275,0.0
620,6.792,0.1620,0.2000,0.1600,0.1200,intermediate,0,9.708,0.0
621,3.687,0.2266,0.4468,0.0000,0.2340,intermediate,0,5.785,0.0
622,13.861,0.1825,0.2000,0.1500,0.2000,intermediate,0,1.359,0.0
623,9.023,0.3430,0.4651,0.2558,0.3023,crystalline,0,14.400,0.0
624,28.063,0.1861,0.2222,0.1667,0.1667,intermediate,0,37.099,0.0
625,22.830,0.1259,0.1379,0.1034,0.1379,intermediate,0,30.231,0.0
626,13.150,0.3224,0.3793,0.2759,0.3103,crystalline,0,3.558,0.0
627,7.746,0.3554,0.4348,0.2826,0.3478,crystalline,0,5.956,0.0
628,25.001,0.1150,0.1250,0.0750,0.1500,intermediate,0,33.599,0.0
629,27.868,0.1891,0.2609,0.1304,0.1739,intermediate,0,37.996,0.0
630,14.906,0.1553,0.1702,0.1277,0.1702,intermediate,0,21.648,0.0
631,14.081,0.2280,0.2683,0.1951,0.2195,intermediate,0,20.994,0.0
632,11.909,0.2032,0.2581,0.1290,0.2258,intermediate,0,1.729,0.0
633,13.374,0.3033,0.3667,0.3000,0.2333,crystalline,0,4.330,0.0
634,7.780,0.2280,0.2683,0.1951,0.2195,intermediate,0,16.500,0.0
635,23.233,0.1151,0.1163,0.0930,0.1395,amorphous,0,30.359,0.0
636,14.745,0.1851,0.2128,0.1702,0.1702,intermediate,0,18.716,0.0
637,28.122,0.1480,0.1600,0.1600,0.1200,intermediate,0,38.775,0.0
638,8.631,0.2727,0.3409,0.2045,0.2727,crystalline,0,12.943,0.0
639,9.767,0.1842,0.1842,0.1842,0.1842,intermediate,0,13.883,0.0
640,25.383,0.1257,0.1081,0.1351,0.1351,amorphous,0,35.161,0.0
641,15.365,0.1633,0.1837,0.1429,0.1633,intermediate,0,17.736,0.0
642,26.280,0.1712,0.2121,0.1212,0.1818,intermediate,0,34.967,0.0
643,3.665,0.2955,0.3409,0.2500,0.2955,crystalline,0,8.573,0.0
644,30.030,0.1917,0.1667,0.1667,0.2500,intermediate,0,39.901,0.0
645,8.734,0.2909,0.4091,0.2273,0.2273,crystalline,0,2.898,0.0
646,19.850,0.1314,0.1628,0.0930,0.1395,intermediate,0,24.287,0.0
647,19.108,0.1571,0.2041,0.1224,0.1429,intermediate,0,27.067,0.0
648,19.319,0.1648,0.1818,0.1136,0.2045,intermediate,0,25.277,0.0
649,10.116,0.2898,0.3636,0.2500,0.2500,crystalline,0,16.122,0.0
650,29.347,0.1773,0.1818,0.0909,0.2727,intermediate,0,39.783,0.0
651,8.672,0.1446,0.2826,0.0000,0.1522,intermediate,0,2.162,0.0
652,8.618,0.2265,0.3265,0.1633,0.1837,intermediate,0,0.965,0.0
653,9.246,0.2689,0.3333,0.2444,0.2222,crystalline,0,3.683,0.0
654,13.109,0.2263,0.2500,0.2250,0.2000,intermediate,0,19.283,0.0
655,10.501,0.2895,0.3421,0.2368,0.2895,crystalline,0,8.358,0.0
656,9.754,0.2045,0.2273,0.1818,0.2045,intermediate,0,13.012,0.0
657,5.841,0.3189,0.4000,0.2444,0.3111,crystalline,0,12.780,0.0
658,7.082,0.2880,0.3800,0.2200,0.2600,crystalline,0,8.379,0.0
659,5.832,0.2053,0.2895,0.1842,0.1316,intermediate,0,7.275,0.0
660,25.399,0.1850,0.1667,0.1333,0.2667,intermediate,0,34.760,0.0
661,17.116,0.1545,0.2273,0.1364,0.0909,intermediate,0,21.631,0.0
662,8.071,0.2806,0.3611,0.2500,0.2222,crystalline,0,4.417,0.0
663,13.508,0.2903,0.3226,0.2581,0.2903,crystalline,0,0.848,0.0
664,7.007,0.3057,0.4091,0.2500,0.2500,crystalline,0,6.095,0.0
665,10.875,0.2620,0.3478,0.1957,0.2391,crystalline,0,13.936,0.0
666,16.388,0.1024,0.0952,0.0952,0.1190,amorphous,0,21.945,0.0
667,16.795,0.0988,0.0930,0.0698,0.1395,amorphous,0,23.440,0.0
668,9.150,0.2729,0.3750,0.2083,0.2292,crystalline,0,8.303,0.0
669,15.339,0.1837,0.2245,0.1429,0.1837,intermediate,0,21.967,0.0
670,7.536,0.1083,0.3095,0.0000,0.0000,amorphous,0,10.132,0.0
671,12.192,0.2033,0.3333,0.0000,0.2889,intermediate,0,12.406,0.0
672,7.191,0.1977,0.2273,0.1818,0.1818,intermediate,0,12.050,0.0
673,9.290,0.2739,0.3409,0.2273,0.2500,crystalline,0,4.616,0.0
674,23.798,0.1162,0.1250,0.1000,0.1250,intermediate,0,32.379,0.0
675,8.400,0.2140,0.2800,0.1600,0.2000,intermediate,0,5.743,0.0
676,18.727,0.0912,0.0750,0.1000,0.1000,amorphous,0,24.968,0.0
677,12.167,0.3425,0.4500,0.2500,0.3250,crystalline,0,15.385,0.0
678,16.046,0.1423,0.1923,0.1154,0.1154,intermediate,0,22.511,0.0
679,28.696,0.1841,0.2273,0.1818,0.1364,intermediate,0,38.681,0.0
680,12.046,0.1900,0.2667,0.1333,0.1667,intermediate,0,13.683,0.0
681,24.450,0.2190,0.1905,0.1905,0.2857,intermediate,0,34.624,0.0
682,14.695,0.1000,0.2000,0.0000,0.1000,amorphous,0,14.757,0.0
683,18.810,0.0956,0.0889,0.0889,0.1111,amorphous,0,21.621,0.0
684,12.158,0.2833,0.3778,0.2222,0.2444,crystalline,0,16.993,0.0
685,16.344,0.2105,0.2632,0.1579,0.2105,intermediate,0,0.923,0.0
686,17.589,0.0206,0.0000,0.0588,0.0000,amorphous,0,21.367,0.0
687,3.097,0.3217,0.4565,0.2391,0.2609,crystalline,0,5.400,0.0
688,20.736,0.1081,0.1163,0.0930,0.1163,amorphous,0,27.897,0.0
689,2.602,0.2739,0.5000,0.2826,0.0000,intermediate,0,6.504,0.0
690,5.561,0.2333,0.4524,0.2143,0.0000,intermediate,0,3.911,0.0
691,6.741,0.2448,0.3125,0.2083,0.2083,intermediate,0,0.096,0.0
692,21.896,0.1500,0.1515,0.1212,0.1818,intermediate,0,29.474,0.0
693,6.457,0.2116,0.3953,0.2093,0.0000,intermediate,0,5.980,0.0
694,8.448,0.2717,0.3696,0.2391,0.1957,crystalline,0,-0.411,0.0
695,21.041,0.1460,0.1600,0.1200,0.1600,intermediate,0,29.131,0.0
696,12.463,0.2905,0.3784,0.2432,0.2432,crystalline,0,0.827,0.0
697,17.809,0.1812,0.2083,0.1667,0.1667,intermediate,0,24.367,0.0
698,6.563,0.3207,0.4130,0.2609,0.2826,crystalline,0,1.548,0.0
699,22.793,0.1284,0.1591,0.0909,0.1364,intermediate,0,29.324,0.0
700,7.749,0.2464,0.2857,0.2143,0.2381,intermediate,0,8.969,0.0
701,14.576,0.2963,0.4074,0.1852,0.2963,crystalline,0,-0.257,0.0
702,8.539,0.2735,0.3469,0.2245,0.2449,crystalline,0,7.317,0.0
703,14.802,0.1456,0.1471,0.1176,0.1765,intermediate,0,17.511,0.0
704,5.895,0.3440,0.4286,0.3095,0.2857,crystalline,0,10.723,0.0
705,13.026,0.2158,0.3684,0.0000,0.2895,intermediate,0,-0.333,0.0
706,13.262,0.2771,0.3429,0.2286,0.2571,crystalline,0,3.268,0.0
707,8.612,0.3352,0.4545,0.2500,0.2955,crystalline,0,9.000,0.0
708,7.413,0.3190,0.4286,0.2381,0.2857,crystalline,0,4.577,0.0
709,16.447,0.0968,0.0968,0.0968,0.0968,amorphous,0,18.444,0.0
710,16.353,0.1475,0.1250,0.1250,0.2000,intermediate,0,21.766,0.0
711,12.383,0.2596,0.3462,0.2308,0.1923,crystalline,0,9.344,0.0
712,8.850,0.2600,0.3333,0.2000,0.2444,crystalline,0,-1.604,0.0
713,10.654,0.2105,0.3023,0.1395,0.1860,intermediate,0,2.290,0.0
714,9.813,0.2923,0.4103,0.2051,0.2564,crystalline,0,5.339,0.0
715,8.240,0.2979,0.3830,0.2128,0.2979,crystalline,0,1.397,0.0
716,9.746,0.2702,0.3617,0.1915,0.2553,crystalline,0,7.657,0.0
717,7.837,0.2687,0.3500,0.2250,0.2250,crystalline,0,13.897,0.0
718,25.222,0.1554,0.1786,0.1429,0.1429,intermediate,0,32.497,0.0
719,11.665,0.1194,0.1111,0.1111,0.1389,amorphous,0,17.221,0.0
720,22.538,0.1411,0.1778,0.1111,0.1333,intermediate,0,29.322,0.0
721,7.359,0.3095,0.3810,0.2381,0.3095,crystalline,0,7.949,0.0
722,24.307,0.1559,0.1176,0.1765,0.1765,intermediate,0,30.492,0.0
723,7.020,0.2176,0.2941,0.1765,0.1765,intermediate,0,7.080,0.0
724,26.105,0.2458,0.2083,0.2083,0.3333,intermediate,0,34.607,0.0
725,15.297,0.1880,0.2174,0.1522,0.1957,intermediate,0,17.739,0.0
726,28.268,0.1519,0.1538,0.1154,0.1923,intermediate,0,34.854,0.0
727,10.386,0.2078,0.2667,0.1556,0.2000,intermediate,0,1.029,0.0
728,11.177,0.2137,0.3750,0.0000,0.2750,intermediate,0,0.268,0.0
729,7.571,0.2085,0.3617,0.2340,0.0000,intermediate,0,-1.194,0.0
730,13.077,0.2284,0.2955,0.1818,0.2045,intermediate,0,12.362,0.0
731,6.870,0.2989,0.4222,0.2222,0.2444,crystalline,0,1.180,0.0
732,8.678,0.3674,0.4651,0.3256,0.3023,crystalline,0,11.593,0.0
733,10.046,0.2591,0.3636,0.1818,0.2273,crystalline,0,7.007,0.0
734,5.374,0.2537,0.2927,0.2439,0.2195,crystalline,0,11.304,0.0
735,12.129,0.2461,0.3158,0.1842,0.2368,intermediate,0,-1.366,0.0
736,9.618,0.2274,0.2581,0.2258,0.1935,intermediate,0,11.073,0.0
737,22.276,0.1704,0.1481,0.1481,0.2222,intermediate,0,29.018,0.0
738,27.752,0.1259,0.1379,0.1034,0.1379,intermediate,0,35.200,0.0
739,11.668,0.2128,0.2553,0.1702,0.2128,intermediate,0,12.261,0.0
740,14.222,0.2875,0.3571,0.2500,0.2500,crystalline,0,4.255,0.0
741,18.985,0.1591,0.1818,0.1364,0.1591,intermediate,0,21.721,0.0
742,19.378,0.1134,0.1463,0.0732,0.1220,intermediate,0,22.497,0.0
743,20.273,0.1860,0.2326,0.1395,0.1860,intermediate,0,24.387,0.0
744,14.184,0.0940,0.1200,0.0800,0.0800,amorphous,0,18.931,0.0
745,22.993,0.0812,0.0000,0.1250,0.1250,amorphous,0,22.472,0.0
746,18.602,0.1269,0.1154,0.1154,0.1538,amorphous,0,24.264,0.0
747,14.467,0.2114,0.2727,0.1364,0.2273,intermediate,0,15.310,0.0
748,6.622,0.1944,0.3333,0.2222,0.0000,intermediate,0,6.965,0.0
749,11.948,0.2093,0.2791,0.1395,0.2093,intermediate,0,-0.006,0.0
750,19.434,0.0971,0.1176,0.0588,0.1176,amorphous,0,23.490,0.0
751,10.702,0.1409,0.1515,0.1212,0.1515,intermediate,0,15.096,0.0
752,15.772,0.1902,0.2353,0.1569,0.1765,intermediate,0,18.524,0.0
753,10.134,0.2907,0.3721,0.2791,0.2093,crystalline,0,2.303,0.0
754,7.886,0.3256,0.4000,0.2444,0.3333,crystalline,0,0.532,0.0
755,9.265,0.3036,0.3810,0.2619,0.2619,crystalline,0,-1.028,0.0
756,10.754,0.2717,0.3478,0.2609,0.1957,crystalline,0,-1.977,0.0
757,10.149,0.2571,0.3571,0.2143,0.1905,crystalline,0,2.026,0.0
758,24.554,0.1179,0.1071,0.1071,0.1429,amorphous,0,29.599,0.0
759,10.512,0.3034,0.3636,0.2500,0.2955,crystalline,0,12.331,0.0
760,7.924,0.2512,0.4186,0.0000,0.3488,crystalline,0,9.897,0.0
761,8.634,0.2611,0.3333,0.2222,0.2222,crystalline,0,6.171,0.0
762,20.896,0.0882,0.0882,0.0882,0.0882,amorphous,0,25.768,0.0
763,7.480,0.3411,0.4667,0.2222,0.3333,crystalline,0,2.979,0.0
764,9.580,0.3156,0.4375,0.2500,0.2500,crystalline,0,0.309,0.0
765,6.429,0.2833,0.3778,0.2222,0.2444,crystalline,0,-0.423,0.0
766,17.379,0.1905,0.2143,0.1667,0.1905,intermediate,0,19.725,0.0
767,11.614,0.2250,0.3947,0.0000,0.2895,intermediate,0,-2.975,0.0
768,20.683,0.1707,0.1951,0.1463,0.1707,intermediate,0,25.056,0.0
769,4.675,0.2545,0.4773,0.2500,0.0000,intermediate,0,7.393,0.0
770,10.307,0.3283,0.4565,0.2391,0.2826,crystalline,0,2.903,0.0
771,24.977,0.1257,0.1351,0.1081,0.1351,intermediate,0,28.348,0.0
772,8.470,0.2948,0.4167,0.2292,0.2292,crystalline,0,-1.259,0.0
773,9.763,0.2933,0.4000,0.2667,0.2000,crystalline,0,-2.711,0.0
774,13.489,0.2651,0.3256,0.2326,0.2326,crystalline,0,-0.642,0.0
775,11.004,0.2926,0.3830,0.2340,0.2553,crystalline,0,13.317,0.0
776,14.465,0.1000,0.1500,0.0500,0.1000,amorphous,0,15.331,0.0
777,17.024,0.1684,0.2041,0.1020,0.2041,intermediate,0,14.999,0.0
778,13.475,0.2737,0.3421,0.2368,0.2368,crystalline,0,0.462,0.0
779,26.581,0.1433,0.1667,0.1000,0.1667,intermediate,0,33.181,0.0
780,11.833,0.2638,0.3404,0.2128,0.2340,crystalline,0,9.910,0.0
781,23.981,0.1443,0.1429,0.1714,0.1143,intermediate,0,29.291,0.0
782,22.170,0.1284,0.1364,0.1136,0.1364,intermediate,0,22.385,0.0
783,10.967,0.3000,0.3846,0.2308,0.2821,crystalline,0,1.875,0.0
784,19.518,0.0857,0.1143,0.0571,0.0857,amorphous,0,21.666,0.0
785,9.161,0.2161,0.2581,0.1935,0.1935,intermediate,0,7.582,0.0
786,8.440,0.2895,0.3953,0.2326,0.2326,crystalline,0,3.055,0.0
787,18.418,0.1405,0.1190,0.1190,0.1905,intermediate,0,21.709,0.0
788,9.902,0.1905,0.1905,0.1905,0.1905,intermediate,0,10.040,0.0
789,14.976,0.1912,0.2500,0.1250,0.2000,intermediate,0,14.025,0.0
790,14.546,0.1951,0.2683,0.1220,0.1951,intermediate,0,18.116,0.0
791,10.739,0.3272,0.4348,0.2391,0.3043,crystalline,0,0.798,0.0
792,14.430,0.3156,0.4375,0.2500,0.2500,crystalline,0,-3.063,0.0
793,17.863,0.1372,0.1395,0.0930,0.1860,intermediate,0,17.517,0.0
794,12.673,0.2250,0.2609,0.1957,0.2174,intermediate,0,9.558,0.0
795,13.326,0.2415,0.4390,0.0000,0.2927,intermediate,0,-3.139,0.0
796,14.597,0.1176,0.1176,0.1176,0.1176,amorphous,0,12.482,0.0
797,13.935,0.0786,0.0952,0.0476,0.0952,amorphous,0,13.680,0.0
798,4.801,0.2333,0.4286,0.2381,0.0000,intermediate,0,5.756,0.0
799,10.554,0.3034,0.4318,0.1818,0.2955,crystalline,0,3.071,0.0
800,14.617,0.2375,0.3333,0.1667,0.2083,intermediate,0,-1.145,0.0
801,14.289,0.2857,0.3714,0.2000,0.2857,crystalline,0,-2.308,0.0
802,16.022,0.1948,0.2500,0.1458,0.1875,intermediate,0,14.130,0.0
803,9.392,0.2927,0.3750,0.2292,0.2708,crystalline,0,1.917,0.0
804,14.700,0.2284,0.3182,0.1591,0.2045,intermediate,0,15.814,0.0
805,13.634,0.3349,0.4186,0.2791,0.3023,crystalline,0,14.325,0.0
806,12.735,0.3000,0.4074,0.2593,0.2222,crystalline,0,9.257,0.0
807,13.892,0.2791,0.3721,0.1860,0.2791,crystalline,0,9.223,0.0
808,21.888,0.0629,0.0000,0.0968,0.0968,amorphous,0,23.935,0.0
809,12.954,0.3359,0.4375,0.2812,0.2812,crystalline,0,-0.718,0.0
810,2.789,0.2279,0.3721,0.2791,0.0000,intermediate,0,1.104,0.0
811,3.300,0.2977,0.4186,0.2326,0.2326,crystalline,0,0.000,0.0
812,9.279,0.1273,0.2121,0.1515,0.0000,intermediate,0,12.581,0.0
813,7.827,0.2695,0.3171,0.2439,0.2439,crystalline,0,6.895,0.0
814,9.663,0.3270,0.4200,0.2400,0.3200,crystalline,0,2.145,0.0
815,4.845,0.3047,0.4419,0.2093,0.2558,crystalline,0,2.769,0.0
816,25.725,0.1656,0.1562,0.1562,0.1875,intermediate,0,27.885,0.0
817,13.720,0.3526,0.4359,0.3077,0.3077,crystalline,0,-4.124,0.0
818,8.238,0.3360,0.4651,0.2558,0.2791,crystalline,0,6.189,0.0
819,6.188,0.3333,0.4222,0.2444,0.3333,crystalline,0,8.191,0.0
820,13.233,0.2881,0.4286,0.1905,0.2381,crystalline,0,0.344,0.0
821,9.404,0.2442,0.4651,0.2326,0.0000,intermediate,0,3.851,0.0
822,17.808,0.2105,0.2105,0.2105,0.2105,intermediate,0,-2.753,0.0
823,12.523,0.2337,0.3043,0.1957,0.1957,intermediate,0,8.816,0.0
824,12.432,0.2570,0.3023,0.2326,0.2326,crystalline,0,-2.663,0.0
825,26.011,0.1368,0.1765,0.0882,0.1471,intermediate,0,29.109,0.0
826,11.998,0.2444,0.2889,0.2000,0.2444,intermediate,0,-2.109,0.0
827,7.539,0.2524,0.2927,0.2195,0.2439,crystalline,0,11.122,0.0
828,8.005,0.3133,0.3778,0.2889,0.2667,crystalline,0,7.945,0.0
829,11.917,0.2987,0.3947,0.2105,0.2895,crystalline,0,4.268,0.0
830,7.981,0.2302,0.3125,0.1667,0.2083,intermediate,0,1.372,0.0
831,13.956,0.3125,0.3958,0.2292,0.3125,crystalline,0,8.730,0.0
832,19.609,0.1111,0.1111,0.1111,0.1111,amorphous,0,23.295,0.0
833,24.915,0.1227,0.1515,0.1212,0.0909,intermediate,0,28.772,0.0
834,15.711,0.3462,0.3846,0.3077,0.3462,crystalline,0,2.959,0.0
835,16.505,0.2667,0.3667,0.1667,0.2667,crystalline,0,-4.049,0.0
836,5.265,0.3013,0.4000,0.2250,0.2750,crystalline,0,-1.517,0.0
837,26.015,0.1250,0.1250,0.1250,0.1250,intermediate,0,29.498,0.0
838,12.242,0.2569,0.3333,0.2157,0.2157,crystalline,0,4.510,0.0
839,18.559,0.1485,0.1515,0.0909,0.2121,intermediate,0,17.568,0.0
840,18.850,0.0833,0.0833,0.0833,0.0833,amorphous,0,16.544,0.0
841,21.612,0.1489,0.1915,0.1064,0.1489,intermediate,0,19.237,0.0
842,17.154,0.1875,0.2083,0.1667,0.1875,intermediate,0,13.821,0.0
843,18.543,0.3720,0.4400,0.2800,0.4000,crystalline,0,-2.055,0.0
844,20.497,0.1526,0.1795,0.1026,0.1795,intermediate,0,21.522,0.0
845,17.157,0.1767,0.2000,0.1333,0.2000,intermediate,0,17.741,0.0
846,18.030,0.0946,0.1071,0.0714,0.1071,amorphous,0,20.542,0.0
847,21.121,0.0920,0.0800,0.0800,0.1200,amorphous,0,23.634,0.0
848,14.521,0.2891,0.3478,0.2174,0.3043,crystalline,0,-3.448,0.0
849,11.839,0.2190,0.3810,0.0000,0.2857,intermediate,0,10.471,0.0
850,18.900,0.3333,0.4444,0.2222,0.3333,crystalline,0,-1.070,0.0
851,16.716,0.1837,0.2245,0.1429,0.1837,intermediate,0,14.925,0.0
852,10.430,0.3146,0.3958,0.2708,0.2708,crystalline,0,-4.054,0.0
853,10.778,0.2628,0.3256,0.1860,0.2791,crystalline,0,12.716,0.0
854,14.688,0.3217,0.4130,0.2826,0.2609,crystalline,0,-4.435,0.0
855,7.327,0.3275,0.4750,0.2250,0.2750,crystalline,0,-0.504,0.0
856,12.684,0.2781,0.3958,0.1667,0.2708,crystalline,0,4.565,0.0
857,12.153,0.2670,0.3409,0.2273,0.2273,crystalline,0,0.473,0.0
858,17.954,0.2060,0.2619,0.1429,0.2143,intermediate,0,16.918,0.0
859,29.317,0.1278,0.1111,0.1111,0.1667,amorphous,0,34.077,0.0
860,18.104,0.1453,0.1562,0.1250,0.1562,intermediate,0,15.494,0.0
861,22.795,0.1426,0.1702,0.1277,0.1277,intermediate,0,21.520,0.0
862,8.295,0.3500,0.4634,0.2439,0.3415,crystalline,0,4.587,0.0
863,15.039,0.3103,0.4103,0.2564,0.2564,crystalline,0,-0.772,0.0
864,8.197,0.3024,0.3810,0.2381,0.2857,crystalline,0,5.851,0.0
865,14.088,0.1583,0.1944,0.1389,0.1389,intermediate,0,9.413,0.0
866,12.098,0.2806,0.4167,0.1944,0.2222,crystalline,0,0.896,0.0
867,11.618,0.2217,0.2333,0.2000,0.2333,intermediate,0,9.696,0.0
868,22.530,0.1818,0.2273,0.1364,0.1818,intermediate,0,22.377,0.0
869,21.133,0.1650,0.1000,0.2000,0.2000,intermediate,0,24.097,0.0
870,11.658,0.3489,0.4545,0.2500,0.3409,crystalline,0,-3.834,0.0
871,11.598,0.2554,0.3261,0.2174,0.2174,crystalline,0,4.104,0.0
872,12.772,0.3125,0.4318,0.2273,0.2727,crystalline,0,-5.442,0.0
873,22.785,0.1343,0.1714,0.1143,0.1143,amorphous,0,24.166,0.0
874,15.195,0.2280,0.2927,0.1707,0.2195,intermediate,0,15.310,0.0
875,13.308,0.2960,0.4400,0.2000,0.2400,crystalline,0,0.772,0.0
876,13.065,0.2915,0.3617,0.2340,0.2766,crystalline,0,12.022,0.0
877,12.424,0.2826,0.3953,0.2326,0.2093,crystalline,0,-5.518,0.0
878,11.537,0.2853,0.3824,0.2059,0.2647,crystalline,0,2.151,0.0
879,10.390,0.4360,0.5349,0.3721,0.3953,crystalline,0,8.850,0.0
880,11.408,0.2463,0.3333,0.1481,0.2593,intermediate,0,3.365,0.0
881,26.231,0.1500,0.1852,0.1481,0.1111,intermediate,0,29.189,0.0
882,11.031,0.3733,0.4884,0.2791,0.3488,crystalline,0,-2.421,0.0
883,13.907,0.2766,0.3404,0.2128,0.2766,crystalline,0,8.477,0.0
884,19.074,0.3895,0.5263,0.3158,0.3158,crystalline,0,-4.551,0.0
885,12.951,0.2781,0.3333,0.2292,0.2708,crystalline,0,9.525,0.0
886,13.752,0.2741,0.3704,0.2222,0.2222,crystalline,0,5.291,0.0
887,7.536,0.3024,0.3659,0.2683,0.2683,crystalline,0,-4.220,0.0
888,10.894,0.3278,0.4222,0.2667,0.2889,crystalline,0,-2.496,0.0
889,27.311,0.2048,0.1429,0.2381,0.2381,intermediate,0,28.591,0.0
890,13.230,0.2413,0.3043,0.2174,0.1957,intermediate,0,3.406,0.0
891,19.116,0.1655,0.2143,0.0952,0.1905,intermediate,0,18.406,0.0
892,13.984,0.2310,0.2619,0.2143,0.2143,intermediate,0,6.023,0.0
893,15.947,0.0368,0.0000,0.1053,0.0000,amorphous,0,16.916,0.0
894,9.394,0.3420,0.4318,0.2727,0.3182,crystalline,0,1.946,0.0
895,14.821,0.2733,0.3023,0.2791,0.2326,crystalline,0,3.445,0.0
896,21.266,0.1580,0.1818,0.1136,0.1818,intermediate,0,16.428,0.0
897,15.658,0.3581,0.4516,0.3226,0.2903,crystalline,0,0.152,0.0
898,12.807,0.3175,0.3750,0.2750,0.3000,crystalline,0,1.475,0.0
899,22.744,0.1031,0.0938,0.0938,0.1250,amorphous,0,21.926,0.0
900,11.558,0.3500,0.4667,0.2667,0.3111,crystalline,0,-5.014,0.0
901,15.625,0.3191,0.4255,0.2128,0.3191,crystalline,0,11.268,0.0
902,5.092,0.2651,0.3721,0.1860,0.2326,crystalline,0,1.256,0.0
903,15.503,0.3544,0.4706,0.2647,0.3235,crystalline,0,-5.132,0.0
904,10.863,0.3186,0.4186,0.2326,0.3023,crystalline,0,-4.856,0.0
905,5.312,0.3280,0.4390,0.2683,0.2683,crystalline,0,0.115,0.0
906,13.334,0.2898,0.3864,0.2273,0.2500,crystalline,0,-6.504,0.0
907,15.273,0.2840,0.3617,0.2128,0.2766,crystalline,0,12.843,0.0
908,5.990,0.3278,0.4222,0.2667,0.2889,crystalline,0,2.443,0.0
909,14.923,0.3427,0.4390,0.2683,0.3171,crystalline,0,-6.931,0.0
910,19.198,0.4021,0.5000,0.2917,0.4167,crystalline,0,-2.131,0.0
911,13.285,0.3333,0.4524,0.2143,0.3333,crystalline,0,-2.111,0.0
912,12.409,0.2511,0.3182,0.2045,0.2273,crystalline,0,-3.097,0.0
913,12.751,0.2258,0.2903,0.1613,0.2258,intermediate,0,4.896,0.0
914,18.659,0.3625,0.5000,0.2500,0.3333,crystalline,0,-4.862,0.0
915,22.741,0.1672,0.2188,0.1250,0.1562,intermediate,0,19.657,0.0
916,16.666,0.2791,0.3488,0.2093,0.2791,crystalline,0,-4.968,0.0
917,23.488,0.1045,0.0909,0.0909,0.1364,amorphous,0,23.532,0.0
918,19.148,0.4333,0.5926,0.2963,0.4074,crystalline,0,-5.733,0.0
919,12.783,0.3420,0.4091,0.2955,0.3182,crystalline,0,-3.672,0.0
920,17.474,0.2048,0.2381,0.1429,0.2381,intermediate,0,11.399,0.0
921,27.223,0.1222,0.1481,0.0741,0.1481,intermediate,0,28.570,0.0
922,17.550,0.1333,0.1111,0.1111,0.1852,amorphous,0,10.472,0.0
923,14.526,0.3667,0.4762,0.2857,0.3333,crystalline,0,-6.427,0.0
924,15.608,0.3758,0.4848,0.3030,0.3333,crystalline,0,-3.524,0.0
925,13.996,0.2474,0.3158,0.2105,0.2105,intermediate,0,3.716,0.0
926,10.469,0.2602,0.3636,0.2045,0.2045,crystalline,0,-5.827,0.0
927,8.652,0.3814,0.4651,0.3256,0.3488,crystalline,0,0.798,0.0
928,10.635,0.3016,0.3750,0.2188,0.3125,crystalline,0,6.919,0.0
929,11.118,0.2178,0.3778,0.2444,0.0000,intermediate,0,6.624,0.0
930,19.142,0.1233,0.1667,0.1000,0.1000,amorphous,0,18.532,0.0
931,13.653,0.2000,0.2571,0.1429,0.2000,intermediate,0,13.617,0.0
932,11.941,0.3500,0.4348,0.3043,0.3043,crystalline,0,5.014,0.0
933,18.552,0.1670,0.2766,0.0000,0.2340,intermediate,0,11.323,0.0
934,24.360,0.1537,0.1707,0.1220,0.1707,intermediate,0,19.436,0.0
935,17.518,0.3345,0.4138,0.2759,0.3103,crystalline,0,-6.855,0.0
936,20.781,0.0913,0.1304,0.0000,0.1522,intermediate,0,16.105,0.0
937,14.601,0.2810,0.4762,0.0000,0.3810,crystalline,0,-4.704,0.0
938,13.011,0.2713,0.3404,0.2340,0.2340,crystalline,0,-0.889,0.0
939,5.306,0.2977,0.3636,0.2727,0.2500,crystalline,0,-2.787,0.0
940,16.216,0.2811,0.3556,0.2000,0.2889,crystalline,0,-3.466,0.0
941,12.863,0.3628,0.4681,0.2766,0.3404,crystalline,0,-3.336,0.0
942,11.902,0.2295,0.3409,0.1591,0.1818,intermediate,0,-6.565,0.0
943,12.350,0.2814,0.3721,0.2326,0.2326,crystalline,0,10.113,0.0
944,10.021,0.3045,0.3864,0.2500,0.2727,crystalline,0,4.125,0.0
945,12.793,0.3205,0.4091,0.2727,0.2727,crystalline,0,-5.266,0.0
946,9.337,0.2450,0.4500,0.2500,0.0000,intermediate,0,3.316,0.0
947,14.238,0.2938,0.3542,0.2708,0.2500,crystalline,0,-2.226,0.0
948,17.720,0.1957,0.2391,0.1522,0.1957,intermediate,0,13.735,0.0
949,18.417,0.1095,0.0952,0.0952,0.1429,amorphous,0,11.782,0.0
950,15.895,0.2453,0.4419,0.0000,0.3023,intermediate,0,-7.164,0.0
951,10.831,0.2682,0.3636,0.2273,0.2045,crystalline,0,3.048,0.0
952,9.904,0.3675,0.4500,0.3000,0.3500,crystalline,0,7.209,0.0
953,13.729,0.2229,0.2917,0.1667,0.2083,intermediate,0,10.781,0.0
954,29.676,0.1825,0.1500,0.2000,0.2000,intermediate,0,28.686,0.0
955,14.990,0.2575,0.3250,0.1750,0.2750,crystalline,0,11.757,0.0
956,28.543,0.1119,0.1429,0.0952,0.0952,amorphous,0,29.950,0.0
957,12.711,0.3200,0.4222,0.2444,0.2889,crystalline,0,-0.652,0.0
958,21.839,0.1643,0.2000,0.1714,0.1143,intermediate,0,19.012,0.0
959,8.318,0.2837,0.3696,0.2174,0.2609,crystalline,0,-3.359,0.0
960,3.787,0.2402,0.4146,0.0000,0.3171,intermediate,0,-4.250,0.0
961,20.398,0.0898,0.1591,0.0000,0.1136,amorphous,0,16.964,0.0
962,9.657,0.2357,0.4286,0.0000,0.2857,intermediate,0,-1.902,0.0
963,14.309,0.2714,0.3571,0.2143,0.2381,crystalline,0,1.065,0.0
964,5.276,0.2476,0.4390,0.2683,0.0000,intermediate,0,-5.400,0.0
965,16.667,0.3703,0.4595,0.2973,0.3514,crystalline,0,-8.035,0.0
966,29.795,0.1472,0.1667,0.1111,0.1667,intermediate,0,28.269,0.0
967,23.650,0.1449,0.1795,0.1026,0.1538,intermediate,0,21.327,0.0
968,16.114,0.2311,0.2889,0.2000,0.2000,intermediate,0,6.000,0.0
969,15.725,0.3366,0.4634,0.2683,0.2683,crystalline,0,-8.111,0.0
970,7.967,0.2963,0.3902,0.2683,0.2195,crystalline,0,-5.607,0.0
971,12.297,0.2667,0.3333,0.2308,0.2308,crystalline,0,7.244,0.0
972,27.235,0.1500,0.1500,0.1500,0.1500,intermediate,0,26.980,0.0
973,10.692,0.2443,0.3182,0.2045,0.2045,intermediate,0,-1.199,0.0
974,18.606,0.1700,0.2222,0.1111,0.1778,intermediate,0,14.786,0.0
975,24.325,0.1875,0.2188,0.1562,0.1875,intermediate,0,18.765,0.0
976,18.553,0.2195,0.2683,0.1707,0.2195,intermediate,0,10.337,0.0
977,22.567,0.2125,0.2500,0.1429,0.2500,intermediate,0,16.999,0.0
978,17.619,0.2560,0.3333,0.2143,0.2143,crystalline,0,5.777,0.0
979,21.087,0.2292,0.2500,0.1667,0.2778,intermediate,0,13.663,0.0
980,23.301,0.1793,0.2174,0.1087,0.2174,intermediate,0,16.414,0.0
981,14.423,0.2618,0.2941,0.2353,0.2549,crystalline,0,8.344,0.0
982,13.567,0.1638,0.4681,0.0000,0.0000,intermediate,0,6.162,0.0
983,10.796,0.4076,0.5217,0.3261,0.3696,crystalline,0,3.525,0.0
984,19.528,0.3550,0.4333,0.2667,0.3667,crystalline,0,-6.041,0.0
985,15.033,0.2216,0.2727,0.2045,0.1818,intermediate,0,0.353,0.0
986,18.491,0.3896,0.5000,0.2917,0.3750,crystalline,0,-6.117,0.0
987,19.071,0.2191,0.2553,0.1702,0.2340,intermediate,0,11.150,0.0
988,19.700,0.3352,0.4444,0.2593,0.2963,crystalline,0,-4.937,0.0
989,25.116,0.1500,0.1481,0.1852,0.1111,intermediate,0,23.123,0.0
990,21.078,0.1944,0.2222,0.1667,0.1944,intermediate,0,15.738,0.0
991,13.791,0.2786,0.3333,0.2381,0.2619,crystalline,0,-1.993,0.0
992,22.265,0.1488,0.1667,0.0952,0.1905,intermediate,0,13.364,0.0
993,18.970,0.1152,0.1304,0.0870,0.1304,intermediate,0,17.877,0.0
994,16.076,0.2457,0.2826,0.1957,0.2609,intermediate,0,9.543,0.0
995,24.791,0.1818,0.2121,0.1515,0.1818,intermediate,0,22.156,0.0
996,19.880,0.2940,0.3600,0.2400,0.2800,crystalline,0,-7.726,0.0
997,14.034,0.2300,0.2667,0.2000,0.2222,intermediate,0,-2.070,0.0
998,26.231,0.1500,0.2222,0.1111,0.1111,intermediate,0,22.849,0.0
999,12.198,0.3581,0.4419,0.3023,0.3256,crystalline,0,-0.832,0.0
1000,24.583,0.1378,0.1707,0.0976,0.1463,intermediate,0,19.315,0.0
1001,20.610,0.2272,0.2826,0.2174,0.1739,intermediate,0,10.028,0.0
1002,14.527,0.2583,0.3333,0.2083,0.2292,crystalline,0,9.385,0.0
1003,15.900,0.3478,0.4783,0.2174,0.3478,crystalline,0,-2.035,0.0
1004,16.070,0.3441,0.4412,0.2647,0.3235,crystalline,0,-3.097,0.0
1005,21.139,0.1673,0.2308,0.1154,0.1538,intermediate,0,13.483,0.0
1006,17.616,0.1828,0.2069,0.1379,0.2069,intermediate,0,6.310,0.0
1007,17.140,0.3800,0.4667,0.3333,0.3333,crystalline,0,-1.027,0.0
1008,20.326,0.4350,0.5500,0.3500,0.4000,crystalline,0,-8.462,0.0
1009,15.315,0.2820,0.4000,0.2000,0.2400,crystalline,0,4.296,0.0
1010,19.497,0.4093,0.5556,0.2963,0.3704,crystalline,0,-8.538,0.0
1011,17.735,0.2257,0.2973,0.1622,0.2162,intermediate,0,13.980,0.0
1012,9.898,0.2866,0.3902,0.2195,0.2439,crystalline,0,-6.889,0.0
1013,13.464,0.2622,0.3171,0.2439,0.2195,crystalline,0,-7.801,0.0
1014,14.998,0.3226,0.4194,0.2258,0.3226,crystalline,0,-0.504,0.0
1015,17.487,0.2714,0.3571,0.2143,0.2381,crystalline,0,4.749,0.0
1016,27.766,0.1667,0.2083,0.1250,0.1667,intermediate,0,22.525,0.0
1017,13.830,0.3350,0.4500,0.2500,0.3000,crystalline,0,0.504,0.0
1018,17.021,0.3337,0.3953,0.2791,0.3256,crystalline,0,-7.630,0.0
1019,17.086,0.3107,0.3810,0.2619,0.2857,crystalline,0,-8.664,0.0
1020,17.612,0.3500,0.4545,0.2727,0.3182,crystalline,0,-4.628,0.0
1021,10.899,0.2939,0.3659,0.2439,0.2683,crystalline,0,-5.903,0.0
1022,9.502,0.2830,0.3636,0.2500,0.2273,crystalline,0,1.222,0.0
1023,16.547,0.2935,0.3913,0.2609,0.2174,crystalline,0,5.614,0.0
1024,17.906,0.2081,0.2432,0.1892,0.1892,intermediate,0,5.014,0.0
1025,15.372,0.3158,0.3947,0.2368,0.3158,crystalline,0,-1.462,0.0
1026,5.392,0.2364,0.3182,0.1818,0.2045,intermediate,0,-3.868,0.0
1027,22.646,0.1525,0.2000,0.0000,0.2750,intermediate,0,12.442,0.0
1028,12.971,0.2734,0.3438,0.2500,0.2188,crystalline,0,8.186,0.0
1029,16.036,0.3202,0.4286,0.2619,0.2619,crystalline,0,-9.854,0.0
1030,15.669,0.2233,0.2667,0.2000,0.2000,intermediate,0,1.228,0.0
1031,21.529,0.2482,0.2500,0.2143,0.2857,intermediate,0,12.593,0.0
1032,6.248,0.2227,0.4091,0.2273,0.0000,intermediate,0,-2.882,0.0
1033,14.895,0.3859,0.4783,0.3261,0.3478,crystalline,0,-7.820,0.0
1034,15.883,0.1286,0.1905,0.0952,0.0952,amorphous,0,12.442,0.0
1035,17.084,0.2772,0.3478,0.2391,0.2391,crystalline,0,0.666,0.0
1036,18.068,0.1867,0.2444,0.1556,0.1556,intermediate,0,11.583,0.0
1037,17.968,0.1628,0.3256,0.0000,0.1628,intermediate,0,10.240,0.0
1038,19.953,0.4379,0.5862,0.3103,0.4138,crystalline,0,-9.524,0.0
1039,12.286,0.2977,0.3721,0.2791,0.2326,crystalline,0,-8.179,0.0
1040,18.107,0.2781,0.3333,0.2292,0.2708,crystalline,0,4.691,0.0
1041,8.347,0.2523,0.3636,0.1818,0.2045,crystalline,0,-0.901,0.0
1042,12.118,0.3598,0.4634,0.2927,0.3171,crystalline,0,4.511,0.0
1043,17.024,0.2512,0.2791,0.2791,0.1860,crystalline,0,0.524,0.0
1044,17.954,0.3079,0.3684,0.2632,0.2895,crystalline,0,-4.776,0.0
1045,11.426,0.2536,0.3333,0.1667,0.2619,crystalline,0,3.179,0.0
1046,10.196,0.1925,0.2500,0.1500,0.1750,intermediate,0,-2.720,0.0
1047,16.581,0.3756,0.4390,0.3415,0.3415,crystalline,0,-9.234,0.0
1048,11.996,0.3977,0.5116,0.3256,0.3488,crystalline,0,-0.385,0.0
1049,27.995,0.1971,0.2941,0.1176,0.1765,intermediate,0,22.527,0.0
1050,22.029,0.1420,0.1364,0.1136,0.1818,intermediate,0,13.840,0.0
1051,21.013,0.1000,0.1000,0.1000,0.1000,amorphous,0,17.775,0.0
1052,6.176,0.2523,0.4419,0.2791,0.0000,intermediate,0,-5.238,0.0
1053,12.768,0.3425,0.4250,0.2750,0.3250,crystalline,0,2.194,0.0
1054,18.340,0.2825,0.3500,0.2000,0.3000,crystalline,0,0.077,0.0
1055,15.677,0.2500,0.4595,0.0000,0.2973,crystalline,0,-3.610,0.0
1056,12.765,0.2130,0.3913,0.2174,0.0000,intermediate,0,3.815,0.0
1057,12.273,0.2909,0.3864,0.2500,0.2273,crystalline,0,-9.950,0.0
1058,22.287,0.1793,0.1957,0.1304,0.2174,intermediate,0,12.474,0.0
1059,15.930,0.2939,0.3469,0.2653,0.2653,crystalline,0,-6.289,0.0
1060,20.594,0.3226,0.3871,0.2581,0.3226,crystalline,0,-8.848,0.0
1061,17.377,0.3692,0.4872,0.2821,0.3333,crystalline,0,-7.511,0.0
1062,14.283,0.2981,0.4074,0.2222,0.2593,crystalline,0,5.593,0.0
1063,20.921,0.3810,0.4828,0.3103,0.3448,crystalline,0,-6.118,0.0
1064,18.717,0.3705,0.4872,0.3077,0.3077,crystalline,0,-10.841,0.0
1065,20.579,0.2012,0.2558,0.1395,0.2093,intermediate,0,9.551,0.0
1066,21.900,0.1351,0.1351,0.1351,0.1351,intermediate,0,15.197,0.0
1067,20.821,0.3750,0.5000,0.2941,0.3235,crystalline,0,-9.834,0.0
1068,28.678,0.1786,0.2143,0.1429,0.1786,intermediate,0,22.620,0.0
1069,17.741,0.2456,0.3235,0.1765,0.2353,intermediate,0,0.910,0.0
1070,17.881,0.3500,0.4468,0.2979,0.2979,crystalline,0,-10.897,0.0
1071,8.738,0.3587,0.4250,0.3000,0.3500,crystalline,0,-4.212,0.0
1072,12.675,0.3436,0.4359,0.2821,0.3077,crystalline,0,1.931,0.0
1073,15.865,0.3500,0.4222,0.3111,0.3111,crystalline,0,-8.882,0.0
1074,19.913,0.1766,0.2340,0.1064,0.1915,intermediate,0,11.029,0.0
1075,15.246,0.3232,0.4643,0.2143,0.2857,crystalline,0,1.490,0.0
1076,16.102,0.3489,0.4468,0.2766,0.3191,crystalline,0,-6.214,0.0
1077,16.683,0.3433,0.4667,0.2667,0.2889,crystalline,0,-10.325,0.0
1078,15.229,0.3090,0.3846,0.2564,0.2821,crystalline,0,8.881,0.0
1079,20.573,0.1549,0.1951,0.1220,0.1463,intermediate,0,13.435,0.0
1080,24.656,0.1404,0.1154,0.1538,0.1538,intermediate,0,18.194,0.0
1081,18.183,0.3853,0.4706,0.3529,0.3235,crystalline,0,-3.834,0.0
1082,18.153,0.2670,0.3182,0.2500,0.2273,crystalline,0,-0.669,0.0
1083,14.678,0.2818,0.3636,0.2273,0.2500,crystalline,0,-10.358,0.0
1084,20.570,0.1767,0.2000,0.1333,0.2000,intermediate,0,7.411,0.0
1085,29.717,0.1500,0.1667,0.0833,0.2083,intermediate,0,22.203,0.0
1086,25.495,0.1547,0.1875,0.0938,0.1875,intermediate,0,18.646,0.0
1087,14.220,0.3845,0.5000,0.3333,0.3095,crystalline,0,0.718,0.0
1088,15.850,0.2833,0.3556,0.2444,0.2444,crystalline,0,5.873,0.0
1089,7.393,0.2854,0.3415,0.2439,0.2683,crystalline,0,-8.037,0.0
1090,16.631,0.2310,0.2857,0.1905,0.2143,intermediate,0,6.524,0.0
1091,13.733,0.1791,0.3023,0.2093,0.0000,intermediate,0,0.358,0.0
1092,11.085,0.2500,0.2955,0.2045,0.2500,crystalline,0,-6.586,0.0
1093,17.780,0.1400,0.2000,0.2000,0.0000,intermediate,0,12.296,0.0
1094,16.969,0.3663,0.4884,0.2791,0.3256,crystalline,0,-8.807,0.0
1095,21.511,0.1486,0.1667,0.1389,0.1389,intermediate,0,12.931,0.0
1096,25.603,0.1875,0.2500,0.1250,0.1875,intermediate,0,19.316,0.0
1097,22.074,0.1650,0.2000,0.1000,0.2000,intermediate,0,14.803,0.0
1098,18.278,0.2134,0.3659,0.2439,0.0000,intermediate,0,-0.386,0.0
1099,20.193,0.4020,0.4800,0.3600,0.3600,crystalline,0,-8.833,0.0
1100,14.823,0.3359,0.4615,0.2564,0.2821,crystalline,0,-2.156,0.0
1101,20.854,0.4042,0.5000,0.3333,0.3750,crystalline,0,-10.531,0.0
1102,19.172,0.2812,0.3438,0.2188,0.2812,crystalline,0,11.270,0.0
1103,21.788,0.3528,0.4444,0.2778,0.3333,crystalline,0,-5.248,0.0
1104,16.864,0.3345,0.4286,0.2619,0.3095,crystalline,0,-8.497,0.0
1105,10.571,0.2682,0.3409,0.2500,0.2045,crystalline,0,-9.312,0.0
1106,19.011,0.3600,0.4750,0.2750,0.3250,crystalline,0,-12.075,0.0
1107,17.139,0.2761,0.3478,0.2174,0.2609,crystalline,0,4.553,0.0
1108,15.533,0.2400,0.3111,0.2222,0.1778,intermediate,0,-0.419,0.0
1109,18.683,0.4286,0.4857,0.3714,0.4286,crystalline,0,-9.752,0.0
1110,28.324,0.1333,0.1333,0.1333,0.1333,intermediate,0,22.800,0.0
1111,17.844,0.1946,0.2174,0.1522,0.2174,intermediate,0,8.390,0.0
1112,12.893,0.1707,0.2683,0.2195,0.0000,intermediate,0,-5.182,0.0
1113,16.242,0.3417,0.4524,0.2381,0.3333,crystalline,0,4.938,0.0
1114,14.165,0.3433,0.4444,0.2889,0.2889,crystalline,0,-1.871,0.0
1115,17.127,0.2564,0.2979,0.2340,0.2340,crystalline,0,5.539,0.0
1116,21.686,0.2500,0.3333,0.1667,0.2500,crystalline,0,7.531,0.0
1117,27.256,0.2308,0.3077,0.1538,0.2308,intermediate,0,16.757,0.0
1118,16.867,0.3205,0.4091,0.2727,0.2727,crystalline,0,-7.393,0.0
1119,16.408,0.2280,0.2800,0.2000,0.2000,intermediate,0,9.229,0.0
1120,19.325,0.1867,0.2222,0.1778,0.1556,intermediate,0,8.819,0.0
1121,14.011,0.2659,0.3182,0.2273,0.2500,crystalline,0,-7.612,0.0
1122,19.544,0.1429,0.1905,0.0952,0.1429,intermediate,0,3.570,0.0
1123,20.379,0.3348,0.3939,0.3030,0.3030,crystalline,0,-11.827,0.0
1124,16.007,0.3278,0.4444,0.2444,0.2889,crystalline,0,-11.227,0.0
1125,12.978,0.3364,0.4545,0.2727,0.2727,crystalline,0,-7.199,0.0
1126,9.706,0.2951,0.3902,0.2439,0.2439,crystalline,0,-9.711,0.0
1127,21.129,0.3981,0.5556,0.2963,0.3333,crystalline,0,-12.331,0.0
1128,18.532,0.2659,0.4878,0.0000,0.3171,crystalline,0,-7.626,0.0
1129,19.141,0.3466,0.4483,0.2759,0.3103,crystalline,0,-5.903,0.0
1130,22.109,0.3814,0.4571,0.3143,0.3714,crystalline,0,-9.910,0.0
1131,17.587,0.3114,0.3636,0.2727,0.2955,crystalline,0,-4.800,0.0
1132,11.133,0.2798,0.3571,0.2381,0.2381,crystalline,0,-10.529,0.0
1133,10.853,0.2687,0.4000,0.1750,0.2250,crystalline,0,-2.447,0.0
1134,17.214,0.3274,0.4524,0.2381,0.2857,crystalline,0,-12.212,0.0
1135,9.709,0.3195,0.4390,0.2439,0.2683,crystalline,0,-4.178,0.0
1136,23.458,0.2182,0.2500,0.1591,0.2500,intermediate,0,7.221,0.0
1137,17.391,0.1850,0.2500,0.1500,0.1500,intermediate,0,-4.869,0.0
1138,20.147,0.2667,0.3111,0.2222,0.2667,crystalline,0,7.218,0.0
1139,20.536,0.3481,0.4444,0.2963,0.2963,crystalline,0,-8.496,0.0
1140,22.969,0.1150,0.1250,0.0750,0.1500,intermediate,0,13.634,0.0
1141,15.133,0.3346,0.4231,0.2692,0.3077,crystalline,0,2.937,0.0
1142,22.259,0.3450,0.4333,0.2667,0.3333,crystalline,0,-8.924,0.0
1143,18.140,0.3258,0.4242,0.2727,0.2727,crystalline,0,-6.751,0.0
1144,27.679,0.2297,0.2812,0.1875,0.2188,intermediate,0,16.536,0.0
1145,11.836,0.2140,0.3721,0.0000,0.2791,intermediate,0,-1.585,0.0
1146,23.088,0.3941,0.5294,0.2941,0.3529,crystalline,0,-12.255,0.0
1147,20.062,0.1638,0.1915,0.1489,0.1489,intermediate,0,9.139,0.0
1148,24.045,0.1359,0.1562,0.1250,0.1250,intermediate,0,15.355,0.0
1149,15.586,0.3500,0.4667,0.2667,0.3111,crystalline,0,-6.213,0.0
1150,19.774,0.1558,0.1923,0.1538,0.1154,intermediate,0,11.570,0.0
1151,21.056,0.2537,0.3415,0.1951,0.2195,crystalline,0,2.132,0.0
1152,9.433,0.2118,0.2895,0.1579,0.1842,intermediate,0,-6.757,0.0
1153,30.032,0.2105,0.2632,0.1579,0.2105,intermediate,0,22.297,0.0
1154,22.902,0.1421,0.2105,0.1053,0.1053,intermediate,0,6.742,0.0
1155,21.944,0.3750,0.4706,0.3235,0.3235,crystalline,0,-12.641,0.0
1156,12.566,0.3814,0.4884,0.3023,0.3488,crystalline,0,-3.192,0.0
1157,14.950,0.3525,0.4500,0.3000,0.3000,crystalline,0,-0.888,0.0
1158,19.157,0.3271,0.4571,0.2571,0.2571,crystalline,0,-4.490,0.0
1159,29.665,0.1667,0.2222,0.1111,0.1667,intermediate,0,22.296,0.0
1160,10.643,0.2443,0.3182,0.2045,0.2045,intermediate,0,-8.004,0.0
1161,23.307,0.2071,0.2571,0.1143,0.2571,intermediate,0,6.351,0.0
1162,21.478,0.2161,0.2857,0.1786,0.1786,intermediate,0,2.215,0.0
1163,8.051,0.2795,0.3182,0.2273,0.2955,crystalline,0,-9.268,0.0
1164,16.227,0.3568,0.4318,0.2955,0.3409,crystalline,0,1.146,0.0
1165,15.861,0.2420,0.3000,0.2200,0.2000,intermediate,0,2.635,0.0
1166,25.667,0.2529,0.2941,0.1765,0.2941,crystalline,0,10.684,0.0
1167,28.919,0.2607,0.3214,0.1786,0.2857,crystalline,0,15.705,0.0
1168,17.719,0.3242,0.4516,0.2258,0.2903,crystalline,0,-3.027,0.0
1169,8.434,0.2908,0.3947,0.2105,0.2632,crystalline,0,-8.331,0.0
1170,17.637,0.3608,0.4595,0.2703,0.3514,crystalline,0,5.808,0.0
1171,21.423,0.1511,0.1818,0.1136,0.1591,intermediate,0,9.642,0.0
1172,24.918,0.2214,0.2857,0.1429,0.2381,intermediate,0,10.584,0.0
1173,14.761,0.2846,0.3590,0.2564,0.2308,crystalline,0,-0.847,0.0
1174,15.722,0.3446,0.4595,0.2703,0.2973,crystalline,0,3.215,0.0
1175,22.612,0.4160,0.5600,0.3200,0.3600,crystalline,0,-13.435,0.0
1176,14.022,0.2762,0.3500,0.2250,0.2500,crystalline,0,0.176,0.0
1177,21.872,0.4029,0.5294,0.2941,0.3824,crystalline,0,-13.511,0.0
1178,18.542,0.2367,0.2667,0.2000,0.2444,intermediate,0,-5.412,0.0
1179,20.447,0.2622,0.3415,0.2195,0.2195,crystalline,0,1.543,0.0
1180,12.683,0.3583,0.4524,0.2857,0.3333,crystalline,0,-5.785,0.0
1181,13.713,0.1280,0.2195,0.1463,0.0000,intermediate,0,-4.866,0.0
1182,19.779,0.3468,0.4516,0.2903,0.2903,crystalline,0,-4.896,0.0
1183,27.319,0.1176,0.1765,0.0588,0.1176,amorphous,0,16.835,0.0
1184,19.247,0.3013,0.4103,0.2308,0.2564,crystalline,0,-5.786,0.0
1185,26.070,0.1104,0.0833,0.1250,0.1250,amorphous,0,16.185,0.0
1186,16.722,0.2327,0.2653,0.2245,0.2041,intermediate,0,3.470,0.0
1187,15.881,0.3580,0.4545,0.2955,0.3182,crystalline,0,-12.359,0.0
1188,24.603,0.0750,0.0000,0.1154,0.1154,amorphous,0,12.792,0.0
1189,26.192,0.1667,0.2083,0.1250,0.1667,intermediate,0,16.539,0.0
1190,22.472,0.1866,0.2195,0.1463,0.1951,intermediate,0,10.628,0.0
1191,19.546,0.3783,0.4783,0.3043,0.3478,crystalline,0,-13.220,0.0
1192,25.402,0.1878,0.2162,0.1351,0.2162,intermediate,0,10.464,0.0
1193,19.337,0.3700,0.4750,0.3250,0.3000,crystalline,0,-12.359,0.0
1194,16.218,0.3567,0.4667,0.2667,0.3333,crystalline,0,-11.303,0.0
1195,22.085,0.2597,0.3226,0.2258,0.2258,crystalline,0,1.289,0.0
1196,16.054,0.2012,0.2250,0.2000,0.1750,intermediate,0,-6.197,0.0
1197,22.419,0.2444,0.2889,0.2000,0.2444,intermediate,0,6.823,0.0
1198,15.868,0.2772,0.3913,0.1957,0.2391,crystalline,0,-12.989,0.0
1199,18.416,0.2750,0.3600,0.2200,0.2400,crystalline,0,3.740,0.0
1200,17.821,0.3443,0.4318,0.3182,0.2727,crystalline,0,-11.688,0.0
1201,23.252,0.2250,0.2750,0.1750,0.2250,intermediate,0,6.422,0.0
1202,19.565,0.2219,0.2292,0.2083,0.2292,intermediate,0,4.617,0.0
1203,17.026,0.4291,0.5581,0.3488,0.3721,crystalline,0,-0.462,0.0
1204,22.884,0.2378,0.2927,0.2195,0.1951,intermediate,0,0.952,0.0
1205,11.549,0.3345,0.4286,0.2619,0.3095,crystalline,0,-10.876,0.0
1206,16.337,0.3360,0.4419,0.2791,0.2791,crystalline,0,-4.916,0.0
1207,26.133,0.2760,0.2800,0.2000,0.3600,crystalline,0,9.854,0.0
1208,19.331,0.3727,0.4773,0.2955,0.3409,crystalline,0,2.132,0.0
1209,21.290,0.3667,0.4524,0.3095,0.3333,crystalline,0,-14.709,0.0
1210,17.455,0.3162,0.4118,0.2647,0.2647,crystalline,0,-3.483,0.0
1211,21.741,0.3456,0.4412,0.2941,0.2941,crystalline,0,-12.716,0.0
1212,28.071,0.1593,0.1852,0.1111,0.1852,intermediate,0,16.878,0.0
1213,20.367,0.3688,0.5000,0.2750,0.3250,crystalline,0,-11.614,0.0
1214,23.046,0.1235,0.2059,0.1471,0.0000,intermediate,0,8.800,0.0
1215,28.441,0.1852,0.1852,0.1852,0.1852,intermediate,0,15.806,0.0
1216,21.854,0.2405,0.3333,0.1905,0.1905,intermediate,0,-3.268,0.0
1217,22.131,0.3608,0.4595,0.2703,0.3514,crystalline,0,-13.821,0.0
1218,27.021,0.2141,0.2188,0.1250,0.3125,intermediate,0,9.633,0.0
1219,13.089,0.3744,0.4651,0.3256,0.3256,crystalline,0,-10.006,0.0
1220,21.442,0.3984,0.5000,0.3438,0.3438,crystalline,0,-12.910,0.0
1221,20.269,0.3862,0.5250,0.3000,0.3250,crystalline,0,-8.806,0.0
1222,20.180,0.2136,0.2500,0.2045,0.1818,intermediate,0,5.549,0.0
1223,22.205,0.3774,0.4516,0.3226,0.3548,crystalline,0,-14.634,0.0
1224,13.162,0.2978,0.3778,0.2444,0.2667,crystalline,0,-11.995,0.0
1225,21.859,0.3171,0.4571,0.2286,0.2571,crystalline,0,-3.193,0.0
1226,24.054,0.3917,0.5000,0.3333,0.3333,crystalline,0,-10.219,0.0
1227,20.615,0.3214,0.4286,0.2857,0.2381,crystalline,0,-3.910,0.0
1228,19.146,0.3795,0.4545,0.3182,0.3636,crystalline,0,-14.281,0.0
1229,21.200,0.3375,0.5000,0.2500,0.2500,crystalline,0,-5.475,0.0
1230,19.825,0.2198,0.3953,0.2326,0.0000,intermediate,0,1.746,0.0
1231,22.026,0.2104,0.2917,0.1667,0.1667,intermediate,0,9.560,0.0
1232,17.601,0.3337,0.4186,0.2558,0.3256,crystalline,0,-15.101,0.0
1233,18.198,0.2680,0.3600,0.2000,0.2400,crystalline,0,4.201,0.0
1234,10.971,0.2622,0.3659,0.1951,0.2195,crystalline,0,-7.572,0.0
1235,19.395,0.2659,0.2955,0.2500,0.2500,crystalline,0,-4.003,0.0
1236,11.841,0.2577,0.3333,0.2051,0.2308,crystalline,0,-12.638,0.0
1237,20.431,0.3419,0.3953,0.3023,0.3256,crystalline,0,-10.199,0.0
1238,20.940,0.3207,0.4390,0.2683,0.2439,crystalline,0,0.671,0.0
1239,15.760,0.3125,0.3864,0.2727,0.2727,crystalline,0,-2.930,0.0
1240,17.619,0.3193,0.3864,0.2727,0.2955,crystalline,0,-10.674,0.0
1241,24.867,0.2155,0.2414,0.1379,0.2759,intermediate,0,4.512,0.0
1242,21.343,0.3859,0.5128,0.2821,0.3590,crystalline,0,-14.206,0.0
1243,20.929,0.3895,0.4884,0.3256,0.3488,crystalline,0,-12.792,0.0
1244,12.092,0.3193,0.4091,0.2500,0.2955,crystalline,0,-6.985,0.0
1245,18.405,0.3667,0.4524,0.3095,0.3333,crystalline,0,-7.087,0.0
1246,15.996,0.3330,0.3636,0.2955,0.3409,crystalline,0,-12.624,0.0
1247,13.715,0.1705,0.3333,0.1538,0.0000,intermediate,0,-4.864,0.0
1248,14.872,0.2307,0.3182,0.2045,0.1591,intermediate,0,-6.247,0.0
1249,22.482,0.3789,0.4737,0.3158,0.3421,crystalline,0,-15.814,0.0
1250,21.014,0.3800,0.4667,0.3333,0.3333,crystalline,0,-7.702,0.0
1251,18.227,0.3941,0.5000,0.3235,0.3529,crystalline,0,0.409,0.0
1252,19.634,0.3429,0.4524,0.2619,0.3095,crystalline,0,-15.890,0.0
1253,22.669,0.2439,0.3030,0.2121,0.2121,intermediate,0,6.217,0.0
1254,14.953,0.3174,0.3953,0.2326,0.3256,crystalline,0,-14.592,0.0
1255,23.050,0.3380,0.4800,0.2800,0.2400,crystalline,0,-11.303,0.0
1256,24.111,0.4025,0.5500,0.3000,0.3500,crystalline,0,-9.234,0.0
1257,11.507,0.3186,0.3953,0.2558,0.3023,crystalline,0,-9.578,0.0
1258,23.599,0.1662,0.1765,0.1471,0.1765,intermediate,0,8.314,0.0
1259,26.249,0.1480,0.1600,0.1600,0.1200,intermediate,0,13.345,0.0
1260,25.723,0.1750,0.1765,0.1471,0.2059,intermediate,0,10.565,0.0
1261,16.628,0.1370,0.3913,0.0000,0.0000,amorphous,0,-1.035,0.0
1262,16.395,0.4182,0.5455,0.3182,0.3864,crystalline,0,-4.212,0.0
1263,22.669,0.2824,0.3784,0.2432,0.2162,crystalline,0,-4.372,0.0
1264,24.447,0.4114,0.5455,0.3182,0.3636,crystalline,0,-16.241,0.0
1265,23.771,0.3970,0.5455,0.3030,0.3333,crystalline,0,-16.317,0.0
1266,26.326,0.1859,0.1875,0.1562,0.2188,intermediate,0,9.734,0.0
1267,19.057,0.3341,0.4091,0.2727,0.3182,crystalline,0,-2.612,0.0
1268,21.704,0.2733,0.3721,0.2093,0.2326,crystalline,0,-4.448,0.0
1269,16.976,0.2423,0.4615,0.2308,0.0000,intermediate,0,-15.651,0.0
1270,22.012,0.3362,0.4483,0.2759,0.2759,crystalline,0,-10.115,0.0
1271,17.716,0.3422,0.4444,0.2667,0.3111,crystalline,0,-1.660,0.0
1272,22.591,0.3453,0.4375,0.2812,0.3125,crystalline,0,-12.483,0.0
1273,18.265,0.3453,0.4688,0.2500,0.3125,crystalline,0,-2.184,0.0
1274,13.736,0.3511,0.4783,0.2826,0.2826,crystalline,0,-8.591,0.0
1275,24.085,0.2000,0.2500,0.1500,0.2000,intermediate,0,5.965,0.0
1276,24.088,0.4065,0.4783,0.3478,0.3913,crystalline,0,-15.504,0.0
1277,11.447,0.2857,0.3333,0.2381,0.2857,crystalline,0,-12.074,0.0
1278,18.372,0.2792,0.3542,0.2292,0.2500,crystalline,0,-0.109,0.0
1279,20.693,0.3333,0.4048,0.2619,0.3333,crystalline,0,-11.246,0.0
1280,17.956,0.4012,0.5366,0.3171,0.3415,crystalline,0,-12.599,0.0
1281,29.384,0.1763,0.2105,0.1579,0.1579,intermediate,0,16.218,0.0
1282,14.146,0.2580,0.2727,0.2500,0.2500,crystalline,0,-10.585,0.0
1283,24.055,0.2048,0.2143,0.1667,0.2381,intermediate,0,6.835,0.0
1284,22.224,0.3838,0.5000,0.2941,0.3529,crystalline,0,-13.897,0.0
1285,16.585,0.3659,0.4773,0.2955,0.3182,crystalline,0,-15.285,0.0
1286,24.226,0.3350,0.4500,0.2500,0.3000,crystalline,0,-13.896,0.0
1287,23.959,0.2700,0.4500,0.1500,0.2000,crystalline,0,-4.062,0.0
1288,19.476,0.3147,0.3824,0.2647,0.2941,crystalline,0,-6.288,0.0
1289,13.103,0.2886,0.3409,0.2500,0.2727,crystalline,0,-13.197,0.0
1290,21.093,0.3731,0.4615,0.3077,0.3462,crystalline,0,4.628,0.0
1291,26.598,0.1859,0.2188,0.1250,0.2188,intermediate,0,3.545,0.0
1292,24.671,0.4155,0.5517,0.3103,0.3793,crystalline,0,-17.303,0.0
1293,22.043,0.3446,0.4595,0.2703,0.2973,crystalline,0,-11.186,0.0
1294,18.566,0.2476,0.4634,0.2439,0.0000,intermediate,0,-3.472,0.0
1295,22.393,0.2352,0.2727,0.2045,0.2273,intermediate,0,4.976,0.0
1296,17.451,0.3429,0.4524,0.2619,0.3095,crystalline,0,-16.284,0.0
1297,19.614,0.3988,0.5349,0.3256,0.3256,crystalline,0,-3.268,0.0
1298,21.481,0.1951,0.2439,0.1463,0.1951,intermediate,0,3.429,0.0
1299,22.616,0.2643,0.3333,0.2381,0.2143,crystalline,0,-8.389,0.0
1300,23.794,0.1750,0.2105,0.1316,0.1842,intermediate,0,6.282,0.0
1301,16.409,0.2807,0.3636,0.2045,0.2727,crystalline,0,-11.570,0.0
1302,23.410,0.3821,0.5000,0.2857,0.3571,crystalline,0,-13.026,0.0
1303,19.326,0.2856,0.4000,0.2444,0.2000,crystalline,0,-4.758,0.0
1304,21.955,0.3721,0.4412,0.2941,0.3824,crystalline,0,-16.627,0.0
1305,19.738,0.3795,0.5128,0.3077,0.3077,crystalline,0,-11.613,0.0
1306,22.467,0.2162,0.2941,0.1471,0.2059,intermediate,0,2.865,0.0
1307,13.405,0.3098,0.3902,0.2439,0.2927,crystalline,0,-14.668,0.0
1308,13.226,0.3179,0.4359,0.2308,0.2821,crystalline,0,-13.681,0.0
1309,27.405,0.1045,0.0909,0.0909,0.1364,amorphous,0,10.769,0.0
1310,16.029,0.3833,0.5000,0.3095,0.3333,crystalline,0,-11.184,0.0
1311,22.979,0.3565,0.4516,0.2903,0.3226,crystalline,0,-8.593,0.0
1312,19.654,0.3513,0.4474,0.2632,0.3421,crystalline,0,-5.544,0.0
1313,21.127,0.2720,0.3659,0.2439,0.1951,crystalline,0,0.566,0.0
1314,23.010,0.4014,0.5143,0.3143,0.3714,crystalline,0,-17.612,0.0
1315,21.170,0.2822,0.3111,0.2667,0.2667,crystalline,0,1.164,0.0
1316,22.121,0.3783,0.5000,0.2667,0.3667,crystalline,0,0.836,0.0
1317,19.493,0.2524,0.3171,0.1951,0.2439,crystalline,0,-9.292,0.0
1318,24.974,0.1486,0.1667,0.1389,0.1389,intermediate,0,7.273,0.0
1319,28.035,0.4150,0.5500,0.2500,0.4500,crystalline,0,-15.310,0.0
1320,23.069,0.2087,0.2500,0.1750,0.2000,intermediate,0,4.167,0.0
1321,25.785,0.2241,0.2963,0.1852,0.1852,intermediate,0,-1.778,0.0
1322,26.104,0.2403,0.3056,0.1667,0.2500,intermediate,0,3.235,0.0
1323,25.748,0.2446,0.3243,0.1892,0.2162,intermediate,0,-1.670,0.0
1324,24.390,0.2611,0.3889,0.1667,0.2222,crystalline,0,-10.875,0.0
1325,20.254,0.3190,0.4286,0.2381,0.2857,crystalline,0,-1.199,0.0
1326,18.327,0.2538,0.4615,0.0000,0.3077,crystalline,0,-9.965,0.0
1327,16.993,0.2362,0.4250,0.2500,0.0000,intermediate,0,-6.442,0.0
1328,15.579,0.3581,0.4419,0.3023,0.3256,crystalline,0,-8.164,0.0
1329,27.415,0.2038,0.1923,0.1923,0.2308,intermediate,0,9.460,0.0
1330,27.453,0.2034,0.2069,0.1379,0.2759,intermediate,0,2.249,0.0
1331,21.126,0.4076,0.5217,0.3261,0.3696,crystalline,0,-17.088,0.0
1332,23.905,0.3351,0.4324,0.2703,0.2973,crystalline,0,-9.772,0.0
1333,30.287,0.2250,0.2273,0.1818,0.2727,intermediate,0,7.622,0.0
1334,24.968,0.2468,0.3226,0.1613,0.2581,intermediate,0,3.399,0.0
1335,27.759,0.1682,0.1818,0.1818,0.1364,intermediate,0,10.344,0.0
1336,22.079,0.2791,0.3488,0.2093,0.2791,crystalline,0,-9.848,0.0
1337,14.713,0.2793,0.3659,0.2439,0.2195,crystalline,0,-10.535,0.0
1338,28.050,0.3969,0.5000,0.3125,0.3750,crystalline,0,-18.040,0.0
1339,27.973,0.1262,0.1429,0.0952,0.1429,intermediate,0,10.668,0.0
1340,22.930,0.3360,0.4400,0.2800,0.2800,crystalline,0,-8.883,0.0
1341,18.255,0.3095,0.3810,0.2381,0.3095,crystalline,0,-5.600,0.0
1342,15.217,0.2733,0.3256,0.2558,0.2326,crystalline,0,-12.230,0.0
1343,13.066,0.3073,0.3415,0.2439,0.3415,crystalline,0,-12.920,0.0
1344,24.927,0.4014,0.5000,0.3611,0.3333,crystalline,0,-18.619,0.0
1345,24.418,0.3722,0.4722,0.3056,0.3333,crystalline,0,-17.013,0.0
1346,21.005,0.3683,0.4878,0.2927,0.3171,crystalline,0,-18.696,0.0
1347,21.419,0.3212,0.3846,0.2692,0.3077,crystalline,0,-5.176,0.0
1348,25.279,0.1453,0.1875,0.0938,0.1562,intermediate,0,5.153,0.0
1349,17.497,0.4085,0.5366,0.3171,0.3659,crystalline,0,-16.275,0.0
1350,17.895,0.4226,0.5476,0.3333,0.3810,crystalline,0,-7.060,0.0
1351,14.078,0.3413,0.3913,0.3043,0.3261,crystalline,0,-12.384,0.0
1352,23.776,0.4171,0.5610,0.3171,0.3659,crystalline,0,-15.599,0.0
1353,21.916,0.4458,0.5833,0.3333,0.4167,crystalline,0,-17.688,0.0
1354,24.044,0.2487,0.4211,0.2895,0.0000,intermediate,0,-2.148,0.0
1355,17.663,0.3560,0.4286,0.2619,0.3810,crystalline,0,-17.749,0.0
1356,27.175,0.2891,0.3043,0.2609,0.3043,crystalline,0,-3.115,0.0
1357,19.119,0.3795,0.4773,0.2955,0.3636,crystalline,0,-15.669,0.0
1358,22.054,0.4258,0.5455,0.3333,0.3939,crystalline,0,-16.702,0.0
1359,25.084,0.3895,0.5789,0.2632,0.3158,crystalline,0,-9.462,0.0
1360,21.759,0.3652,0.5217,0.2609,0.3043,crystalline,0,-0.772,0.0
1361,17.414,0.4131,0.5238,0.3095,0.4048,crystalline,0,-9.653,0.0
1362,19.792,0.3538,0.5000,0.2750,0.2750,crystalline,0,-4.834,0.0
1363,18.417,0.4385,0.5641,0.3590,0.3846,crystalline,0,-15.406,0.0
1364,18.627,0.2419,0.3256,0.1860,0.2093,intermediate,0,-9.053,0.0
1365,23.561,0.3604,0.4583,0.2500,0.3750,crystalline,0,1.822,0.0
1366,21.529,0.3351,0.4324,0.2703,0.2973,crystalline,0,-2.840,0.0
1367,20.150,0.2939,0.4146,0.1951,0.2683,crystalline,0,-4.273,0.0
1368,21.230,0.2463,0.3171,0.2195,0.1951,intermediate,0,-1.144,0.0
1369,26.395,0.3722,0.5000,0.2778,0.3333,crystalline,0,-18.310,0.0
1370,26.416,0.4180,0.6000,0.3200,0.3200,crystalline,0,-20.109,0.0
1371,24.946,0.2857,0.3429,0.2286,0.2857,crystalline,0,-3.210,0.0
1372,19.762,0.2965,0.3721,0.2558,0.2558,crystalline,0,-10.157,0.0
1373,24.955,0.4250,0.5769,0.3077,0.3846,crystalline,0,-14.206,0.0
1374,26.380,0.3138,0.4138,0.2759,0.2414,crystalline,0,-7.178,0.0
1375,24.491,0.4158,0.5526,0.3421,0.3421,crystalline,0,-18.192,0.0
1376,26.922,0.2816,0.3684,0.2105,0.2632,crystalline,0,-16.202,0.0
1377,29.670,0.2304,0.2174,0.2174,0.2609,intermediate,0,7.724,0.0
1378,19.918,0.4000,0.5111,0.2889,0.4000,crystalline,0,-18.268,0.0
1379,23.676,0.3949,0.4872,0.3333,0.3590,crystalline,0,-19.681,0.0
1380,18.303,0.3795,0.5128,0.3077,0.3077,crystalline,0,-11.608,0.0
1381,15.800,0.3651,0.4651,0.2791,0.3488,crystalline,0,-14.977,0.0
1382,25.657,0.3074,0.4412,0.2353,0.2353,crystalline,0,-7.401,0.0
1383,22.091,0.3629,0.4571,0.2857,0.3429,crystalline,0,-12.674,0.0
1384,26.530,0.2200,0.3143,0.1429,0.2000,intermediate,0,3.160,0.0
1385,26.879,0.1823,0.2258,0.1290,0.1935,intermediate,0,2.173,0.0
1386,18.823,0.3856,0.4889,0.2889,0.3778,crystalline,0,-19.005,0.0
1387,27.458,0.3735,0.5294,0.2353,0.3529,crystalline,0,-18.115,0.0
1388,22.342,0.2960,0.3600,0.2800,0.2400,crystalline,0,-7.584,0.0
1389,22.264,0.4226,0.5238,0.3571,0.3810,crystalline,0,-16.661,0.0
1390,23.375,0.3571,0.4524,0.2619,0.3571,crystalline,0,-14.068,0.0
1391,26.500,0.3880,0.5200,0.2800,0.3600,crystalline,0,-19.606,0.0
1392,16.976,0.3312,0.4000,0.2250,0.3750,crystalline,0,-16.258,0.0
1393,20.325,0.3538,0.4500,0.3250,0.2750,crystalline,0,-8.668,0.0
1394,30.723,0.1639,0.1667,0.1111,0.2222,intermediate,0,6.733,0.0
1395,27.943,0.3842,0.5263,0.2105,0.4211,crystalline,0,-19.221,0.0
1396,23.218,0.3545,0.4545,0.2727,0.3333,crystalline,0,-4.564,0.0
1397,17.280,0.3955,0.5227,0.2955,0.3636,crystalline,0,-13.991,0.0
1398,29.922,0.2048,0.2381,0.1429,0.2381,intermediate,0,1.772,0.0
1399,23.576,0.2600,0.3500,0.2000,0.2250,crystalline,0,-0.247,0.0
1400,23.672,0.4078,0.5312,0.3125,0.3750,crystalline,0,-20.419,0.0
1401,26.171,0.2100,0.2333,0.1667,0.2333,intermediate,0,3.442,0.0
1402,23.655,0.2474,0.2895,0.2368,0.2105,intermediate,0,0.257,0.0
1403,26.542,0.3480,0.4800,0.2400,0.3200,crystalline,0,-17.883,0.0
1404,26.673,0.3895,0.5263,0.3158,0.3158,crystalline,0,-13.101,0.0
1405,20.493,0.3988,0.4878,0.3171,0.3902,crystalline,0,-19.991,0.0
1406,25.639,0.3714,0.5000,0.2857,0.3214,crystalline,0,-13.992,0.0
1407,16.117,0.3244,0.4103,0.2308,0.3333,crystalline,0,-17.474,0.0
1408,26.111,0.3452,0.4516,0.2581,0.3226,crystalline,0,-16.574,0.0
1409,24.314,0.3569,0.4828,0.2414,0.3448,crystalline,0,-1.971,0.0
1410,26.684,0.2222,0.2593,0.1852,0.2222,intermediate,0,4.271,0.0
1411,19.883,0.2478,0.4222,0.0000,0.3333,intermediate,0,-14.396,0.0
1412,18.652,0.3721,0.4651,0.2791,0.3721,crystalline,0,-16.796,0.0
1413,28.462,0.3955,0.5455,0.2727,0.3636,crystalline,0,-21.213,0.0
1414,22.925,0.3354,0.4390,0.2683,0.2927,crystalline,0,-7.564,0.0
1415,17.469,0.3893,0.4762,0.3095,0.3810,crystalline,0,-18.490,0.0
1416,25.248,0.4000,0.5484,0.2903,0.3548,crystalline,0,-21.289,0.0
1417,27.629,0.3000,0.3571,0.2857,0.2500,crystalline,0,-8.240,0.0
1418,24.672,0.3620,0.4400,0.3200,0.3200,crystalline,0,-11.688,0.0
1419,25.136,0.2227,0.3030,0.1515,0.2121,intermediate,0,1.361,0.0
1420,24.165,0.3368,0.4211,0.3158,0.2632,crystalline,0,-2.241,0.0
1421,17.161,0.2884,0.3721,0.2326,0.2558,crystalline,0,-12.049,0.0
1422,24.696,0.3145,0.3871,0.2903,0.2581,crystalline,0,-3.226,0.0
1423,21.893,0.3542,0.4444,0.3056,0.3056,crystalline,0,-11.261,0.0
1424,18.151,0.3814,0.4884,0.3023,0.3488,crystalline,0,-10.881,0.0
1425,26.561,0.3887,0.4839,0.3226,0.3548,crystalline,0,-15.172,0.0
1426,23.571,0.4276,0.5862,0.3103,0.3793,crystalline,0,-17.998,0.0
1427,24.401,0.3250,0.4167,0.2500,0.3056,crystalline,0,-8.403,0.0
1428,21.366,0.3288,0.4500,0.2750,0.2500,crystalline,0,-6.728,0.0
1429,20.483,0.3275,0.4250,0.2750,0.2750,crystalline,0,-10.299,0.0
1430,22.644,0.3588,0.4500,0.2750,0.3500,crystalline,0,-15.246,0.0
1431,31.031,0.1800,0.1500,0.1500,0.2500,intermediate,0,0.881,0.0
1432,17.379,0.3500,0.4091,0.3182,0.3182,crystalline,0,-13.564,0.0
1433,20.472,0.3167,0.4103,0.2308,0.3077,crystalline,0,-9.620,0.0
1434,22.612,0.4297,0.5625,0.3438,0.3750,crystalline,0,-20.495,0.0
1435,24.443,0.3783,0.5217,0.2609,0.3478,crystalline,0,-3.578,0.0
1436,19.015,0.4188,0.5500,0.3250,0.3750,crystalline,0,-19.082,0.0
1437,20.788,0.3949,0.5128,0.3077,0.3590,crystalline,0,-16.584,0.0
1438,19.331,0.3817,0.4878,0.2683,0.3902,crystalline,0,-20.067,0.0
1439,21.949,0.3639,0.5000,0.2778,0.3056,crystalline,0,-8.503,0.0
1440,22.502,0.3364,0.4848,0.2424,0.2727,crystalline,0,-5.166,0.0
1441,23.525,0.4386,0.5429,0.3429,0.4286,crystalline,0,-21.599,0.0
1442,24.806,0.4087,0.5652,0.3043,0.3478,crystalline,0,-17.013,0.0
1443,17.137,0.2654,0.3333,0.2051,0.2564,crystalline,0,-15.924,0.0
1444,27.701,0.3448,0.4483,0.2414,0.3448,crystalline,0,-12.578,0.0
1445,25.102,0.2117,0.3000,0.1333,0.2000,intermediate,0,-1.041,0.0
1446,24.106,0.3333,0.3810,0.2857,0.3333,crystalline,0,-6.171,0.0
1447,19.230,0.3683,0.4878,0.2927,0.3171,crystalline,0,-12.460,0.0
1448,17.573,0.3500,0.4286,0.2857,0.3333,crystalline,0,-17.046,0.0
1449,27.631,0.3368,0.4737,0.2632,0.2632,crystalline,0,-14.862,0.0
1450,18.995,0.2942,0.3488,0.2326,0.3023,crystalline,0,-14.587,0.0
1451,25.324,0.3262,0.4250,0.2500,0.3000,crystalline,0,-12.654,0.0
1452,23.490,0.2365,0.4324,0.2432,0.0000,intermediate,0,-5.647,0.0
1453,24.737,0.3346,0.3846,0.3077,0.3077,crystalline,0,-10.391,0.0
1454,22.483,0.4059,0.5294,0.3529,0.3235,crystalline,0,-15.480,0.0
1455,20.085,0.3937,0.5000,0.3250,0.3500,crystalline,0,-11.276,0.0
1456,24.010,0.3059,0.4412,0.2059,0.2647,crystalline,0,-4.342,0.0
1457,20.326,0.3739,0.5227,0.2727,0.3182,crystalline,0,-15.557,0.0
1458,28.051,0.3969,0.5000,0.3125,0.3750,crystalline,0,-22.026,0.0
1459,17.816,0.3640,0.4419,0.2791,0.3721,crystalline,0,-18.654,0.0
1460,23.305,0.3538,0.4872,0.2821,0.2821,crystalline,0,-7.640,0.0
1461,18.869,0.3716,0.4595,0.3243,0.3243,crystalline,0,-18.520,0.0
1462,25.576,0.4379,0.5758,0.3636,0.3636,crystalline,0,-22.488,0.0
1463,24.010,0.3527,0.4595,0.2703,0.3243,crystalline,0,-8.626,0.0
1464,20.449,0.3937,0.5000,0.3250,0.3500,crystalline,0,-15.053,0.0
1465,31.112,0.1921,0.1579,0.2105,0.2105,intermediate,0,-4.300,0.0
1466,26.788,0.4203,0.5312,0.3750,0.3438,crystalline,0,-20.999,0.0
1467,24.441,0.3783,0.4667,0.3000,0.3667,crystalline,0,-7.371,0.0
1468,27.330,0.1595,0.2381,0.0952,0.1429,intermediate,0,0.310,0.0
1469,22.702,0.4362,0.6000,0.3250,0.3750,crystalline,0,-21.074,0.0
1470,23.286,0.3354,0.4390,0.2683,0.2927,crystalline,0,-12.893,0.0
1471,29.270,0.3875,0.5500,0.3000,0.3000,crystalline,0,-22.412,0.0
1472,28.625,0.2732,0.3214,0.2143,0.2857,crystalline,0,-5.957,0.0
1473,24.163,0.3117,0.4000,0.2333,0.3000,crystalline,0,-9.964,0.0
1474,28.146,0.3593,0.4815,0.2593,0.3333,crystalline,0,-13.365,0.0
1475,25.875,0.3000,0.3667,0.2333,0.3000,crystalline,0,-3.535,0.0
1476,22.667,0.4205,0.5128,0.3590,0.3846,crystalline,0,-22.798,0.0
1477,25.266,0.4292,0.5278,0.3889,0.3611,crystalline,0,-19.468,0.0
1478,26.405,0.2350,0.3333,0.1667,0.2000,intermediate,0,-2.550,0.0
1479,23.624,0.4467,0.6000,0.3333,0.4000,crystalline,0,-21.675,0.0
1480,26.589,0.4020,0.5600,0.2800,0.3600,crystalline,0,-24.096,0.0
1481,22.817,0.4061,0.5152,0.3333,0.3636,crystalline,0,-14.067,0.0
1482,29.356,0.1905,0.1905,0.1905,0.1905,intermediate,0,1.431,0.0
1483,27.222,0.2238,0.3333,0.1429,0.1905,intermediate,0,-3.083,0.0
1484,25.125,0.3711,0.4737,0.3158,0.3158,crystalline,0,-13.950,0.0
1485,29.702,0.2048,0.2381,0.1429,0.2381,intermediate,0,0.761,0.0
1486,29.424,0.3646,0.5000,0.2917,0.2917,crystalline,0,-19.391,0.0
1487,24.210,0.4300,0.6000,0.3200,0.3600,crystalline,0,-20.805,0.0
1488,25.553,0.4203,0.5312,0.3750,0.3438,crystalline,0,-22.060,0.0
1489,20.630,0.4350,0.5500,0.3500,0.4000,crystalline,0,-21.384,0.0
1490,21.120,0.3986,0.5135,0.3243,0.3514,crystalline,0,-20.377,0.0
1491,21.659,0.3608,0.4595,0.2703,0.3514,crystalline,0,-12.033,0.0
1492,28.590,0.3917,0.5417,0.2917,0.3333,crystalline,0,-23.592,0.0
1493,22.903,0.2743,0.5143,0.0000,0.3143,crystalline,0,-10.521,0.0
1494,22.197,0.4262,0.5250,0.3500,0.4000,crystalline,0,-19.778,0.0
1495,24.737,0.4214,0.5429,0.3429,0.3714,crystalline,0,-23.668,0.0
1496,20.807,0.3069,0.4167,0.2222,0.2778,crystalline,0,-15.937,0.0
1497,20.593,0.3341,0.4390,0.2439,0.3171,crystalline,0,-14.763,0.0
1498,19.389,0.3354,0.4146,0.2927,0.2927,crystalline,0,-17.356,0.0
1499,26.810,0.4143,0.5238,0.3333,0.3810,crystalline,0,-18.074,0.0
1500,30.078,0.3175,0.4500,0.2000,0.3000,crystalline,0,-21.984,0.0
1501,22.082,0.4014,0.5556,0.3056,0.3333,crystalline,0,-19.391,0.0
1502,30.870,0.3045,0.4545,0.1818,0.2727,crystalline,0,-11.047,0.0
1503,28.874,0.3955,0.5455,0.2727,0.3636,crystalline,0,-25.081,0.0
1504,24.356,0.3561,0.4848,0.2727,0.3030,crystalline,0,-9.401,0.0
1505,20.165,0.3671,0.4634,0.2927,0.3415,crystalline,0,-16.371,0.0
1506,28.035,0.3589,0.4643,0.2857,0.3214,crystalline,0,-6.032,0.0
1507,22.573,0.3961,0.5000,0.3158,0.3684,crystalline,0,-22.370,0.0
1508,24.950,0.4204,0.5556,0.2963,0.4074,crystalline,0,-24.405,0.0
1509,21.624,0.4316,0.5263,0.3684,0.3947,crystalline,0,-22.874,0.0
1510,23.829,0.3661,0.4839,0.2581,0.3548,crystalline,0,-11.339,0.0
1511,28.412,0.3731,0.4615,0.3077,0.3462,crystalline,0,-20.572,0.0
1512,24.638,0.4044,0.5000,0.3529,0.3529,crystalline,0,-20.648,0.0
1513,23.699,0.3438,0.4500,0.2750,0.3000,crystalline,0,-13.040,0.0
1514,22.964,0.3545,0.4545,0.2727,0.3333,crystalline,0,-13.640,0.0
1515,29.536,0.4042,0.5000,0.3333,0.3750,crystalline,0,-17.978,0.0
1516,25.349,0.3683,0.4667,0.3000,0.3333,crystalline,0,-9.024,0.0
1517,29.062,0.2609,0.3043,0.2174,0.2609,crystalline,0,-7.137,0.0
1518,28.323,0.3563,0.4688,0.2812,0.3125,crystalline,0,-11.357,0.0
1519,25.987,0.4014,0.5143,0.3143,0.3714,crystalline,0,-18.053,0.0
1520,25.537,0.3625,0.4583,0.2917,0.3333,crystalline,0,-16.661,0.0
1521,24.032,0.3705,0.5128,0.2821,0.3077,crystalline,0,-13.826,0.0
1522,22.915,0.4083,0.5000,0.3333,0.3889,crystalline,0,-23.978,0.0
1523,26.373,0.4115,0.5385,0.3077,0.3846,crystalline,0,-25.391,0.0
1524,25.668,0.3484,0.5161,0.2581,0.2581,crystalline,0,-7.950,0.0
1525,21.155,0.3639,0.5000,0.2778,0.3056,crystalline,0,-19.054,0.0
1526,27.157,0.3025,0.4500,0.2000,0.2500,crystalline,0,-6.942,0.0
1527,27.160,0.2886,0.4091,0.1818,0.2727,crystalline,0,-5.220,0.0
1528,21.255,0.2637,0.4750,0.0000,0.3250,crystalline,0,-19.852,0.0
1529,22.328,0.3974,0.5385,0.3333,0.3077,crystalline,0,-17.860,0.0
1530,20.821,0.3683,0.4634,0.3171,0.3171,crystalline,0,-21.390,0.0
1531,22.691,0.3949,0.5128,0.3077,0.3590,crystalline,0,-20.957,0.0
1532,21.680,0.2662,0.4595,0.0000,0.3514,crystalline,0,-22.530,0.0
1533,30.528,0.3182,0.3636,0.2727,0.3182,crystalline,0,-12.227,0.0
1534,25.482,0.3481,0.4615,0.2692,0.3077,crystalline,0,-12.770,0.0
1535,24.090,0.3892,0.5135,0.2973,0.3514,crystalline,0,-18.364,0.0
1536,28.702,0.3740,0.4800,0.2800,0.3600,crystalline,0,-19.039,0.0
1537,26.200,0.4065,0.5652,0.2609,0.3913,crystalline,0,-21.984,0.0
1538,25.046,0.4188,0.5833,0.2917,0.3750,crystalline,0,-24.481,0.0
1539,29.431,0.3167,0.3333,0.2857,0.3333,crystalline,0,-5.311,0.0
1540,27.683,0.3864,0.5152,0.3030,0.3333,crystalline,0,-11.432,0.0
1541,25.433,0.4204,0.5556,0.2963,0.4074,crystalline,0,-25.467,0.0
1542,25.982,0.3783,0.4667,0.3000,0.3667,crystalline,0,-19.350,0.0
1543,26.478,0.3350,0.4500,0.2500,0.3000,crystalline,0,-15.363,0.0
1544,23.079,0.4147,0.5294,0.3529,0.3529,crystalline,0,-24.054,0.0
1545,28.892,0.3783,0.4783,0.3043,0.3478,crystalline,0,-12.537,0.0
1546,23.370,0.3045,0.4242,0.2121,0.2727,crystalline,0,-15.943,0.0
1547,31.211,0.3630,0.4783,0.2609,0.3478,crystalline,0,-16.446,0.0
1548,24.742,0.3732,0.5357,0.2857,0.2857,crystalline,0,-20.453,0.0
1549,23.229,0.4076,0.5152,0.3636,0.3333,crystalline,0,-23.183,0.0
1550,23.393,0.3875,0.5312,0.2812,0.3438,crystalline,0,-17.432,0.0
1551,24.706,0.3828,0.5172,0.3103,0.3103,crystalline,0,-15.111,0.0
1552,25.639,0.3250,0.5000,0.2000,0.2667,crystalline,0,-14.335,0.0
1553,27.284,0.3750,0.5000,0.3077,0.3077,crystalline,0,-26.474,0.0
1554,28.451,0.3900,0.4800,0.3600,0.3200,crystalline,0,-24.867,0.0
1555,28.692,0.3903,0.5484,0.2903,0.3226,crystalline,0,-16.757,0.0
1556,26.023,0.3700,0.5333,0.2667,0.3000,crystalline,0,-13.350,0.0
1557,27.461,0.3350,0.5000,0.2000,0.3000,crystalline,0,-10.620,0.0
1558,22.770,0.3647,0.4118,0.3529,0.3235,crystalline,0,-20.163,0.0
1559,22.971,0.3544,0.4118,0.3235,0.3235,crystalline,0,-21.033,0.0
1560,26.594,0.3690,0.5238,0.2857,0.2857,crystalline,0,-19.467,0.0
1561,24.328,0.3357,0.4286,0.2857,0.2857,crystalline,0,-18.384,0.0
1562,27.328,0.2658,0.4211,0.1579,0.2105,crystalline,0,-12.342,0.0
1563,25.130,0.3707,0.5172,0.2759,0.3103,crystalline,0,-16.446,0.0
1564,25.811,0.3565,0.4516,0.2903,0.3226,crystalline,0,-25.177,0.0
1565,25.237,0.3453,0.4375,0.2812,0.3125,crystalline,0,-19.425,0.0
1566,23.143,0.3984,0.4688,0.3750,0.3438,crystalline,0,-22.756,0.0
1567,28.340,0.3684,0.4737,0.2632,0.3684,crystalline,0,-28.198,0.0
1568,23.642,0.3891,0.5000,0.3438,0.3125,crystalline,0,-21.770,0.0
1569,25.633,0.3704,0.4444,0.2963,0.3704,crystalline,0,-26.784,0.0
1570,30.881,0.3342,0.4211,0.2632,0.3158,crystalline,0,-17.626,0.0
1571,29.822,0.3158,0.4211,0.2105,0.3158,crystalline,0,-27.460,0.0
1572,28.081,0.3865,0.4615,0.3462,0.3462,crystalline,0,-23.453,0.0
1573,28.916,0.3659,0.4545,0.3182,0.3182,crystalline,0,-11.876,0.0
1574,25.757,0.3880,0.5600,0.2400,0.3600,crystalline,0,-19.040,0.0
1575,29.200,0.3955,0.5000,0.3182,0.3636,crystalline,0,-12.613,0.0
1576,26.863,0.3976,0.5238,0.2857,0.3810,crystalline,0,-25.776,0.0
1577,28.064,0.3817,0.5000,0.3333,0.3000,crystalline,0,-16.831,0.0
1578,28.026,0.3478,0.4348,0.2609,0.3478,crystalline,0,-26.047,0.0
1579,27.355,0.3318,0.3636,0.2727,0.3636,crystalline,0,-27.770,0.0
1580,24.957,0.3667,0.4667,0.2667,0.3667,crystalline,0,-25.252,0.0
1581,29.262,0.3659,0.5000,0.2727,0.3182,crystalline,0,-17.936,0.0
1582,25.654,0.3646,0.5000,0.2917,0.2917,crystalline,0,-24.364,0.0
1583,26.380,0.3774,0.4839,0.2903,0.3548,crystalline,0,-23.763,0.0
1584,27.468,0.3675,0.5000,0.2500,0.3500,crystalline,0,-28.273,0.0
1585,26.577,0.3857,0.5238,0.3333,0.2857,crystalline,0,-23.259,0.0
1586,26.377,0.3460,0.4000,0.2800,0.3600,crystalline,0,-26.356,0.0
1587,25.783,0.3731,0.4615,0.3077,0.3462,crystalline,0,-26.860,0.0
1588,26.480,0.3212,0.4231,0.2308,0.3077,crystalline,0,-19.735,0.0
1589,28.249,0.3167,0.3810,0.2381,0.3333,crystalline,0,-24.749,0.0
1590,25.453,0.3646,0.4167,0.3750,0.2917,crystalline,0,-21.342,0.0
1591,27.827,0.3333,0.4286,0.2381,0.3333,crystalline,0,-16.020,0.0
1592,26.504,0.3333,0.4167,0.2500,0.3333,crystalline,0,-27.845,0.0
1593,26.714,0.3479,0.4583,0.2500,0.3333,crystalline,0,-18.749,0.0
1594,29.679,0.3500,0.4091,0.3182,0.3182,crystalline,0,-22.156,0.0
1595,26.278,0.3760,0.4800,0.3200,0.3200,crystalline,0,-20.238,0.0
1596,29.137,0.3500,0.4783,0.2609,0.3043,crystalline,0,-17.142,0.0
1597,26.543,0.3833,0.5238,0.2857,0.3333,crystalline,0,-22.832,0.0
1598,29.568,0.3190,0.4286,0.2381,0.2857,crystalline,0,-18.012,0.0
1599,26.626,0.3352,0.4074,0.2963,0.2963,crystalline,0,-23.839,0.0
1600,26.306,0.3760,0.4400,0.3600,0.3200,crystalline,0,-25.563,0.0
1601,27.522,0.3023,0.3636,0.2273,0.3182,crystalline,0,-24.825,0.0
1602,26.573,0.3478,0.4348,0.2609,0.3478,crystalline,0,-26.432,0.0
1603,29.031,0.3479,0.4167,0.2917,0.3333,crystalline,0,-22.231,0.0
1604,27.828,0.2974,0.3684,0.2105,0.3158,crystalline,0,-28.156,0.0
