ca_index,d_p_A,crystallinity,frac_a,frac_c,frac_384,phase,domain,axial_A,shell_bfac
0,17.147,0.1857,0.2857,0.0000,0.2857,intermediate,0,39.692,20.0
1,19.772,0.1714,0.2857,0.0000,0.2381,intermediate,0,39.768,20.0
2,15.545,0.1820,0.2800,0.0000,0.2800,intermediate,0,40.597,20.0
3,15.368,0.1312,0.1875,0.0000,0.2188,intermediate,0,34.539,20.0
4,17.019,0.1750,0.2857,0.0000,0.2500,intermediate,0,40.591,20.0
5,20.221,0.1614,0.2273,0.0000,0.2727,intermediate,0,39.442,30.0
6,19.852,0.1700,0.2800,0.0000,0.2400,intermediate,0,40.381,20.0
7,16.818,0.1479,0.2083,0.0000,0.2500,intermediate,0,33.407,20.0
8,14.736,0.1368,0.2105,0.0000,0.2105,intermediate,0,37.719,20.0
9,11.413,0.1448,0.2069,0.0000,0.2414,intermediate,0,34.146,20.0
10,13.575,0.1917,0.3333,0.0000,0.2500,intermediate,0,40.538,20.0
11,14.627,0.1109,0.1562,0.0000,0.1875,intermediate,0,32.197,20.0
12,11.051,0.0959,0.1351,0.0000,0.1622,intermediate,0,31.789,20.0
13,14.307,0.0900,0.1500,0.0000,0.1250,intermediate,0,34.115,20.0
14,11.575,0.1382,0.2368,0.0000,0.1842,intermediate,0,37.392,20.0
15,14.462,0.1773,0.2727,0.0000,0.2727,intermediate,0,33.324,20.0
16,16.497,0.1581,0.2581,0.0000,0.2258,intermediate,0,41.376,20.0
17,15.810,0.0722,0.1111,0.0000,0.1111,amorphous,0,33.008,20.0
18,8.145,0.1288,0.2121,0.0000,0.1818,intermediate,0,31.769,10.0
19,13.236,0.0697,0.1212,0.0000,0.0909,amorphous,0,32.004,20.0
20,7.706,0.1197,0.1842,0.0000,0.1842,intermediate,0,35.103,10.0
21,14.276,0.1704,0.2963,0.0000,0.2222,intermediate,0,41.437,20.0
22,20.535,0.1477,0.2273,0.0000,0.2273,intermediate,0,39.359,30.0
23,12.899,0.1960,0.3200,0.0000,0.2800,intermediate,0,41.241,20.0
24,16.937,0.1256,0.2051,0.0000,0.1795,intermediate,0,36.987,20.0
25,9.821,0.1500,0.2143,0.0000,0.2500,intermediate,0,34.138,10.0
26,20.201,0.1690,0.2759,0.0000,0.2414,intermediate,0,40.264,30.0
27,10.823,0.0703,0.1081,0.0000,0.1081,amorphous,0,29.603,20.0
28,18.832,0.1586,0.2571,0.0000,0.2286,intermediate,0,41.203,20.0
29,8.527,0.0806,0.1111,0.0000,0.1389,amorphous,0,28.792,10.0
30,18.156,0.1031,0.1875,0.0000,0.1250,intermediate,0,32.519,20.0
31,10.503,0.0382,0.0000,0.0588,0.0588,amorphous,0,30.560,20.0
32,7.717,0.1241,0.2069,0.0000,0.1724,intermediate,0,35.201,10.0
33,11.051,0.1211,0.2105,0.0000,0.1579,intermediate,0,37.350,20.0
34,17.400,0.0848,0.1304,0.0000,0.1304,intermediate,0,32.230,20.0
35,5.170,0.0855,0.1316,0.0000,0.1316,intermediate,0,31.588,6.0
36,17.415,0.1361,0.2222,0.0000,0.1944,intermediate,0,37.349,20.0
37,11.883,0.0800,0.1333,0.0000,0.1111,amorphous,0,33.788,20.0
38,13.728,0.0879,0.1034,0.0000,0.1724,amorphous,0,31.885,20.0
39,21.040,0.1790,0.2903,0.0000,0.2581,intermediate,0,40.929,30.0
40,11.939,0.1040,0.1600,0.0000,0.1600,intermediate,0,27.119,20.0
41,8.839,0.0929,0.1429,0.0000,0.1429,intermediate,0,26.151,10.0
42,8.356,0.0300,0.0857,0.0000,0.0000,amorphous,0,26.136,10.0
43,13.794,0.1405,0.2162,0.0000,0.2162,intermediate,0,37.255,20.0
44,16.564,0.1233,0.2000,0.0000,0.1778,intermediate,0,36.976,20.0
45,20.983,0.1381,0.1905,0.0000,0.2381,intermediate,0,39.557,30.0
46,10.344,0.0650,0.1000,0.0000,0.1000,amorphous,0,26.348,20.0
47,11.022,0.0970,0.1212,0.0000,0.1818,intermediate,0,26.117,20.0
48,15.171,0.1518,0.2500,0.0000,0.2143,intermediate,0,42.337,20.0
49,8.809,0.1059,0.1765,0.0000,0.1471,intermediate,0,36.873,10.0
50,21.129,0.1795,0.3182,0.0000,0.2273,intermediate,0,40.445,30.0
51,14.241,0.1053,0.2105,0.0000,0.1053,amorphous,0,26.937,20.0
52,13.947,0.0812,0.1250,0.0000,0.1250,intermediate,0,32.897,20.0
53,2.718,0.0833,0.1282,0.0000,0.1282,intermediate,0,31.210,6.0
54,19.621,0.1405,0.2162,0.0000,0.2162,intermediate,0,42.176,20.0
55,18.528,0.1071,0.1429,0.0000,0.1905,intermediate,0,32.175,20.0
56,16.447,0.0911,0.1071,0.0000,0.1786,amorphous,0,32.924,20.0
57,9.593,0.0722,0.1111,0.0000,0.1111,amorphous,0,29.408,10.0
58,17.339,0.1611,0.2222,0.0000,0.2778,intermediate,0,42.274,20.0
59,11.908,0.0650,0.1000,0.0000,0.1000,amorphous,0,26.507,20.0
60,4.164,0.0561,0.0976,0.0000,0.0732,amorphous,0,27.812,6.0
61,8.287,0.1130,0.1739,0.0000,0.1739,intermediate,0,35.429,10.0
62,8.859,0.0756,0.1282,0.0000,0.1026,amorphous,0,26.862,10.0
63,9.084,0.0557,0.0857,0.0000,0.0857,amorphous,0,27.162,10.0
64,14.275,0.0729,0.0857,0.0000,0.1429,amorphous,0,32.008,20.0
65,10.761,0.0823,0.0968,0.0000,0.1613,amorphous,0,25.857,20.0
66,7.004,0.1145,0.1613,0.0000,0.1935,intermediate,0,35.933,10.0
67,13.345,0.0565,0.0870,0.0000,0.0870,amorphous,0,33.355,20.0
68,7.371,0.0453,0.0698,0.0000,0.0698,amorphous,0,26.790,10.0
69,14.173,0.1341,0.2273,0.0000,0.1818,intermediate,0,42.392,20.0
70,14.993,0.0975,0.1500,0.0000,0.1500,intermediate,0,26.950,20.0
71,8.548,0.0878,0.1351,0.0000,0.1351,intermediate,0,27.765,10.0
72,17.544,0.0903,0.1389,0.0000,0.1389,intermediate,0,37.386,20.0
73,5.446,0.0821,0.1026,0.0000,0.1538,amorphous,0,25.193,6.0
74,14.226,0.1472,0.2778,0.0000,0.1667,intermediate,0,26.239,20.0
75,7.191,0.1000,0.1000,0.1000,0.1000,amorphous,0,25.731,10.0
76,21.071,0.1470,0.2121,0.0000,0.2424,intermediate,0,41.075,30.0
77,16.897,0.1300,0.2000,0.0000,0.2000,intermediate,0,36.809,20.0
78,18.454,0.1109,0.1304,0.0000,0.2174,intermediate,0,32.378,20.0
79,7.601,0.0742,0.1290,0.0000,0.0968,amorphous,0,29.010,10.0
80,11.249,0.1261,0.1739,0.0000,0.2174,intermediate,0,28.191,20.0
81,11.757,0.0574,0.0000,0.0882,0.0882,amorphous,0,30.581,20.0
82,10.835,0.0682,0.0909,0.0000,0.1212,amorphous,0,25.933,20.0
83,5.639,0.0605,0.1053,0.0000,0.0789,amorphous,0,22.722,6.0
84,13.387,0.1318,0.1818,0.0000,0.2273,intermediate,0,36.889,20.0
85,6.282,0.0670,0.1136,0.0000,0.0909,amorphous,0,31.009,10.0
86,7.991,0.1159,0.1364,0.0000,0.2273,intermediate,0,36.075,10.0
87,22.498,0.1800,0.3000,0.0000,0.2500,intermediate,0,39.455,30.0
88,10.124,0.0855,0.1316,0.0000,0.1316,intermediate,0,36.716,20.0
89,3.110,0.0805,0.0732,0.0732,0.0976,amorphous,0,31.136,6.0
90,25.682,0.2250,0.3750,0.0000,0.3125,intermediate,0,47.286,30.0
91,21.911,0.1711,0.2632,0.0000,0.2632,intermediate,0,41.876,30.0
92,7.474,0.0776,0.1316,0.0000,0.1053,amorphous,0,26.000,10.0
93,22.002,0.1750,0.2692,0.0000,0.2692,intermediate,0,40.389,30.0
94,5.955,0.0986,0.1389,0.0000,0.1667,intermediate,0,25.501,6.0
95,3.029,0.0536,0.0714,0.0000,0.0952,amorphous,0,26.447,6.0
96,9.457,0.0591,0.0909,0.0000,0.0909,amorphous,0,29.377,10.0
97,15.458,0.1278,0.2222,0.0000,0.1667,intermediate,0,25.870,20.0
98,11.475,0.0744,0.1026,0.0000,0.1282,amorphous,0,36.788,20.0
99,17.060,0.1183,0.1707,0.0000,0.1951,intermediate,0,37.034,20.0
100,7.095,0.0361,0.0556,0.0000,0.0556,amorphous,0,21.625,10.0
101,4.999,0.0485,0.0000,0.0606,0.0909,amorphous,0,21.092,6.0
102,6.335,0.0527,0.0811,0.0000,0.0811,amorphous,0,24.066,10.0
103,9.302,0.0823,0.0968,0.0000,0.1613,amorphous,0,36.720,10.0
104,15.665,0.1283,0.2174,0.0000,0.1739,intermediate,0,25.939,20.0
105,4.015,0.0797,0.0938,0.0000,0.1562,amorphous,0,30.104,6.0
106,4.260,0.1132,0.1316,0.0789,0.1316,intermediate,0,21.833,6.0
107,18.725,0.2050,0.3000,0.0000,0.3333,intermediate,0,43.169,20.0
108,7.222,0.1111,0.1111,0.1111,0.1111,amorphous,0,25.597,10.0
109,3.996,0.0500,0.0667,0.0000,0.0889,amorphous,0,30.329,6.0
110,18.560,0.1197,0.1842,0.0000,0.1842,intermediate,0,37.356,20.0
111,22.162,0.1426,0.2059,0.0000,0.2353,intermediate,0,42.144,30.0
112,22.020,0.1685,0.2593,0.0000,0.2593,intermediate,0,41.284,30.0
113,4.086,0.0485,0.0000,0.0606,0.0909,amorphous,0,20.180,6.0
114,16.734,0.1048,0.1613,0.0000,0.1613,intermediate,0,32.135,20.0
115,2.803,0.1100,0.1429,0.0000,0.2000,intermediate,0,22.927,6.0
116,9.085,0.0929,0.1429,0.0000,0.1429,intermediate,0,24.071,10.0
117,13.003,0.0686,0.1163,0.0000,0.0930,amorphous,0,32.868,20.0
118,15.658,0.1181,0.1277,0.0638,0.1702,intermediate,0,36.497,20.0
119,6.492,0.1321,0.2143,0.0000,0.1905,intermediate,0,26.582,10.0
120,13.479,0.0650,0.1000,0.0000,0.1000,amorphous,0,26.632,20.0
121,15.992,0.1826,0.2609,0.0000,0.3043,intermediate,0,42.911,20.0
122,7.161,0.0609,0.0938,0.0000,0.0938,amorphous,0,20.154,10.0
123,17.535,0.1122,0.1633,0.0000,0.1837,intermediate,0,36.459,20.0
124,9.590,0.0867,0.1333,0.0000,0.1333,intermediate,0,21.560,10.0
125,7.188,0.1045,0.1818,0.0000,0.1364,intermediate,0,23.168,10.0
126,11.285,0.0619,0.0952,0.0000,0.0952,amorphous,0,20.654,20.0
127,17.664,0.1560,0.2400,0.0000,0.2400,intermediate,0,43.200,20.0
128,9.061,0.0727,0.0909,0.0000,0.1364,amorphous,0,28.890,10.0
129,10.627,0.1071,0.1837,0.0000,0.1429,intermediate,0,27.929,20.0
130,10.478,0.0727,0.0909,0.0000,0.1364,amorphous,0,20.726,20.0
131,20.566,0.1324,0.1765,0.0000,0.2353,intermediate,0,32.257,30.0
132,5.579,0.0729,0.0857,0.0000,0.1429,amorphous,0,31.184,6.0
133,4.931,0.0432,0.0541,0.0000,0.0811,amorphous,0,25.394,6.0
134,26.660,0.2694,0.3889,0.0000,0.4444,crystalline,0,48.179,30.0
135,11.912,0.0662,0.0882,0.0000,0.1176,amorphous,0,29.770,20.0
136,20.414,0.1571,0.2286,0.0000,0.2571,intermediate,0,42.834,30.0
137,6.276,0.0602,0.0682,0.0455,0.0682,amorphous,0,22.920,10.0
138,23.670,0.2125,0.3500,0.0000,0.3000,intermediate,0,39.223,30.0
139,22.487,0.2043,0.3143,0.0000,0.3143,intermediate,0,42.705,30.0
140,7.970,0.1278,0.2222,0.0000,0.1667,intermediate,0,27.456,10.0
141,23.284,0.1771,0.2917,0.0000,0.2500,intermediate,0,40.067,30.0
142,5.238,0.1087,0.1500,0.0750,0.1000,amorphous,0,19.440,6.0
143,7.666,0.0667,0.0833,0.0000,0.1250,amorphous,0,29.764,10.0
144,8.895,0.1118,0.1842,0.0000,0.1579,intermediate,0,24.977,10.0
145,10.460,0.0448,0.0690,0.0000,0.0690,amorphous,0,22.767,20.0
146,7.473,0.0488,0.0750,0.0000,0.0750,amorphous,0,19.866,10.0
147,10.544,0.0933,0.1333,0.0000,0.1556,intermediate,0,29.183,20.0
148,2.936,0.0548,0.0952,0.0000,0.0714,amorphous,0,24.309,6.0
149,6.794,0.0511,0.0682,0.0000,0.0909,amorphous,0,30.601,10.0
150,14.797,0.1226,0.1667,0.0000,0.2143,intermediate,0,37.844,20.0
151,14.407,0.0857,0.1429,0.0000,0.1190,amorphous,0,33.503,20.0
152,17.789,0.1368,0.2105,0.0000,0.2105,intermediate,0,25.948,20.0
153,5.704,0.1576,0.2826,0.0000,0.1957,intermediate,0,22.676,6.0
154,12.351,0.0629,0.0968,0.0000,0.0968,amorphous,0,26.137,20.0
155,11.083,0.1214,0.1429,0.0000,0.2381,intermediate,0,37.138,20.0
156,11.910,0.0663,0.0698,0.0000,0.1395,amorphous,0,34.122,20.0
157,20.022,0.1130,0.1739,0.0000,0.1739,intermediate,0,32.859,30.0
158,12.648,0.0958,0.1667,0.0000,0.1250,intermediate,0,21.926,20.0
159,2.187,0.0819,0.0833,0.0556,0.1111,amorphous,0,17.285,6.0
160,6.841,0.0716,0.0811,0.0541,0.0811,amorphous,0,18.974,10.0
161,6.916,0.1257,0.2432,0.0000,0.1351,intermediate,0,20.429,10.0
162,3.233,0.0800,0.0667,0.0667,0.1111,amorphous,0,24.930,6.0
163,4.026,0.1977,0.2500,0.1591,0.1818,intermediate,0,21.112,6.0
164,14.491,0.0387,0.0000,0.0000,0.1290,amorphous,0,26.254,20.0
165,4.670,0.0886,0.1364,0.0000,0.1364,intermediate,0,25.611,6.0
166,12.633,0.0659,0.0909,0.0000,0.1136,amorphous,0,30.441,20.0
167,4.145,0.2093,0.2791,0.1395,0.2093,intermediate,0,23.683,6.0
168,6.241,0.0805,0.1463,0.0000,0.0976,amorphous,0,18.994,6.0
169,8.435,0.0819,0.1064,0.0000,0.1489,amorphous,0,28.210,10.0
170,10.699,0.0589,0.1071,0.0000,0.0714,amorphous,0,20.508,20.0
171,9.415,0.0967,0.1333,0.0000,0.1667,intermediate,0,18.444,10.0
172,22.763,0.1806,0.2778,0.0000,0.2778,intermediate,0,42.006,30.0
173,18.133,0.0906,0.1250,0.0000,0.1562,intermediate,0,31.505,20.0
174,13.541,0.0903,0.1389,0.0000,0.1389,intermediate,0,37.796,20.0
175,3.561,0.0523,0.0698,0.0000,0.0930,amorphous,0,28.184,6.0
176,16.330,0.0750,0.0882,0.0000,0.1471,amorphous,0,31.357,20.0
177,9.924,0.0592,0.0789,0.0000,0.1053,amorphous,0,33.432,10.0
178,22.674,0.1635,0.2692,0.0000,0.2308,intermediate,0,40.870,30.0
179,4.259,0.0562,0.0750,0.0000,0.1000,amorphous,0,17.069,6.0
180,19.337,0.1250,0.2059,0.0000,0.1765,intermediate,0,36.820,20.0
181,18.334,0.1130,0.1739,0.0000,0.1739,intermediate,0,36.787,20.0
182,13.485,0.0780,0.1200,0.0000,0.1200,intermediate,0,20.454,20.0
183,8.483,0.1205,0.1795,0.0769,0.1026,amorphous,0,17.320,10.0
184,21.507,0.1324,0.1765,0.0000,0.2353,intermediate,0,32.048,30.0
185,1.662,0.1014,0.1111,0.0833,0.1111,amorphous,0,15.902,6.0
186,17.154,0.1543,0.1702,0.1064,0.1915,intermediate,0,37.443,20.0
187,19.408,0.1058,0.1628,0.0000,0.1628,intermediate,0,37.222,20.0
188,18.201,0.1211,0.2105,0.0000,0.1579,intermediate,0,26.013,20.0
189,8.437,0.0500,0.0000,0.0625,0.0938,amorphous,0,31.039,10.0
190,5.485,0.1412,0.2750,0.0000,0.1500,intermediate,0,22.126,6.0
191,14.073,0.0889,0.1111,0.0000,0.1667,amorphous,0,19.574,20.0
192,2.775,0.0935,0.1739,0.0000,0.1087,amorphous,0,24.562,6.0
193,12.931,0.0750,0.1364,0.0000,0.0909,amorphous,0,22.537,20.0
194,3.197,0.0667,0.1026,0.0000,0.1026,amorphous,0,15.612,6.0
195,14.259,0.0739,0.1136,0.0000,0.1136,amorphous,0,33.079,20.0
196,3.990,0.1412,0.1750,0.1000,0.1500,intermediate,0,17.016,6.0
197,8.307,0.0485,0.0606,0.0000,0.0909,amorphous,0,25.214,10.0
198,11.779,0.0594,0.0000,0.0625,0.1250,amorphous,0,36.164,20.0
199,5.237,0.1075,0.2000,0.0000,0.1250,intermediate,0,20.103,6.0
200,10.618,0.2300,0.3111,0.1556,0.2222,intermediate,0,25.138,20.0
201,17.237,0.0580,0.0000,0.0800,0.1000,amorphous,0,33.605,20.0
202,7.070,0.0476,0.0732,0.0000,0.0732,amorphous,0,17.665,10.0
203,6.895,0.1340,0.2553,0.0000,0.1489,intermediate,0,24.365,10.0
204,7.781,0.0635,0.0811,0.0541,0.0541,amorphous,0,19.040,10.0
205,24.432,0.2706,0.2941,0.1765,0.3529,crystalline,0,43.054,30.0
206,19.479,0.1636,0.2727,0.0000,0.2273,intermediate,0,44.064,20.0
207,7.044,0.0432,0.0000,0.0455,0.0909,amorphous,0,23.975,10.0
208,22.704,0.1625,0.2500,0.0000,0.2500,intermediate,0,42.261,30.0
209,9.143,0.1143,0.0000,0.1429,0.2143,amorphous,0,30.727,10.0
210,7.470,0.1320,0.2400,0.0000,0.1600,intermediate,0,15.498,10.0
211,13.205,0.1521,0.1250,0.1667,0.1667,intermediate,0,37.670,20.0
212,11.689,0.1594,0.2083,0.1042,0.1667,intermediate,0,27.778,20.0
213,11.745,0.0855,0.1613,0.0000,0.0968,amorphous,0,21.486,20.0
214,19.095,0.1341,0.1951,0.0000,0.2195,intermediate,0,36.726,20.0
215,18.402,0.1479,0.2083,0.0000,0.2500,intermediate,0,36.498,20.0
216,7.471,0.1182,0.1818,0.0000,0.1818,intermediate,0,15.426,10.0
217,10.290,0.1390,0.1707,0.1220,0.1220,intermediate,0,28.063,20.0
218,7.116,0.0549,0.0732,0.0000,0.0976,amorphous,0,20.533,10.0
219,22.034,0.2468,0.2903,0.1935,0.2581,intermediate,0,43.675,30.0
220,5.457,0.1179,0.2143,0.0000,0.1429,intermediate,0,17.930,6.0
221,23.382,0.1552,0.2069,0.0000,0.2759,intermediate,0,41.597,30.0
222,9.231,0.1538,0.2051,0.1026,0.1538,intermediate,0,26.516,10.0
223,5.841,0.0922,0.0938,0.0625,0.1250,amorphous,0,15.305,6.0
224,14.048,0.1187,0.1250,0.0000,0.2500,intermediate,0,37.775,20.0
225,20.904,0.1750,0.2857,0.0000,0.2500,intermediate,0,33.649,30.0
226,24.447,0.1773,0.2727,0.0000,0.2727,intermediate,0,39.923,30.0
227,4.809,0.0381,0.0000,0.0476,0.0714,amorphous,0,26.879,6.0
228,8.566,0.1195,0.1951,0.0000,0.1707,intermediate,0,19.507,10.0
229,3.860,0.1105,0.1579,0.0000,0.1842,intermediate,0,16.927,6.0
230,7.381,0.1068,0.1892,0.0000,0.1351,intermediate,0,14.417,10.0
231,7.101,0.0943,0.1143,0.0571,0.1143,amorphous,0,16.372,10.0
232,2.733,0.1360,0.2093,0.0000,0.2093,intermediate,0,17.965,6.0
233,4.703,0.1057,0.2045,0.0000,0.1136,amorphous,0,19.182,6.0
234,15.738,0.0929,0.1429,0.0000,0.1429,intermediate,0,32.887,20.0
235,21.892,0.1565,0.2609,0.0000,0.2174,intermediate,0,32.699,30.0
236,6.929,0.1636,0.2727,0.0000,0.2273,intermediate,0,19.886,10.0
237,20.956,0.1690,0.2381,0.0000,0.2857,intermediate,0,43.931,30.0
238,24.356,0.2267,0.3333,0.0000,0.3667,intermediate,0,42.810,30.0
239,16.470,0.1000,0.1538,0.0000,0.1538,intermediate,0,19.521,20.0
240,10.089,0.1132,0.2105,0.0000,0.1316,intermediate,0,17.862,20.0
241,13.953,0.0670,0.0682,0.0455,0.0909,amorphous,0,30.604,20.0
242,7.565,0.2186,0.3023,0.1628,0.1860,intermediate,0,18.947,10.0
243,4.555,0.2050,0.3500,0.0000,0.2750,intermediate,0,22.588,6.0
244,9.162,0.0500,0.0769,0.0000,0.0769,amorphous,0,19.955,10.0
245,19.451,0.1312,0.1875,0.0000,0.2188,intermediate,0,34.502,20.0
246,9.220,0.0743,0.0571,0.0571,0.1143,amorphous,0,25.201,10.0
247,24.424,0.1978,0.3043,0.0000,0.3043,intermediate,0,40.796,30.0
248,12.255,0.0956,0.1471,0.0000,0.1471,intermediate,0,24.449,20.0
249,15.898,0.0889,0.1111,0.0000,0.1667,amorphous,0,19.768,20.0
250,20.936,0.1644,0.2222,0.0000,0.2889,intermediate,0,37.609,30.0
251,8.811,0.0920,0.1600,0.0000,0.1200,intermediate,0,15.272,10.0
252,4.970,0.1551,0.2051,0.1282,0.1282,intermediate,0,15.521,6.0
253,12.371,0.0776,0.1316,0.0000,0.1053,amorphous,0,29.036,20.0
254,8.688,0.0542,0.0833,0.0000,0.0833,amorphous,0,30.702,10.0
255,2.914,0.1125,0.1136,0.0909,0.1364,amorphous,0,13.746,6.0
256,8.162,0.2261,0.3478,0.1304,0.1957,intermediate,0,23.911,10.0
257,11.002,0.0812,0.1250,0.0000,0.1250,intermediate,0,31.538,20.0
258,11.646,0.0826,0.0870,0.0000,0.1739,amorphous,0,31.563,20.0
259,7.215,0.1324,0.2162,0.0000,0.1892,intermediate,0,14.107,10.0
260,11.248,0.1065,0.1739,0.0000,0.1522,intermediate,0,25.561,20.0
261,17.810,0.0970,0.1212,0.0000,0.1818,intermediate,0,30.955,20.0
262,8.005,0.1689,0.3111,0.0000,0.2000,intermediate,0,20.752,10.0
263,5.956,0.0562,0.0750,0.0000,0.1000,amorphous,0,13.291,10.0
264,17.346,0.0716,0.0682,0.0000,0.1591,amorphous,0,33.103,20.0
265,8.278,0.0525,0.1500,0.0000,0.0000,amorphous,0,14.395,10.0
266,12.782,0.1211,0.2105,0.0000,0.1579,intermediate,0,14.450,20.0
267,6.900,0.0622,0.1081,0.0000,0.0811,amorphous,0,18.594,10.0
268,9.414,0.1344,0.2500,0.0000,0.1562,intermediate,0,20.413,10.0
269,6.974,0.0619,0.0952,0.0000,0.0952,amorphous,0,19.120,10.0
270,7.530,0.1638,0.2750,0.0000,0.2250,intermediate,0,20.977,10.0
271,14.240,0.0638,0.0750,0.0000,0.1250,amorphous,0,30.178,20.0
272,6.415,0.1769,0.3077,0.0000,0.2308,intermediate,0,15.082,10.0
273,15.013,0.0783,0.1304,0.0000,0.1087,amorphous,0,30.998,20.0
274,20.679,0.1337,0.1957,0.0000,0.2174,intermediate,0,37.345,30.0
275,6.118,0.1825,0.2250,0.1250,0.2000,intermediate,0,16.673,10.0
276,7.824,0.1608,0.2973,0.0000,0.1892,intermediate,0,23.651,10.0
277,16.415,0.0761,0.0870,0.0000,0.1522,amorphous,0,36.121,20.0
278,2.471,0.1000,0.1739,0.0000,0.1304,intermediate,0,21.814,6.0
279,10.558,0.1227,0.1818,0.0909,0.0909,amorphous,0,15.570,20.0
280,26.624,0.2097,0.3226,0.0000,0.3226,intermediate,0,43.810,30.0
281,7.911,0.0500,0.0000,0.0769,0.0769,amorphous,0,25.108,10.0
282,8.421,0.0305,0.0244,0.0000,0.0732,amorphous,0,22.266,10.0
283,6.266,0.1062,0.1750,0.0000,0.1500,intermediate,0,11.656,10.0
284,5.367,0.0702,0.1190,0.0000,0.0952,amorphous,0,11.986,6.0
285,8.596,0.2000,0.2553,0.1702,0.1702,intermediate,0,24.858,10.0
286,5.887,0.0737,0.1250,0.0000,0.1000,amorphous,0,14.668,10.0
287,16.986,0.1405,0.2162,0.0000,0.2162,intermediate,0,31.027,20.0
288,14.299,0.0676,0.1176,0.0000,0.0882,amorphous,0,36.152,20.0
289,9.682,0.0867,0.1429,0.0000,0.1224,intermediate,0,26.852,10.0
290,23.451,0.2186,0.2286,0.2000,0.2286,intermediate,0,41.707,30.0
291,6.084,0.1684,0.3061,0.0000,0.2041,intermediate,0,21.578,10.0
292,13.050,0.0806,0.1429,0.0000,0.1020,amorphous,0,30.303,20.0
293,18.618,0.1261,0.1739,0.0000,0.2174,intermediate,0,26.420,20.0
294,3.115,0.1389,0.2444,0.0000,0.1778,intermediate,0,18.558,6.0
295,15.832,0.1205,0.0909,0.1364,0.1364,amorphous,0,38.356,20.0
296,18.236,0.0633,0.0667,0.0000,0.1333,amorphous,0,33.907,20.0
297,10.302,0.0549,0.0732,0.0000,0.0976,amorphous,0,30.395,20.0
298,4.071,0.1351,0.1892,0.0811,0.1351,intermediate,0,13.617,6.0
299,20.100,0.1183,0.1707,0.0000,0.1951,intermediate,0,36.273,20.0
300,7.367,0.0739,0.1136,0.0000,0.1136,amorphous,0,14.532,10.0
301,4.015,0.2385,0.2564,0.2051,0.2564,intermediate,0,17.149,6.0
302,6.257,0.1058,0.2093,0.0930,0.0000,amorphous,0,13.336,10.0
303,1.516,0.1333,0.1556,0.1111,0.1333,intermediate,0,12.427,6.0
304,7.704,0.1058,0.1628,0.0000,0.1628,intermediate,0,25.805,10.0
305,6.134,0.1097,0.1944,0.0000,0.1389,intermediate,0,11.771,10.0
306,15.428,0.0750,0.1000,0.0000,0.1333,amorphous,0,25.538,20.0
307,8.121,0.0569,0.1034,0.0000,0.0690,amorphous,0,18.959,10.0
308,9.188,0.0583,0.1667,0.0000,0.0000,amorphous,0,16.204,10.0
309,20.923,0.1379,0.2121,0.0000,0.2121,intermediate,0,36.317,30.0
310,9.411,0.0940,0.1667,0.0000,0.1190,amorphous,0,13.079,10.0
311,15.627,0.0784,0.1081,0.0000,0.1351,amorphous,0,35.867,20.0
312,3.110,0.1781,0.3125,0.0000,0.2292,intermediate,0,20.418,6.0
313,22.936,0.1885,0.3077,0.0000,0.2692,intermediate,0,33.834,30.0
314,25.181,0.1771,0.2917,0.0000,0.2500,intermediate,0,41.603,30.0
315,7.872,0.0744,0.1026,0.0000,0.1282,amorphous,0,25.116,10.0
316,12.675,0.0273,0.0000,0.0000,0.0909,amorphous,0,24.281,20.0
317,3.148,0.1716,0.2955,0.0000,0.2273,intermediate,0,19.665,6.0
318,5.543,0.1302,0.2326,0.0000,0.1628,intermediate,0,10.337,6.0
319,25.606,0.2250,0.3462,0.0000,0.3462,intermediate,0,42.595,30.0
320,12.338,0.1704,0.2963,0.0000,0.2222,intermediate,0,13.062,20.0
321,4.825,0.0598,0.0976,0.0732,0.0000,amorphous,0,12.137,6.0
322,14.876,0.0800,0.1000,0.0000,0.1500,amorphous,0,20.263,20.0
323,3.369,0.1545,0.2273,0.0000,0.2500,intermediate,0,11.334,6.0
324,3.712,0.1034,0.1591,0.0000,0.1591,intermediate,0,10.453,6.0
325,11.302,0.0722,0.1111,0.0000,0.1111,amorphous,0,30.436,20.0
326,2.994,0.1340,0.2553,0.0000,0.1489,intermediate,0,15.814,6.0
327,22.511,0.1268,0.1786,0.0000,0.2143,intermediate,0,34.845,30.0
328,6.302,0.1024,0.1905,0.0000,0.1190,amorphous,0,24.141,10.0
329,20.781,0.0617,0.0851,0.0000,0.1064,amorphous,0,35.710,30.0
330,14.714,0.1162,0.1351,0.0811,0.1351,intermediate,0,27.405,20.0
331,5.238,0.1412,0.1500,0.1250,0.1500,intermediate,0,12.755,6.0
332,11.020,0.1257,0.2432,0.0000,0.1351,intermediate,0,21.951,20.0
333,5.709,0.1102,0.1591,0.0000,0.1818,intermediate,0,20.495,6.0
334,12.867,0.1375,0.2500,0.0000,0.1667,intermediate,0,13.916,20.0
335,23.353,0.2000,0.2000,0.2000,0.2000,intermediate,0,44.806,30.0
336,18.939,0.0847,0.1020,0.0000,0.1633,amorphous,0,35.559,20.0
337,7.322,0.0679,0.1282,0.0000,0.0769,amorphous,0,13.030,10.0
338,6.695,0.1322,0.2444,0.0000,0.1556,intermediate,0,16.113,10.0
339,17.097,0.0673,0.1224,0.0000,0.0816,amorphous,0,30.409,20.0
340,11.848,0.0948,0.1458,0.0000,0.1458,intermediate,0,25.583,20.0
341,23.670,0.1700,0.1778,0.1556,0.1778,intermediate,0,38.594,30.0
342,6.809,0.2726,0.3333,0.2619,0.2143,crystalline,0,18.189,10.0
343,11.250,0.1387,0.2581,0.0000,0.1613,intermediate,0,17.672,20.0
344,5.323,0.1800,0.3000,0.0000,0.2500,intermediate,0,13.964,6.0
345,9.508,0.2533,0.3478,0.1522,0.2609,crystalline,0,20.094,10.0
346,13.585,0.0817,0.1346,0.0000,0.1154,amorphous,0,26.634,20.0
347,2.684,0.1412,0.1500,0.1250,0.1500,intermediate,0,13.879,6.0
348,7.793,0.2011,0.3696,0.0000,0.2391,intermediate,0,21.101,10.0
349,13.820,0.0774,0.1190,0.0000,0.1190,amorphous,0,27.563,20.0
350,17.154,0.0553,0.0851,0.0000,0.0851,amorphous,0,31.163,20.0
351,4.053,0.0667,0.1333,0.0000,0.0667,amorphous,0,15.098,6.0
352,18.782,0.1180,0.2000,0.0000,0.1600,intermediate,0,27.576,20.0
353,13.531,0.0559,0.0000,0.0588,0.1176,amorphous,0,25.121,20.0
354,7.581,0.1517,0.2333,0.0000,0.2333,intermediate,0,11.050,10.0
355,3.028,0.1404,0.2553,0.0000,0.1702,intermediate,0,15.171,6.0
356,5.925,0.1485,0.2424,0.0000,0.2121,intermediate,0,11.493,6.0
357,11.625,0.0552,0.0690,0.0000,0.1034,amorphous,0,24.861,20.0
358,21.544,0.1598,0.1707,0.0976,0.2195,intermediate,0,36.151,30.0
359,27.560,0.2080,0.3200,0.0000,0.3200,intermediate,0,43.650,30.0
360,8.864,0.0485,0.0606,0.0000,0.0909,amorphous,0,21.179,10.0
361,9.018,0.1194,0.2222,0.0000,0.1389,intermediate,0,19.414,10.0
362,11.497,0.0955,0.2727,0.0000,0.0000,amorphous,0,10.281,20.0
363,3.792,0.1321,0.2143,0.0000,0.1905,intermediate,0,15.512,6.0
364,3.899,0.0837,0.1395,0.0000,0.1163,amorphous,0,9.354,6.0
365,26.533,0.2423,0.2692,0.1923,0.2692,intermediate,0,44.447,30.0
366,4.034,0.1237,0.1500,0.0750,0.1500,intermediate,0,16.357,6.0
367,9.481,0.1485,0.2424,0.0000,0.2121,intermediate,0,10.096,10.0
368,22.493,0.1837,0.2093,0.1163,0.2326,intermediate,0,37.224,30.0
369,5.448,0.1012,0.1395,0.0698,0.0930,amorphous,0,13.037,6.0
370,5.602,0.1274,0.2258,0.0000,0.1613,intermediate,0,12.457,6.0
371,9.487,0.2074,0.2340,0.2128,0.1702,intermediate,0,24.104,10.0
372,26.673,0.2417,0.3333,0.0000,0.4167,intermediate,0,42.488,30.0
373,5.693,0.0685,0.1957,0.0000,0.0000,amorphous,0,15.133,6.0
374,22.398,0.1258,0.1935,0.0000,0.1935,intermediate,0,35.431,30.0
375,3.448,0.1359,0.1538,0.1026,0.1538,intermediate,0,9.203,6.0
376,10.538,0.1987,0.3421,0.0000,0.2632,intermediate,0,22.201,20.0
377,25.269,0.1659,0.1818,0.1364,0.1818,intermediate,0,44.513,30.0
378,19.546,0.1625,0.2500,0.0000,0.2500,intermediate,0,26.687,20.0
379,8.068,0.0608,0.0811,0.0000,0.1081,amorphous,0,19.454,10.0
380,5.287,0.1257,0.2432,0.0000,0.1351,intermediate,0,15.751,6.0
381,10.850,0.1353,0.2353,0.0000,0.1765,intermediate,0,9.115,20.0
382,17.063,0.0707,0.0976,0.0000,0.1220,amorphous,0,29.833,20.0
383,10.752,0.0471,0.0588,0.0000,0.0882,amorphous,0,24.311,20.0
384,11.048,0.1914,0.3103,0.0000,0.2759,intermediate,0,12.561,20.0
385,7.801,0.1700,0.3143,0.0000,0.2000,intermediate,0,15.051,10.0
386,18.806,0.0633,0.0667,0.0000,0.1333,amorphous,0,32.715,20.0
387,2.724,0.1367,0.2000,0.0000,0.2222,intermediate,0,10.045,6.0
388,4.344,0.1250,0.2143,0.1429,0.0000,intermediate,0,14.337,6.0
389,9.394,0.0583,0.1667,0.0000,0.0000,amorphous,0,17.802,10.0
390,17.618,0.0904,0.1489,0.0000,0.1277,intermediate,0,33.127,20.0
391,19.473,0.1528,0.2222,0.0000,0.2500,intermediate,0,30.695,20.0
392,14.823,0.0750,0.1364,0.0000,0.0909,amorphous,0,20.154,20.0
393,7.523,0.1375,0.2500,0.0000,0.1667,intermediate,0,14.551,10.0
394,3.834,0.1533,0.2667,0.0000,0.2000,intermediate,0,15.899,6.0
395,21.370,0.1484,0.1290,0.1290,0.1935,intermediate,0,39.445,30.0
396,2.888,0.1330,0.2045,0.0000,0.2045,intermediate,0,9.094,6.0
397,13.795,0.0783,0.1304,0.0000,0.1087,amorphous,0,28.281,20.0
398,27.801,0.2635,0.4231,0.0000,0.3846,crystalline,0,43.475,30.0
399,6.050,0.1261,0.1739,0.0000,0.2174,intermediate,0,7.658,6.0
400,11.483,0.0839,0.1290,0.0000,0.1290,intermediate,0,19.598,20.0
401,16.855,0.0879,0.1212,0.0000,0.1515,intermediate,0,25.749,20.0
402,22.289,0.0604,0.0833,0.0000,0.1042,amorphous,0,35.765,30.0
403,12.436,0.0562,0.0750,0.0000,0.1000,amorphous,0,28.226,20.0
404,2.948,0.1140,0.1860,0.0000,0.1628,intermediate,0,7.639,6.0
405,15.833,0.1057,0.1143,0.1143,0.0857,amorphous,0,33.066,20.0
406,5.747,0.0987,0.1750,0.0000,0.1250,intermediate,0,11.637,6.0
407,2.612,0.1667,0.2667,0.0000,0.2444,intermediate,0,11.086,6.0
408,2.590,0.1467,0.2174,0.1087,0.1087,intermediate,0,10.617,6.0
409,8.503,0.1360,0.2093,0.0000,0.2093,intermediate,0,23.057,10.0
410,19.757,0.0553,0.1579,0.0000,0.0000,amorphous,0,39.270,20.0
411,5.143,0.2537,0.3659,0.1707,0.2195,crystalline,0,18.662,6.0
412,11.601,0.1385,0.2308,0.0000,0.1923,intermediate,0,13.682,20.0
413,15.597,0.1069,0.1389,0.0000,0.1944,intermediate,0,25.566,20.0
414,6.832,0.1104,0.1042,0.1042,0.1250,amorphous,0,8.836,10.0
415,7.605,0.1012,0.1667,0.0000,0.1429,intermediate,0,10.706,10.0
416,3.104,0.1156,0.1778,0.0000,0.1778,intermediate,0,7.956,6.0
417,5.759,0.1526,0.2821,0.0000,0.1795,intermediate,0,16.465,6.0
418,18.713,0.1647,0.1471,0.1471,0.2059,intermediate,0,35.960,20.0
419,14.354,0.0565,0.0870,0.0000,0.0870,amorphous,0,30.154,20.0
420,6.125,0.1717,0.3043,0.0000,0.2174,intermediate,0,17.588,10.0
421,11.901,0.1535,0.1395,0.1395,0.1860,intermediate,0,24.600,20.0
422,4.579,0.1814,0.2286,0.1429,0.1714,intermediate,0,9.454,6.0
423,8.562,0.1946,0.3243,0.0000,0.2703,intermediate,0,8.673,10.0
424,13.870,0.0968,0.0968,0.0968,0.0968,amorphous,0,29.882,20.0
425,22.369,0.0807,0.1136,0.0000,0.1364,amorphous,0,35.968,30.0
426,5.205,0.1213,0.1702,0.0851,0.1064,amorphous,0,8.151,6.0
427,23.674,0.1417,0.2333,0.0000,0.2000,intermediate,0,36.553,30.0
428,13.447,0.0929,0.1429,0.0000,0.1429,intermediate,0,25.588,20.0
429,3.092,0.1217,0.2174,0.0000,0.1522,intermediate,0,6.340,6.0
430,12.928,0.0686,0.1163,0.0000,0.0930,amorphous,0,27.390,20.0
431,21.224,0.0775,0.1373,0.0000,0.0980,amorphous,0,32.790,30.0
432,19.904,0.1100,0.1429,0.0000,0.2000,intermediate,0,30.857,20.0
433,7.764,0.2302,0.2558,0.1628,0.2791,intermediate,0,20.230,10.0
434,8.639,0.1871,0.3143,0.0000,0.2571,intermediate,0,9.694,10.0
435,21.316,0.1239,0.1304,0.0000,0.2609,intermediate,0,39.522,30.0
436,17.634,0.0440,0.0400,0.0000,0.1000,amorphous,0,30.502,20.0
437,16.270,0.0812,0.1250,0.0000,0.1250,intermediate,0,26.679,20.0
438,7.475,0.1333,0.1429,0.0952,0.1667,intermediate,0,17.718,10.0
439,24.881,0.1391,0.1739,0.0000,0.2609,intermediate,0,34.628,30.0
440,6.168,0.1500,0.2571,0.0000,0.2000,intermediate,0,8.089,6.0
441,3.401,0.1062,0.1750,0.0000,0.1500,intermediate,0,12.676,6.0
442,9.770,0.1145,0.2368,0.0000,0.1053,amorphous,0,20.675,10.0
443,12.484,0.1827,0.2041,0.1429,0.2041,intermediate,0,22.808,20.0
444,21.414,0.1262,0.1667,0.0714,0.1429,intermediate,0,35.382,30.0
445,17.321,0.0878,0.1633,0.0000,0.1020,amorphous,0,27.942,20.0
446,8.812,0.1149,0.1892,0.0000,0.1622,intermediate,0,21.968,10.0
447,6.742,0.2024,0.2195,0.1707,0.2195,intermediate,0,6.106,10.0
448,6.412,0.2750,0.3947,0.2105,0.2105,crystalline,0,16.874,10.0
449,13.015,0.0947,0.1579,0.0000,0.1316,intermediate,0,23.247,20.0
450,3.711,0.1641,0.2826,0.0000,0.2174,intermediate,0,9.582,6.0
451,29.481,0.1300,0.2000,0.0000,0.2000,intermediate,0,44.711,30.0
452,3.183,0.0743,0.1143,0.0000,0.1143,amorphous,0,15.300,6.0
453,15.809,0.0806,0.1429,0.0000,0.1020,amorphous,0,27.278,20.0
454,5.939,0.1409,0.2273,0.0000,0.2045,intermediate,0,6.772,6.0
455,23.565,0.0956,0.1471,0.0000,0.1471,intermediate,0,38.933,30.0
456,4.095,0.1898,0.2045,0.1818,0.1818,intermediate,0,10.728,6.0
457,9.114,0.1598,0.2683,0.0000,0.2195,intermediate,0,6.446,10.0
458,10.614,0.1272,0.1957,0.0000,0.1957,intermediate,0,21.996,20.0
459,10.777,0.2915,0.4043,0.1915,0.2766,crystalline,0,17.368,20.0
460,8.642,0.0727,0.0909,0.0000,0.1364,amorphous,0,18.953,10.0
461,8.895,0.2825,0.3750,0.1750,0.3000,crystalline,0,19.318,10.0
462,24.671,0.1878,0.2162,0.1351,0.2162,intermediate,0,38.108,30.0
463,16.374,0.0536,0.0714,0.0000,0.0952,amorphous,0,27.631,20.0
464,4.192,0.1987,0.2564,0.1795,0.1538,intermediate,0,8.383,6.0
465,14.461,0.0700,0.0800,0.0000,0.1400,amorphous,0,26.669,20.0
466,5.799,0.1611,0.2889,0.0000,0.2000,intermediate,0,16.623,6.0
467,19.609,0.1518,0.2500,0.0000,0.2143,intermediate,0,28.265,20.0
468,30.304,0.1696,0.2609,0.0000,0.2609,intermediate,0,44.573,40.0
469,4.339,0.2178,0.3111,0.1778,0.1556,intermediate,0,9.620,6.0
470,8.507,0.0593,0.0741,0.0000,0.1111,amorphous,0,19.020,10.0
471,20.264,0.1714,0.2857,0.0000,0.2381,intermediate,0,27.448,30.0
472,20.730,0.1703,0.1892,0.1351,0.1892,intermediate,0,35.511,30.0
473,3.419,0.1389,0.1333,0.1111,0.1778,intermediate,0,6.301,6.0
474,4.175,0.1533,0.2667,0.0000,0.2000,intermediate,0,9.684,6.0
475,9.179,0.2397,0.3077,0.1795,0.2308,intermediate,0,21.211,10.0
476,17.081,0.0812,0.1250,0.0000,0.1250,intermediate,0,33.238,20.0
477,4.745,0.1381,0.1905,0.0000,0.2381,intermediate,0,7.110,6.0
478,25.116,0.1413,0.2174,0.0000,0.2174,intermediate,0,35.412,30.0
479,8.254,0.2213,0.3404,0.0000,0.3404,intermediate,0,16.529,10.0
480,4.927,0.1300,0.2000,0.0000,0.2000,intermediate,0,5.301,6.0
481,18.566,0.0531,0.0816,0.0000,0.0816,amorphous,0,30.998,20.0
482,10.582,0.2064,0.2553,0.1702,0.1915,intermediate,0,19.958,20.0
483,11.784,0.1625,0.2500,0.0000,0.2500,intermediate,0,6.182,20.0
484,2.965,0.1837,0.3256,0.0000,0.2326,intermediate,0,12.309,6.0
485,4.537,0.0900,0.1500,0.0000,0.1250,intermediate,0,10.253,6.0
486,7.311,0.1370,0.2609,0.0000,0.1522,intermediate,0,9.275,10.0
487,4.343,0.2093,0.2093,0.2093,0.2093,intermediate,0,14.916,6.0
488,23.189,0.0959,0.1351,0.0000,0.1622,intermediate,0,35.527,30.0
489,6.707,0.1095,0.1905,0.0000,0.1429,intermediate,0,13.103,10.0
490,7.521,0.1812,0.3250,0.0000,0.2250,intermediate,0,14.009,10.0
491,9.447,0.1024,0.1190,0.0714,0.1190,amorphous,0,7.724,10.0
492,12.415,0.2038,0.3846,0.0000,0.2308,intermediate,0,7.574,20.0
493,10.286,0.1833,0.2821,0.0000,0.2821,intermediate,0,5.128,20.0
494,6.797,0.2674,0.3261,0.1957,0.2826,crystalline,0,5.793,10.0
495,5.521,0.1611,0.2889,0.0000,0.2000,intermediate,0,12.122,6.0
496,12.235,0.1875,0.3214,0.0000,0.2500,intermediate,0,12.393,20.0
497,7.403,0.2457,0.2826,0.1957,0.2609,intermediate,0,4.999,10.0
498,11.383,0.0400,0.1143,0.0000,0.0000,amorphous,0,19.687,20.0
499,12.296,0.0500,0.0625,0.0000,0.0938,amorphous,0,22.216,20.0
500,3.409,0.2393,0.3095,0.1905,0.2143,intermediate,0,10.134,6.0
501,8.847,0.1095,0.1622,0.0811,0.0811,amorphous,0,8.900,10.0
502,20.965,0.0703,0.1081,0.0000,0.1081,amorphous,0,30.934,30.0
503,2.251,0.1107,0.2143,0.0000,0.1190,amorphous,0,5.436,6.0
504,8.046,0.2221,0.3953,0.0000,0.2791,intermediate,0,8.566,10.0
505,7.027,0.1675,0.2250,0.1250,0.1500,intermediate,0,17.762,10.0
506,8.697,0.1053,0.1316,0.0789,0.1053,amorphous,0,17.079,10.0
507,6.618,0.0650,0.1000,0.0000,0.1000,amorphous,0,13.513,10.0
508,17.061,0.1081,0.1395,0.0698,0.1163,amorphous,0,29.777,20.0
509,5.650,0.1737,0.3250,0.0000,0.2000,intermediate,0,15.761,6.0
510,20.372,0.0607,0.0714,0.0000,0.1190,amorphous,0,31.708,30.0
511,7.570,0.1500,0.2609,0.0000,0.1957,intermediate,0,12.088,10.0
512,24.089,0.0900,0.1500,0.0000,0.1250,intermediate,0,35.240,30.0
513,14.196,0.1140,0.1860,0.0000,0.1628,intermediate,0,21.750,20.0
514,24.437,0.0947,0.1579,0.0000,0.1316,intermediate,0,35.591,30.0
515,8.607,0.2431,0.3448,0.1724,0.2069,intermediate,0,7.008,10.0
516,27.336,0.1145,0.1613,0.0000,0.1935,intermediate,0,39.348,30.0
517,6.966,0.1535,0.2791,0.0000,0.1860,intermediate,0,7.095,10.0
518,16.039,0.0559,0.0000,0.0588,0.1176,amorphous,0,26.934,20.0
519,3.522,0.2056,0.3778,0.0000,0.2444,intermediate,0,11.135,6.0
520,17.373,0.0604,0.0833,0.0000,0.1042,amorphous,0,27.090,20.0
521,23.419,0.1122,0.0976,0.0976,0.1463,amorphous,0,35.261,30.0
522,3.710,0.1367,0.2000,0.0000,0.2222,intermediate,0,3.719,6.0
523,19.183,0.0702,0.1277,0.0000,0.0851,amorphous,0,29.309,20.0
524,5.889,0.2238,0.2250,0.2000,0.2500,intermediate,0,13.899,6.0
525,6.622,0.1957,0.3404,0.0000,0.2553,intermediate,0,11.073,10.0
526,26.854,0.1200,0.1714,0.0000,0.2000,intermediate,0,39.105,30.0
527,11.927,0.1960,0.3200,0.0000,0.2800,intermediate,0,5.506,20.0
528,13.835,0.1106,0.1702,0.0000,0.1702,intermediate,0,22.658,20.0
529,2.552,0.1589,0.2444,0.0000,0.2444,intermediate,0,5.064,6.0
530,9.252,0.2011,0.3696,0.0000,0.2391,intermediate,0,16.073,10.0
531,16.555,0.1067,0.1333,0.0000,0.2000,intermediate,0,25.253,20.0
532,4.162,0.1538,0.1795,0.1282,0.1538,intermediate,0,10.067,6.0
533,6.360,0.1338,0.2432,0.0000,0.1622,intermediate,0,15.297,10.0
534,5.689,0.1750,0.2273,0.1364,0.1591,intermediate,0,5.391,6.0
535,14.585,0.1338,0.1250,0.1500,0.1250,intermediate,0,23.888,20.0
536,26.273,0.1500,0.2308,0.0000,0.2308,intermediate,0,37.241,30.0
537,17.966,0.0567,0.0667,0.0000,0.1111,amorphous,0,28.163,20.0
538,17.764,0.0932,0.1364,0.0909,0.0455,amorphous,0,29.872,20.0
539,10.178,0.2106,0.3939,0.0000,0.2424,intermediate,0,9.538,10.0
540,7.083,0.2474,0.3684,0.1579,0.2105,intermediate,0,9.253,10.0
541,13.704,0.0516,0.0645,0.0000,0.0968,amorphous,0,23.790,20.0
542,9.471,0.1631,0.2619,0.0000,0.2381,intermediate,0,17.344,10.0
543,21.037,0.1468,0.1290,0.0968,0.2258,intermediate,0,33.892,30.0
544,7.402,0.1394,0.2340,0.0000,0.1915,intermediate,0,3.850,10.0
545,1.638,0.1638,0.2750,0.0000,0.2250,intermediate,0,11.139,6.0
546,5.964,0.1076,0.1957,0.0000,0.1304,intermediate,0,6.261,6.0
547,5.155,0.1738,0.3333,0.0000,0.1905,intermediate,0,10.947,6.0
548,26.519,0.1184,0.1579,0.0000,0.2105,intermediate,0,36.353,30.0
549,16.837,0.1000,0.2000,0.0000,0.1000,amorphous,0,21.052,20.0
550,6.130,0.2207,0.2927,0.1707,0.1951,intermediate,0,12.281,6.0
551,15.227,0.0756,0.1282,0.0000,0.1026,amorphous,0,25.440,20.0
552,18.713,0.1146,0.1463,0.0976,0.0976,amorphous,0,29.278,20.0
553,11.514,0.2000,0.3571,0.0000,0.2500,intermediate,0,8.352,20.0
554,10.483,0.1629,0.2581,0.0968,0.1290,intermediate,0,14.984,20.0
555,8.089,0.2581,0.3488,0.2093,0.2093,crystalline,0,4.624,10.0
556,21.628,0.0750,0.1000,0.0000,0.1333,amorphous,0,30.397,30.0
557,16.016,0.1067,0.1333,0.0000,0.2000,intermediate,0,24.968,20.0
558,17.752,0.0867,0.1333,0.0000,0.1333,intermediate,0,29.327,20.0
559,15.570,0.0766,0.1277,0.0000,0.1064,amorphous,0,25.098,20.0
560,3.954,0.1141,0.2188,0.0000,0.1250,intermediate,0,12.797,6.0
561,4.831,0.2146,0.3171,0.1707,0.1463,intermediate,0,11.451,6.0
562,6.514,0.1989,0.2222,0.1556,0.2222,intermediate,0,3.227,10.0
563,11.547,0.1383,0.2128,0.0000,0.2128,intermediate,0,19.177,20.0
564,13.364,0.2260,0.4400,0.0000,0.2400,intermediate,0,4.734,20.0
565,2.510,0.1767,0.1628,0.1628,0.2093,intermediate,0,9.743,6.0
566,4.174,0.2091,0.3636,0.0000,0.2727,intermediate,0,6.845,6.0
567,3.579,0.2289,0.2889,0.1556,0.2444,intermediate,0,4.245,6.0
568,13.816,0.1289,0.1316,0.0789,0.1842,intermediate,0,22.454,20.0
569,17.636,0.0878,0.1463,0.0000,0.1220,intermediate,0,25.221,20.0
570,6.544,0.2295,0.3182,0.1818,0.1818,intermediate,0,5.569,10.0
571,11.129,0.2273,0.2727,0.1818,0.2273,intermediate,0,19.687,20.0
572,5.942,0.1311,0.2222,0.0000,0.1778,intermediate,0,2.791,6.0
573,7.562,0.2302,0.4186,0.0000,0.2791,intermediate,0,5.761,10.0
574,26.812,0.1000,0.1538,0.0000,0.1538,intermediate,0,39.967,30.0
575,7.248,0.1553,0.2632,0.0000,0.2105,intermediate,0,5.130,10.0
576,24.447,0.0879,0.1212,0.0000,0.1515,intermediate,0,35.379,30.0
577,11.333,0.2798,0.3571,0.2381,0.2381,crystalline,0,18.298,20.0
578,12.836,0.1969,0.2245,0.1633,0.2041,intermediate,0,19.278,20.0
579,14.910,0.2333,0.4167,0.0000,0.2917,intermediate,0,7.099,20.0
580,9.188,0.2103,0.2308,0.1282,0.2821,intermediate,0,2.237,10.0
581,4.715,0.1261,0.2045,0.0000,0.1818,intermediate,0,2.672,6.0
582,4.471,0.1849,0.3488,0.0000,0.2093,intermediate,0,7.344,6.0
583,13.124,0.0958,0.1667,0.0000,0.1250,intermediate,0,14.942,20.0
584,19.116,0.0488,0.0750,0.0000,0.0750,amorphous,0,26.906,20.0
585,7.447,0.2609,0.3043,0.2174,0.2609,crystalline,0,2.200,10.0
586,14.424,0.2204,0.4074,0.0000,0.2593,intermediate,0,3.670,20.0
587,20.197,0.0565,0.0870,0.0000,0.0870,amorphous,0,29.982,30.0
588,4.871,0.2611,0.3778,0.1778,0.2222,crystalline,0,6.843,6.0
589,20.823,0.1548,0.2381,0.0000,0.2381,intermediate,0,28.008,30.0
590,6.358,0.2456,0.3111,0.2000,0.2222,intermediate,0,4.343,10.0
591,5.419,0.1523,0.2558,0.0000,0.2093,intermediate,0,1.637,6.0
592,4.728,0.1886,0.2273,0.1364,0.2045,intermediate,0,10.812,6.0
593,11.906,0.0667,0.0000,0.0833,0.1250,amorphous,0,18.694,20.0
594,5.357,0.0795,0.2273,0.0000,0.0000,amorphous,0,10.279,6.0
595,7.683,0.2394,0.3404,0.1064,0.2766,intermediate,0,13.745,10.0
596,7.156,0.1354,0.2195,0.0000,0.1951,intermediate,0,2.953,10.0
597,23.546,0.1667,0.2333,0.1000,0.1667,intermediate,0,35.287,30.0
598,3.637,0.2239,0.2391,0.1957,0.2391,intermediate,0,12.017,6.0
599,13.034,0.0697,0.1212,0.0000,0.0909,amorphous,0,21.461,20.0
600,4.303,0.0837,0.1395,0.0000,0.1163,amorphous,0,6.266,6.0
601,13.765,0.0929,0.1429,0.0000,0.1429,intermediate,0,19.560,20.0
602,21.472,0.0800,0.1333,0.0000,0.1111,amorphous,0,29.605,30.0
603,7.118,0.1089,0.1778,0.0000,0.1556,intermediate,0,4.822,10.0
604,7.740,0.1049,0.1220,0.0732,0.1220,intermediate,0,7.328,10.0
605,16.702,0.0988,0.1628,0.0000,0.1395,intermediate,0,24.594,20.0
606,9.729,0.2054,0.3696,0.2174,0.0000,intermediate,0,13.791,10.0
607,6.819,0.1648,0.2955,0.0000,0.2045,intermediate,0,6.498,10.0
608,21.031,0.1381,0.1905,0.0000,0.2381,intermediate,0,28.796,30.0
609,15.750,0.0894,0.1515,0.0000,0.1212,intermediate,0,24.346,20.0
610,8.551,0.2352,0.2955,0.1818,0.2273,intermediate,0,3.845,10.0
611,12.258,0.1419,0.1860,0.0000,0.2558,intermediate,0,18.187,20.0
612,2.864,0.1513,0.2564,0.0000,0.2051,intermediate,0,12.185,6.0
613,7.741,0.2663,0.3043,0.1957,0.3043,crystalline,0,1.210,10.0
614,9.005,0.0961,0.1842,0.0000,0.1053,amorphous,0,16.210,10.0
615,25.496,0.1092,0.1316,0.0000,0.2105,intermediate,0,35.355,30.0
616,8.552,0.2378,0.2927,0.2195,0.1951,intermediate,0,3.097,10.0
617,9.703,0.2759,0.3793,0.1724,0.2759,crystalline,0,4.189,10.0
618,6.909,0.1837,0.3256,0.0000,0.2326,intermediate,0,7.547,10.0
619,21.698,0.0625,0.0833,0.0000,0.1111,amorphous,0,30.110,30.0
620,6.875,0.1200,0.1600,0.0800,0.1200,intermediate,0,9.699,10.0
621,3.743,0.2289,0.4444,0.0000,0.2444,intermediate,0,5.768,6.0
622,11.891,0.2155,0.3793,0.0000,0.2759,intermediate,0,2.538,20.0
623,8.886,0.1952,0.3333,0.0000,0.2619,intermediate,0,14.248,10.0
624,28.221,0.1147,0.1765,0.0000,0.1765,intermediate,0,37.238,30.0
625,22.882,0.0823,0.0968,0.0000,0.1613,amorphous,0,30.332,30.0
626,13.085,0.2788,0.4848,0.0000,0.3636,crystalline,0,3.289,20.0
627,7.994,0.1957,0.3404,0.0000,0.2553,intermediate,0,5.840,10.0
628,25.253,0.1013,0.1795,0.0000,0.1282,intermediate,0,33.879,30.0
629,27.906,0.1300,0.2000,0.0000,0.2000,intermediate,0,38.084,30.0
630,14.880,0.1479,0.1702,0.1064,0.1702,intermediate,0,21.651,20.0
631,14.281,0.1372,0.2326,0.0000,0.1860,intermediate,0,20.810,20.0
632,11.983,0.2737,0.3684,0.2105,0.2368,crystalline,0,1.219,20.0
633,13.634,0.2293,0.4483,0.0000,0.2414,intermediate,0,4.307,20.0
634,8.356,0.2075,0.2500,0.1500,0.2250,intermediate,0,16.954,10.0
635,23.375,0.0774,0.1190,0.0000,0.1190,amorphous,0,30.303,30.0
636,15.321,0.1625,0.2500,0.0000,0.2500,intermediate,0,18.837,20.0
637,28.058,0.1315,0.1852,0.0000,0.2222,intermediate,0,38.732,30.0
638,8.996,0.2609,0.3261,0.1957,0.2609,crystalline,0,12.816,10.0
639,9.958,0.1446,0.1892,0.1081,0.1351,intermediate,0,14.115,20.0
640,25.643,0.1500,0.1429,0.1143,0.2000,intermediate,0,35.250,30.0
641,15.389,0.1456,0.2444,0.0000,0.2000,intermediate,0,17.723,20.0
642,26.367,0.1234,0.2188,0.0000,0.1562,intermediate,0,34.855,30.0
643,3.365,0.1737,0.1750,0.1500,0.2000,intermediate,0,8.559,6.0
644,30.286,0.1130,0.1739,0.0000,0.1739,intermediate,0,40.150,40.0
645,9.349,0.1845,0.2619,0.1429,0.1429,intermediate,0,2.305,10.0
646,19.877,0.0907,0.1395,0.0000,0.1395,intermediate,0,24.475,20.0
647,18.938,0.0531,0.0816,0.0000,0.0816,amorphous,0,26.856,20.0
648,19.615,0.0774,0.1190,0.0000,0.1190,amorphous,0,25.475,20.0
649,10.284,0.1705,0.2727,0.0000,0.2500,intermediate,0,16.113,20.0
650,29.462,0.0886,0.1364,0.0000,0.1364,intermediate,0,39.939,30.0
651,8.891,0.3205,0.4318,0.2500,0.2727,crystalline,0,1.838,10.0
652,8.859,0.2833,0.3778,0.2222,0.2444,crystalline,0,0.756,10.0
653,9.416,0.1202,0.2619,0.0000,0.0952,amorphous,0,3.534,10.0
654,12.977,0.1313,0.2250,0.0000,0.1750,intermediate,0,19.475,20.0
655,10.784,0.1949,0.3590,0.0000,0.2308,intermediate,0,8.336,20.0
656,9.592,0.1818,0.2273,0.1364,0.1818,intermediate,0,12.774,10.0
657,5.759,0.1738,0.3333,0.0000,0.1905,intermediate,0,12.728,6.0
658,7.117,0.2630,0.3800,0.2000,0.2000,crystalline,0,8.448,10.0
659,5.973,0.2114,0.2857,0.1714,0.1714,intermediate,0,7.244,6.0
660,25.436,0.1562,0.1875,0.1250,0.1562,intermediate,0,34.874,30.0
661,17.293,0.1325,0.2500,0.0000,0.1500,intermediate,0,21.730,20.0
662,7.594,0.2625,0.3333,0.2500,0.1944,crystalline,0,4.816,10.0
663,13.503,0.2062,0.3750,0.0000,0.2500,intermediate,0,0.920,20.0
664,6.867,0.2643,0.4048,0.1667,0.2143,crystalline,0,6.219,10.0
665,10.314,0.2656,0.3750,0.1875,0.2292,crystalline,0,13.442,20.0
666,16.561,0.0837,0.1395,0.0000,0.1163,amorphous,0,22.192,20.0
667,17.075,0.0605,0.0930,0.0000,0.0930,amorphous,0,23.408,20.0
668,9.187,0.2500,0.3125,0.1875,0.2500,crystalline,0,8.227,10.0
669,15.907,0.0875,0.1250,0.0000,0.1458,intermediate,0,22.316,20.0
670,7.844,0.1488,0.3415,0.0000,0.0976,intermediate,0,9.836,10.0
671,12.113,0.1767,0.3333,0.0000,0.2000,intermediate,0,12.413,20.0
672,7.030,0.1023,0.1364,0.0000,0.1818,intermediate,0,11.867,10.0
673,9.263,0.3267,0.4444,0.2222,0.3111,crystalline,0,4.845,10.0
674,23.743,0.1062,0.1000,0.0750,0.1500,amorphous,0,32.404,30.0
675,8.465,0.2370,0.2963,0.2222,0.1852,intermediate,0,5.742,10.0
676,19.036,0.0936,0.0769,0.1026,0.1026,amorphous,0,25.104,20.0
677,12.137,0.2317,0.3902,0.0000,0.3171,intermediate,0,15.285,20.0
678,16.176,0.1040,0.1600,0.0000,0.1600,intermediate,0,22.579,20.0
679,28.748,0.1818,0.1818,0.1818,0.1818,intermediate,0,38.730,30.0
680,12.252,0.1550,0.3000,0.0000,0.1667,intermediate,0,13.684,20.0
681,24.554,0.1023,0.1364,0.0000,0.1818,intermediate,0,34.796,30.0
682,14.719,0.0975,0.1500,0.0000,0.1500,intermediate,0,14.744,20.0
683,19.115,0.0837,0.1395,0.0000,0.1163,amorphous,0,21.825,20.0
684,12.140,0.1744,0.2791,0.0000,0.2558,intermediate,0,16.896,20.0
685,16.429,0.2194,0.3889,0.0000,0.2778,intermediate,0,0.918,20.0
686,17.709,0.0765,0.0000,0.1176,0.1176,amorphous,0,21.469,20.0
687,3.238,0.1424,0.2391,0.0000,0.1957,intermediate,0,5.380,6.0
688,20.956,0.0605,0.0930,0.0000,0.0930,amorphous,0,28.033,30.0
689,2.763,0.1372,0.2326,0.0000,0.1860,intermediate,0,6.733,6.0
690,5.438,0.1364,0.1818,0.0909,0.1364,intermediate,0,4.726,6.0
691,6.981,0.2756,0.3778,0.2000,0.2444,crystalline,0,-0.232,10.0
692,22.091,0.0788,0.1212,0.0000,0.1212,intermediate,0,29.416,30.0
693,6.547,0.2289,0.3421,0.1316,0.2105,intermediate,0,5.946,10.0
694,8.217,0.2104,0.2708,0.1875,0.1667,intermediate,0,-0.215,10.0
695,21.052,0.0900,0.1200,0.0000,0.1600,intermediate,0,29.122,30.0
696,12.782,0.2776,0.5000,0.0000,0.3421,crystalline,0,0.403,20.0
697,17.952,0.1115,0.1538,0.0000,0.1923,intermediate,0,24.555,20.0
698,6.977,0.2630,0.3696,0.1957,0.2174,crystalline,0,1.399,10.0
699,22.620,0.1042,0.1042,0.1042,0.1042,amorphous,0,29.183,30.0
700,7.914,0.2267,0.3256,0.1628,0.1860,intermediate,0,8.591,10.0
701,14.776,0.2983,0.3793,0.2069,0.3103,crystalline,0,-0.306,20.0
702,8.434,0.2479,0.3404,0.1489,0.2553,intermediate,0,7.537,10.0
703,15.056,0.0889,0.1111,0.0000,0.1667,amorphous,0,17.677,20.0
704,5.870,0.2256,0.2927,0.1220,0.2683,intermediate,0,10.738,6.0
705,13.156,0.2378,0.3659,0.0000,0.3659,intermediate,0,-0.349,20.0
706,13.391,0.2458,0.4167,0.0000,0.3333,intermediate,0,3.289,20.0
707,8.539,0.2105,0.2791,0.1628,0.1860,intermediate,0,8.919,10.0
708,7.866,0.1337,0.1750,0.1000,0.1250,intermediate,0,5.041,10.0
709,16.540,0.0852,0.0741,0.0741,0.1111,amorphous,0,18.675,20.0
710,16.484,0.1132,0.1316,0.0789,0.1316,intermediate,0,21.988,20.0
711,12.593,0.1435,0.2609,0.0000,0.1739,intermediate,0,9.404,20.0
712,8.976,0.2678,0.3333,0.2222,0.2444,crystalline,0,-1.649,10.0
713,11.067,0.2488,0.5116,0.0000,0.2326,intermediate,0,2.291,20.0
714,10.219,0.2392,0.4054,0.0000,0.3243,intermediate,0,5.273,10.0
715,8.306,0.2942,0.3488,0.2326,0.3023,crystalline,0,1.356,10.0
716,9.770,0.2298,0.3404,0.1702,0.1702,intermediate,0,7.301,10.0
717,7.849,0.2218,0.3333,0.1026,0.2308,intermediate,0,13.839,10.0
718,25.256,0.0867,0.1333,0.0000,0.1333,intermediate,0,32.519,30.0
719,11.472,0.1514,0.1892,0.0811,0.1892,intermediate,0,17.709,20.0
720,22.525,0.0644,0.0889,0.0000,0.1111,amorphous,0,29.014,30.0
721,7.148,0.1643,0.2857,0.0000,0.2143,intermediate,0,7.989,10.0
722,24.463,0.0842,0.1053,0.0000,0.1579,amorphous,0,30.617,30.0
723,7.346,0.2265,0.2647,0.2059,0.2059,intermediate,0,6.806,10.0
724,26.238,0.1261,0.1739,0.0000,0.2174,intermediate,0,34.567,30.0
725,15.197,0.1500,0.2500,0.0000,0.2083,intermediate,0,17.491,20.0
726,28.526,0.0963,0.1481,0.0000,0.1481,intermediate,0,34.977,30.0
727,10.579,0.2989,0.4318,0.2273,0.2273,crystalline,0,0.877,20.0
728,11.424,0.2289,0.4737,0.0000,0.2105,intermediate,0,0.230,20.0
729,7.434,0.2774,0.3333,0.2143,0.2857,crystalline,0,-1.139,10.0
730,13.003,0.2375,0.3409,0.1818,0.1818,intermediate,0,12.204,20.0
731,6.735,0.2446,0.2609,0.1957,0.2826,intermediate,0,1.176,10.0
732,8.663,0.1786,0.2857,0.0000,0.2619,intermediate,0,11.484,10.0
733,9.964,0.2457,0.2826,0.1957,0.2609,intermediate,0,7.046,20.0
734,5.451,0.2564,0.3333,0.1795,0.2564,crystalline,0,11.411,6.0
735,12.772,0.3013,0.3846,0.2564,0.2564,crystalline,0,-1.576,20.0
736,9.919,0.1547,0.2812,0.0000,0.1875,intermediate,0,10.990,10.0
737,22.495,0.1000,0.1538,0.0000,0.1538,intermediate,0,29.223,30.0
738,27.907,0.1786,0.1786,0.1786,0.1786,intermediate,0,35.001,30.0
739,11.530,0.1479,0.2766,0.0000,0.1702,intermediate,0,12.391,20.0
740,14.366,0.2074,0.3704,0.0000,0.2593,intermediate,0,4.251,20.0
741,19.192,0.0957,0.1277,0.0000,0.1702,intermediate,0,21.811,20.0
742,19.688,0.0774,0.1190,0.0000,0.1190,amorphous,0,22.626,20.0
743,20.276,0.0756,0.1163,0.0000,0.1163,amorphous,0,24.491,30.0
744,14.419,0.0717,0.1304,0.0000,0.0870,amorphous,0,19.176,20.0
745,18.764,0.1083,0.1667,0.0000,0.1667,intermediate,0,22.531,20.0
746,18.611,0.0722,0.1111,0.0000,0.1111,amorphous,0,24.275,20.0
747,14.516,0.1611,0.1778,0.1111,0.2000,intermediate,0,15.493,20.0
748,6.813,0.1841,0.3171,0.0000,0.2439,intermediate,0,6.901,10.0
749,12.247,0.3345,0.4524,0.2381,0.3095,crystalline,0,-0.262,20.0
750,19.690,0.0812,0.1250,0.0000,0.1250,intermediate,0,23.548,20.0
751,10.872,0.1328,0.2188,0.0000,0.1875,intermediate,0,15.123,20.0
752,16.008,0.1170,0.1702,0.0000,0.1915,intermediate,0,18.812,20.0
753,10.007,0.1842,0.2632,0.1053,0.1842,intermediate,0,2.331,20.0
754,8.121,0.2170,0.3864,0.0000,0.2727,intermediate,0,0.361,10.0
755,9.521,0.2989,0.3864,0.2727,0.2273,crystalline,0,-1.207,10.0
756,10.538,0.2840,0.3617,0.2128,0.2766,crystalline,0,-2.026,20.0
757,10.607,0.2330,0.4318,0.0000,0.2727,intermediate,0,1.785,20.0
758,24.701,0.0914,0.1034,0.0690,0.1034,amorphous,0,29.731,30.0
759,10.444,0.1750,0.3095,0.1905,0.0000,intermediate,0,12.367,20.0
760,8.345,0.1837,0.3256,0.0000,0.2326,intermediate,0,9.878,10.0
761,8.643,0.1768,0.3214,0.0000,0.2143,intermediate,0,6.137,10.0
762,21.623,0.0557,0.0857,0.0000,0.0857,amorphous,0,26.513,30.0
763,7.419,0.2370,0.4348,0.0000,0.2826,intermediate,0,3.117,10.0
764,9.724,0.2932,0.3864,0.1591,0.3409,crystalline,0,0.316,10.0
765,6.513,0.2367,0.2667,0.2000,0.2444,intermediate,0,-0.480,10.0
766,17.497,0.1354,0.2195,0.0000,0.1951,intermediate,0,19.887,20.0
767,11.311,0.2844,0.3778,0.2444,0.2222,crystalline,0,-2.816,20.0
768,20.683,0.0650,0.1000,0.0000,0.1000,amorphous,0,25.073,30.0
769,5.065,0.2175,0.3250,0.1250,0.2000,intermediate,0,7.036,6.0
770,10.362,0.2065,0.3478,0.0000,0.2826,intermediate,0,2.845,20.0
771,25.273,0.0625,0.0833,0.0000,0.1111,amorphous,0,28.713,30.0
772,8.424,0.1744,0.2889,0.0000,0.2444,intermediate,0,-1.438,10.0
773,9.786,0.2744,0.3333,0.2222,0.2667,crystalline,0,-2.744,10.0
774,13.694,0.3833,0.5476,0.2619,0.3333,crystalline,0,-0.773,20.0
775,11.126,0.2289,0.2667,0.1778,0.2444,intermediate,0,13.201,20.0
776,14.516,0.0929,0.1429,0.0000,0.1429,intermediate,0,15.469,20.0
777,17.100,0.1904,0.2340,0.1277,0.2128,intermediate,0,14.994,20.0
778,13.635,0.3346,0.4872,0.2051,0.3077,crystalline,0,0.460,20.0
779,26.649,0.1103,0.1379,0.0000,0.2069,intermediate,0,33.346,30.0
780,11.953,0.2488,0.3256,0.1860,0.2326,intermediate,0,9.951,20.0
781,24.223,0.0853,0.1176,0.0000,0.1471,amorphous,0,29.428,30.0
782,22.639,0.0605,0.0930,0.0000,0.0930,amorphous,0,22.676,30.0
783,11.107,0.2919,0.4054,0.2432,0.2162,crystalline,0,1.725,20.0
784,19.801,0.0788,0.1212,0.0000,0.1212,intermediate,0,21.733,20.0
785,9.288,0.2017,0.2667,0.1667,0.1667,intermediate,0,7.721,10.0
786,8.529,0.2662,0.3750,0.1500,0.2750,crystalline,0,3.036,10.0
787,18.457,0.0641,0.1087,0.0000,0.0870,amorphous,0,21.229,20.0
788,9.947,0.1205,0.1364,0.0909,0.1364,intermediate,0,10.006,10.0
789,14.725,0.1150,0.2000,0.0000,0.1500,intermediate,0,14.187,20.0
790,14.528,0.1797,0.2162,0.1351,0.1892,intermediate,0,18.220,20.0
791,10.973,0.3272,0.4348,0.2391,0.3043,crystalline,0,0.825,20.0
792,14.656,0.3031,0.3750,0.2500,0.2812,crystalline,0,-3.119,20.0
793,18.015,0.0756,0.1163,0.0000,0.1163,amorphous,0,17.744,20.0
794,12.519,0.2125,0.2727,0.1591,0.2045,intermediate,0,9.936,20.0
795,13.531,0.3256,0.4390,0.2195,0.3171,crystalline,0,-3.248,20.0
796,14.894,0.1574,0.2059,0.1176,0.1471,intermediate,0,12.413,20.0
797,14.037,0.0929,0.1429,0.0000,0.1429,intermediate,0,13.544,20.0
798,4.983,0.2193,0.2955,0.1364,0.2273,intermediate,0,5.321,6.0
799,10.309,0.2330,0.4318,0.0000,0.2727,intermediate,0,3.180,20.0
800,14.695,0.3208,0.4167,0.2500,0.2917,crystalline,0,-1.160,20.0
801,14.279,0.3338,0.4412,0.2353,0.3235,crystalline,0,-2.370,20.0
802,16.097,0.1591,0.1818,0.1364,0.1591,intermediate,0,14.192,20.0
803,9.391,0.2333,0.4167,0.0000,0.2917,intermediate,0,1.951,10.0
804,14.849,0.1651,0.2326,0.0000,0.2791,intermediate,0,15.846,20.0
805,13.620,0.2070,0.3721,0.0000,0.2558,intermediate,0,14.157,20.0
806,13.029,0.1769,0.3077,0.0000,0.2308,intermediate,0,9.313,20.0
807,14.338,0.2284,0.3409,0.1364,0.2045,intermediate,0,9.799,20.0
808,21.956,0.0968,0.1290,0.0645,0.0968,amorphous,0,24.068,30.0
809,12.985,0.3470,0.4848,0.2727,0.2727,crystalline,0,-0.711,20.0
810,2.940,0.0814,0.1395,0.0930,0.0000,amorphous,0,1.371,6.0
811,3.197,0.2261,0.2955,0.1364,0.2500,intermediate,0,-0.001,6.0
812,9.570,0.1547,0.2812,0.0000,0.1875,intermediate,0,12.312,10.0
813,8.045,0.2337,0.2791,0.2093,0.2093,intermediate,0,7.048,10.0
814,9.606,0.2221,0.3953,0.0000,0.2791,intermediate,0,1.871,10.0
815,4.774,0.2674,0.3478,0.1739,0.2826,crystalline,0,2.435,6.0
816,26.378,0.0726,0.0968,0.0000,0.1290,amorphous,0,28.919,30.0
817,13.849,0.3425,0.4500,0.2500,0.3250,crystalline,0,-4.154,20.0
818,8.513,0.2321,0.2821,0.2051,0.2051,intermediate,0,6.035,10.0
819,6.239,0.2525,0.3500,0.2000,0.2000,crystalline,0,8.595,10.0
820,13.291,0.3364,0.4545,0.2727,0.2727,crystalline,0,0.344,20.0
821,9.611,0.2244,0.3077,0.1795,0.1795,intermediate,0,3.489,10.0
822,17.887,0.2079,0.3684,0.0000,0.2632,intermediate,0,-2.758,20.0
823,12.575,0.1652,0.3043,0.0000,0.1957,intermediate,0,8.689,20.0
824,12.092,0.3289,0.4444,0.2667,0.2667,crystalline,0,-3.141,20.0
825,25.843,0.0843,0.1429,0.0000,0.1143,amorphous,0,29.121,30.0
826,12.178,0.3186,0.4419,0.2093,0.3023,crystalline,0,-1.956,20.0
827,8.645,0.2026,0.2895,0.1316,0.1842,intermediate,0,11.370,10.0
828,8.077,0.2143,0.2619,0.1667,0.2143,intermediate,0,8.022,10.0
829,11.831,0.2897,0.4103,0.1538,0.3077,crystalline,0,4.433,20.0
830,8.144,0.2796,0.3673,0.2041,0.2653,crystalline,0,1.487,10.0
831,14.185,0.3125,0.4091,0.2500,0.2727,crystalline,0,8.821,20.0
832,19.706,0.1176,0.1176,0.1176,0.1176,amorphous,0,23.240,20.0
833,25.003,0.1043,0.1143,0.0857,0.1143,amorphous,0,28.851,30.0
834,16.004,0.2185,0.3704,0.0000,0.2963,intermediate,0,2.902,20.0
835,16.697,0.1967,0.3333,0.0000,0.2667,intermediate,0,-4.080,20.0
836,5.510,0.2364,0.3409,0.1591,0.2045,intermediate,0,-1.742,6.0
837,26.127,0.0848,0.1304,0.0000,0.1304,intermediate,0,29.532,30.0
838,12.393,0.2250,0.2826,0.1739,0.2174,intermediate,0,4.459,20.0
839,19.128,0.0894,0.1515,0.0000,0.1212,intermediate,0,17.113,20.0
840,19.048,0.0591,0.0909,0.0000,0.0909,amorphous,0,16.681,20.0
841,21.878,0.0674,0.0930,0.0000,0.1163,amorphous,0,18.995,30.0
842,17.057,0.1750,0.2500,0.1136,0.1591,intermediate,0,13.741,20.0
843,18.733,0.3300,0.4000,0.2000,0.4000,crystalline,0,-2.095,20.0
844,20.647,0.0650,0.1000,0.0000,0.1000,amorphous,0,21.444,30.0
845,17.114,0.1209,0.1860,0.0000,0.1860,intermediate,0,17.410,20.0
846,18.072,0.0852,0.1481,0.0000,0.1111,amorphous,0,20.282,20.0
847,21.138,0.0865,0.1154,0.0000,0.1538,amorphous,0,23.602,30.0
848,14.798,0.3772,0.4783,0.2826,0.3696,crystalline,0,-3.681,20.0
849,12.272,0.2522,0.2889,0.2222,0.2444,crystalline,0,10.300,20.0
850,18.944,0.2053,0.3158,0.0000,0.3158,intermediate,0,-1.082,20.0
851,16.816,0.1319,0.2128,0.0000,0.1915,intermediate,0,14.920,20.0
852,10.376,0.3207,0.4348,0.2391,0.2826,crystalline,0,-4.078,20.0
853,10.802,0.2656,0.3111,0.2000,0.2889,crystalline,0,12.563,20.0
854,14.937,0.3190,0.4048,0.2619,0.2857,crystalline,0,-4.627,20.0
855,7.356,0.2146,0.2927,0.1951,0.1463,intermediate,0,-0.396,10.0
856,12.807,0.1968,0.3617,0.0000,0.2340,intermediate,0,4.503,20.0
857,12.090,0.3125,0.4091,0.2500,0.2727,crystalline,0,0.422,20.0
858,18.259,0.1238,0.1905,0.0000,0.1905,intermediate,0,16.796,20.0
859,29.433,0.1450,0.2000,0.0000,0.2500,intermediate,0,34.270,30.0
860,18.166,0.1091,0.0909,0.0909,0.1515,amorphous,0,15.542,20.0
861,22.769,0.0807,0.1136,0.0000,0.1364,amorphous,0,21.803,30.0
862,8.394,0.1643,0.2857,0.0000,0.2143,intermediate,0,4.429,10.0
863,15.076,0.3925,0.5250,0.2750,0.3750,crystalline,0,-0.719,20.0
864,8.316,0.3087,0.4250,0.2000,0.3000,crystalline,0,6.107,10.0
865,14.302,0.1076,0.1515,0.0000,0.1818,intermediate,0,9.252,20.0
866,12.056,0.2917,0.4444,0.2222,0.1944,crystalline,0,0.948,20.0
867,11.938,0.2000,0.3571,0.0000,0.2500,intermediate,0,9.642,20.0
868,22.836,0.0707,0.0976,0.0000,0.1220,amorphous,0,22.662,30.0
869,21.319,0.1026,0.0000,0.1579,0.1579,amorphous,0,24.036,30.0
870,11.878,0.3659,0.4773,0.2955,0.3182,crystalline,0,-4.073,20.0
871,11.514,0.2432,0.3409,0.1591,0.2273,intermediate,0,4.170,20.0
872,13.027,0.3407,0.3953,0.2791,0.3488,crystalline,0,-5.635,20.0
873,23.034,0.0703,0.1081,0.0000,0.1081,amorphous,0,24.230,30.0
874,15.249,0.1878,0.2683,0.1220,0.1707,intermediate,0,15.377,20.0
875,13.295,0.3155,0.4483,0.2759,0.2069,crystalline,0,0.817,20.0
876,13.193,0.1400,0.2444,0.1556,0.0000,intermediate,0,12.036,20.0
877,12.600,0.3422,0.4000,0.3111,0.3111,crystalline,0,-5.718,20.0
878,11.524,0.2271,0.4286,0.0000,0.2571,intermediate,0,2.274,20.0
879,10.574,0.2386,0.4091,0.0000,0.3182,intermediate,0,8.771,20.0
880,11.556,0.2963,0.3704,0.2222,0.2963,crystalline,0,3.303,20.0
881,26.397,0.1111,0.1481,0.0741,0.1111,amorphous,0,29.273,30.0
882,11.075,0.2159,0.3636,0.0000,0.2955,intermediate,0,-2.468,20.0
883,13.809,0.1957,0.3913,0.0000,0.1957,intermediate,0,8.373,20.0
884,19.042,0.2857,0.3810,0.1905,0.2857,crystalline,0,-4.503,20.0
885,12.959,0.2405,0.3333,0.1905,0.1905,intermediate,0,9.477,20.0
886,13.727,0.2222,0.4444,0.0000,0.2222,intermediate,0,5.617,20.0
887,7.546,0.3256,0.3778,0.2667,0.3333,crystalline,0,-4.384,10.0
888,10.786,0.2989,0.3830,0.2340,0.2766,crystalline,0,-2.473,20.0
889,27.361,0.0886,0.1364,0.0000,0.1364,intermediate,0,28.687,30.0
890,13.384,0.2682,0.3864,0.2045,0.2045,crystalline,0,3.165,20.0
891,18.982,0.1078,0.1556,0.0000,0.1778,intermediate,0,18.259,20.0
892,14.075,0.2280,0.2683,0.1951,0.2195,intermediate,0,5.918,20.0
893,16.131,0.0868,0.1579,0.0000,0.1053,amorphous,0,17.012,20.0
894,9.588,0.2488,0.3333,0.2143,0.1905,intermediate,0,1.796,10.0
895,14.579,0.2779,0.3256,0.2093,0.3023,crystalline,0,3.307,20.0
896,21.590,0.0756,0.1163,0.0000,0.1163,amorphous,0,16.494,30.0
897,16.013,0.2300,0.4000,0.0000,0.3000,intermediate,0,-0.023,20.0
898,12.870,0.3158,0.4211,0.2105,0.3158,crystalline,0,1.448,20.0
899,22.886,0.0318,0.0909,0.0000,0.0000,amorphous,0,22.046,30.0
900,11.660,0.3595,0.4524,0.3095,0.3095,crystalline,0,-5.131,20.0
901,15.612,0.2362,0.3830,0.0000,0.3404,intermediate,0,11.283,20.0
902,4.857,0.2000,0.3182,0.0000,0.2955,intermediate,0,1.633,6.0
903,15.602,0.3150,0.4000,0.3000,0.2333,crystalline,0,-5.059,20.0
904,10.996,0.3256,0.4419,0.2093,0.3256,crystalline,0,-5.000,20.0
905,5.118,0.1500,0.2195,0.0000,0.2439,intermediate,0,0.047,6.0
906,13.561,0.2477,0.4545,0.0000,0.2955,intermediate,0,-6.735,20.0
907,15.366,0.1511,0.2222,0.0000,0.2444,intermediate,0,13.085,20.0
908,6.061,0.2337,0.3023,0.1860,0.2093,intermediate,0,2.637,6.0
909,15.069,0.3175,0.4000,0.2500,0.3000,crystalline,0,-6.997,20.0
910,19.337,0.2600,0.4000,0.0000,0.4000,crystalline,0,-2.145,20.0
911,13.375,0.3512,0.4878,0.2439,0.3171,crystalline,0,-2.129,20.0
912,12.464,0.3186,0.4186,0.2326,0.3023,crystalline,0,-3.147,20.0
913,12.916,0.2328,0.3448,0.1724,0.1724,intermediate,0,4.817,20.0
914,18.773,0.3333,0.4167,0.2500,0.3333,crystalline,0,-4.917,20.0
915,23.025,0.1362,0.1379,0.1034,0.1724,intermediate,0,19.691,30.0
916,16.443,0.3716,0.4773,0.2727,0.3636,crystalline,0,-4.590,20.0
917,23.620,0.0565,0.0870,0.0000,0.0870,amorphous,0,23.786,30.0
918,19.241,0.2786,0.4286,0.0000,0.4286,crystalline,0,-5.753,20.0
919,12.704,0.3250,0.3864,0.2500,0.3409,crystalline,0,-3.594,20.0
920,17.527,0.1333,0.2381,0.0000,0.1667,intermediate,0,11.455,20.0
921,27.388,0.0981,0.1154,0.0000,0.1923,amorphous,0,28.447,30.0
922,17.860,0.0944,0.1111,0.0000,0.1852,amorphous,0,10.632,20.0
923,14.879,0.2513,0.4474,0.0000,0.3158,crystalline,0,-6.613,20.0
924,15.673,0.3576,0.4848,0.3030,0.2727,crystalline,0,-3.564,20.0
925,13.979,0.2194,0.3889,0.0000,0.2778,intermediate,0,3.864,20.0
926,10.595,0.3568,0.4318,0.2955,0.3409,crystalline,0,-5.914,20.0
927,8.437,0.2487,0.3333,0.1795,0.2308,intermediate,0,0.536,10.0
928,11.061,0.2548,0.4516,0.0000,0.3226,crystalline,0,6.875,20.0
929,11.165,0.2685,0.3261,0.2174,0.2609,crystalline,0,6.629,20.0
930,19.487,0.0362,0.1034,0.0000,0.0000,amorphous,0,18.681,20.0
931,13.829,0.1485,0.2424,0.0000,0.2121,intermediate,0,13.483,20.0
932,12.019,0.3228,0.4348,0.2826,0.2391,crystalline,0,4.907,20.0
933,18.710,0.1467,0.1778,0.0889,0.1778,intermediate,0,11.468,20.0
934,24.676,0.0947,0.0789,0.0789,0.1316,amorphous,0,19.397,30.0
935,17.666,0.2300,0.4000,0.0000,0.3000,intermediate,0,-6.972,20.0
936,21.147,0.0739,0.1136,0.0000,0.1136,amorphous,0,16.329,30.0
937,14.662,0.4085,0.5122,0.3415,0.3659,crystalline,0,-4.703,20.0
938,13.039,0.3044,0.4000,0.2222,0.2889,crystalline,0,-0.889,20.0
939,4.915,0.2479,0.3191,0.1702,0.2553,intermediate,0,-2.708,6.0
940,16.491,0.3679,0.5000,0.2857,0.3095,crystalline,0,-3.613,20.0
941,13.029,0.3565,0.4783,0.2609,0.3261,crystalline,0,-3.618,20.0
942,12.056,0.3167,0.4444,0.2889,0.2000,crystalline,0,-6.947,20.0
943,12.345,0.2690,0.3333,0.1905,0.2857,crystalline,0,9.848,20.0
944,10.065,0.2659,0.3182,0.2273,0.2500,crystalline,0,4.136,20.0
945,12.671,0.2119,0.3810,0.0000,0.2619,intermediate,0,-5.246,20.0
946,9.802,0.2869,0.4048,0.1905,0.2619,crystalline,0,2.915,10.0
947,14.407,0.3146,0.3902,0.1951,0.3659,crystalline,0,-2.371,20.0
948,17.728,0.1182,0.1818,0.0000,0.1818,intermediate,0,13.898,20.0
949,18.459,0.0722,0.1111,0.0000,0.1111,amorphous,0,11.745,20.0
950,16.282,0.3953,0.4651,0.3256,0.3953,crystalline,0,-7.485,20.0
951,10.771,0.2671,0.3415,0.1707,0.2927,crystalline,0,3.044,20.0
952,10.088,0.2878,0.3514,0.2162,0.2973,crystalline,0,7.342,10.0
953,12.795,0.1875,0.3214,0.0000,0.2500,intermediate,0,10.833,20.0
954,29.961,0.1405,0.2381,0.0000,0.1905,intermediate,0,28.911,30.0
955,14.952,0.2098,0.2683,0.1220,0.2439,intermediate,0,11.975,20.0
956,27.853,0.1320,0.1600,0.0800,0.1600,intermediate,0,28.712,30.0
957,13.250,0.3117,0.4043,0.2128,0.3191,crystalline,0,-0.885,20.0
958,21.963,0.0742,0.1290,0.0000,0.0968,amorphous,0,19.186,30.0
959,8.151,0.2811,0.3556,0.2000,0.2889,crystalline,0,-3.882,10.0
960,3.852,0.2872,0.3953,0.1860,0.2791,crystalline,0,-4.376,6.0
961,20.564,0.0845,0.1190,0.0000,0.1429,amorphous,0,17.020,30.0
962,9.896,0.2354,0.2927,0.1707,0.2439,intermediate,0,-1.961,10.0
963,14.389,0.2780,0.3902,0.1951,0.2439,crystalline,0,0.809,20.0
964,5.243,0.3122,0.4000,0.2444,0.2889,crystalline,0,-5.372,6.0
965,16.872,0.3432,0.4324,0.2703,0.3243,crystalline,0,-8.146,20.0
966,29.838,0.1278,0.2222,0.0000,0.1667,intermediate,0,28.256,30.0
967,23.923,0.0679,0.1282,0.0000,0.0769,amorphous,0,21.651,30.0
968,16.257,0.2367,0.3111,0.1556,0.2444,intermediate,0,5.904,20.0
969,15.896,0.3500,0.4186,0.3023,0.3256,crystalline,0,-8.245,20.0
970,8.138,0.3107,0.3810,0.2619,0.2857,crystalline,0,-5.822,10.0
971,13.350,0.2522,0.2889,0.2222,0.2444,crystalline,0,7.509,20.0
972,27.161,0.0619,0.0952,0.0000,0.0952,amorphous,0,27.019,30.0
973,10.785,0.3244,0.3953,0.2326,0.3488,crystalline,0,-1.370,20.0
974,18.473,0.1250,0.1818,0.0000,0.2045,intermediate,0,14.615,20.0
975,24.619,0.0868,0.1471,0.0000,0.1176,amorphous,0,18.810,30.0
976,18.599,0.1195,0.1951,0.0000,0.1707,intermediate,0,10.261,20.0
977,22.791,0.1379,0.1379,0.1379,0.1379,intermediate,0,17.199,30.0
978,17.321,0.1837,0.3256,0.0000,0.2326,intermediate,0,5.932,20.0
979,20.889,0.0903,0.1389,0.0000,0.1389,intermediate,0,13.577,30.0
980,23.332,0.0856,0.1111,0.0000,0.1556,amorphous,0,16.209,30.0
981,14.398,0.2620,0.3696,0.1739,0.2391,crystalline,0,8.408,20.0
982,13.716,0.2255,0.4255,0.0000,0.2553,intermediate,0,5.960,20.0
983,10.976,0.3056,0.4000,0.2444,0.2667,crystalline,0,3.447,20.0
984,19.687,0.3304,0.4286,0.1786,0.3929,crystalline,0,-6.108,20.0
985,15.239,0.2651,0.3488,0.2093,0.2326,crystalline,0,-0.007,20.0
986,18.544,0.3479,0.4167,0.2917,0.3333,crystalline,0,-6.078,20.0
987,19.393,0.1926,0.2340,0.1702,0.1702,intermediate,0,10.880,20.0
988,19.690,0.3000,0.4138,0.2069,0.2759,crystalline,0,-4.915,20.0
989,25.396,0.0611,0.1111,0.0000,0.0741,amorphous,0,23.292,30.0
990,21.387,0.1300,0.1143,0.0857,0.2000,amorphous,0,15.779,30.0
991,13.694,0.3098,0.4390,0.1951,0.2927,crystalline,0,-2.117,20.0
992,22.353,0.1000,0.1429,0.0000,0.1667,intermediate,0,13.066,30.0
993,19.189,0.0350,0.1000,0.0000,0.0000,amorphous,0,17.923,20.0
994,16.548,0.2333,0.3095,0.2143,0.1667,intermediate,0,9.305,20.0
995,24.918,0.0662,0.0882,0.0000,0.1176,amorphous,0,22.158,30.0
996,19.891,0.2042,0.3333,0.0000,0.2917,intermediate,0,-7.722,20.0
997,14.075,0.2872,0.3953,0.1860,0.2791,crystalline,0,-2.148,20.0
998,26.244,0.0868,0.1579,0.0000,0.1053,amorphous,0,22.887,30.0
999,12.461,0.2857,0.3571,0.2143,0.2857,crystalline,0,-1.117,20.0
1000,24.833,0.0784,0.1081,0.0000,0.1351,amorphous,0,19.624,30.0
1001,20.720,0.1726,0.1905,0.1190,0.2143,intermediate,0,10.097,30.0
1002,15.316,0.2460,0.2600,0.2200,0.2600,intermediate,0,9.264,20.0
1003,16.017,0.3625,0.5000,0.2500,0.3333,crystalline,0,-2.114,20.0
1004,16.131,0.3790,0.5484,0.2581,0.3226,crystalline,0,-3.159,20.0
1005,21.346,0.0635,0.1154,0.0000,0.0769,amorphous,0,13.346,30.0
1006,17.792,0.1096,0.1154,0.0000,0.2308,amorphous,0,6.372,20.0
1007,17.178,0.3217,0.4333,0.2000,0.3333,crystalline,0,-0.972,20.0
1008,20.386,0.3675,0.4500,0.3000,0.3500,crystalline,0,-8.515,30.0
1009,15.456,0.2152,0.3913,0.0000,0.2609,intermediate,0,4.334,20.0
1010,19.492,0.3214,0.3929,0.2500,0.3214,crystalline,0,-8.549,20.0
1011,17.581,0.1559,0.1765,0.1176,0.1765,intermediate,0,13.940,20.0
1012,10.240,0.3512,0.4419,0.3023,0.3023,crystalline,0,-7.161,10.0
1013,13.456,0.3256,0.3902,0.2683,0.3171,crystalline,0,-7.961,20.0
1014,15.084,0.2828,0.4062,0.1875,0.2500,crystalline,0,-0.557,20.0
1015,17.545,0.2048,0.3810,0.0000,0.2381,intermediate,0,4.885,20.0
1016,27.858,0.0780,0.1200,0.0000,0.1200,intermediate,0,22.746,30.0
1017,13.811,0.3329,0.3947,0.2632,0.3421,crystalline,0,0.653,20.0
1018,16.484,0.3884,0.4884,0.3023,0.3721,crystalline,0,-7.452,20.0
1019,16.924,0.3674,0.4651,0.3256,0.3023,crystalline,0,-8.740,20.0
1020,17.598,0.3818,0.5000,0.3182,0.3182,crystalline,0,-4.607,20.0
1021,10.830,0.3193,0.4091,0.2500,0.2955,crystalline,0,-5.896,20.0
1022,9.456,0.2295,0.3636,0.0000,0.3409,intermediate,0,1.208,10.0
1023,16.733,0.2200,0.4000,0.0000,0.2667,intermediate,0,5.459,20.0
1024,17.960,0.1595,0.2703,0.0000,0.2162,intermediate,0,5.046,20.0
1025,15.893,0.2211,0.3947,0.2368,0.0000,intermediate,0,-1.832,20.0
1026,5.508,0.2845,0.3571,0.1905,0.3095,crystalline,0,-3.784,6.0
1027,22.539,0.0934,0.1316,0.0000,0.1579,intermediate,0,12.525,30.0
1028,13.060,0.2638,0.3793,0.1379,0.2759,crystalline,0,7.965,20.0
1029,15.596,0.3500,0.4667,0.2667,0.3111,crystalline,0,-9.357,20.0
1030,15.796,0.2233,0.3000,0.1667,0.2000,intermediate,0,1.171,20.0
1031,21.889,0.0929,0.1429,0.0000,0.1429,intermediate,0,12.558,30.0
1032,6.077,0.2149,0.4054,0.0000,0.2432,intermediate,0,-2.903,10.0
1033,15.112,0.4011,0.4773,0.3182,0.4091,crystalline,0,-8.008,20.0
1034,15.978,0.1095,0.1905,0.0000,0.1429,intermediate,0,12.380,20.0
1035,16.821,0.2170,0.3864,0.0000,0.2727,intermediate,0,0.387,20.0
1036,18.671,0.1691,0.1915,0.1277,0.1915,intermediate,0,11.933,20.0
1037,17.975,0.2616,0.2791,0.2093,0.3023,crystalline,0,10.497,20.0
1038,20.118,0.2690,0.4138,0.0000,0.4138,crystalline,0,-9.607,20.0
1039,12.180,0.3489,0.4444,0.2667,0.3333,crystalline,0,-7.963,20.0
1040,18.092,0.2695,0.3659,0.1951,0.2439,crystalline,0,4.507,20.0
1041,8.701,0.2869,0.4048,0.1905,0.2619,crystalline,0,-1.210,10.0
1042,12.205,0.2875,0.4250,0.2250,0.2000,crystalline,0,4.446,20.0
1043,17.174,0.3000,0.4000,0.2000,0.3000,crystalline,0,0.460,20.0
1044,18.149,0.3446,0.4865,0.2432,0.2973,crystalline,0,-4.988,20.0
1045,11.657,0.2318,0.4091,0.0000,0.2955,intermediate,0,2.913,20.0
1046,10.178,0.3345,0.4762,0.2143,0.3095,crystalline,0,-2.390,20.0
1047,16.760,0.3927,0.4878,0.3415,0.3415,crystalline,0,-9.361,20.0
1048,11.999,0.2395,0.4651,0.0000,0.2558,intermediate,0,-0.475,20.0
1049,28.016,0.0971,0.1765,0.0000,0.1176,amorphous,0,22.999,30.0
1050,21.684,0.0667,0.1026,0.0000,0.1026,amorphous,0,13.571,30.0
1051,21.047,0.0825,0.1500,0.0000,0.1000,amorphous,0,17.776,30.0
1052,6.327,0.1964,0.3571,0.0000,0.2381,intermediate,0,-5.421,10.0
1053,12.536,0.3119,0.4048,0.2619,0.2619,crystalline,0,2.058,20.0
1054,18.289,0.1881,0.3333,0.0000,0.2381,intermediate,0,0.090,20.0
1055,15.403,0.3267,0.4419,0.2326,0.3023,crystalline,0,-3.572,20.0
1056,12.906,0.2444,0.2889,0.2000,0.2444,intermediate,0,3.855,20.0
1057,12.289,0.3556,0.4667,0.2444,0.3556,crystalline,0,-9.832,20.0
1058,22.427,0.0845,0.1190,0.0000,0.1429,amorphous,0,12.535,30.0
1059,15.930,0.3186,0.3953,0.2558,0.3023,crystalline,0,-6.241,20.0
1060,20.807,0.3548,0.4194,0.2903,0.3548,crystalline,0,-9.019,30.0
1061,17.443,0.3872,0.5128,0.3077,0.3333,crystalline,0,-7.531,20.0
1062,14.486,0.2354,0.4583,0.0000,0.2500,intermediate,0,5.389,20.0
1063,20.941,0.3655,0.4483,0.2414,0.4138,crystalline,0,-6.086,30.0
1064,18.897,0.3792,0.4167,0.3333,0.3889,crystalline,0,-11.026,20.0
1065,20.134,0.1963,0.2195,0.1951,0.1707,intermediate,0,10.127,30.0
1066,22.067,0.1237,0.1250,0.1000,0.1500,intermediate,0,15.295,30.0
1067,21.024,0.3656,0.4688,0.2812,0.3438,crystalline,0,-9.946,30.0
1068,28.812,0.0963,0.1481,0.0000,0.1481,intermediate,0,22.866,30.0
1069,17.770,0.1983,0.3667,0.0000,0.2333,intermediate,0,0.872,20.0
1070,17.913,0.3432,0.4545,0.2727,0.2955,crystalline,0,-10.948,20.0
1071,9.115,0.2786,0.3571,0.2143,0.2619,crystalline,0,-4.639,10.0
1072,12.793,0.3167,0.4167,0.2500,0.2778,crystalline,0,1.915,20.0
1073,15.881,0.3398,0.3864,0.2727,0.3636,crystalline,0,-9.043,20.0
1074,19.970,0.1789,0.2444,0.1333,0.1556,intermediate,0,10.850,20.0
1075,15.389,0.2093,0.4074,0.0000,0.2222,intermediate,0,1.545,20.0
1076,16.316,0.3922,0.4889,0.2889,0.4000,crystalline,0,-6.397,20.0
1077,16.781,0.3651,0.4651,0.2791,0.3488,crystalline,0,-10.441,20.0
1078,15.550,0.2194,0.3889,0.0000,0.2778,intermediate,0,8.392,20.0
1079,20.550,0.1083,0.1667,0.0000,0.1667,intermediate,0,13.346,30.0
1080,24.852,0.0660,0.1200,0.0000,0.0800,amorphous,0,18.197,30.0
1081,18.316,0.3561,0.5152,0.2424,0.3030,crystalline,0,-3.923,20.0
1082,18.200,0.2189,0.3778,0.0000,0.2889,intermediate,0,-0.617,20.0
1083,14.594,0.3489,0.4783,0.2391,0.3261,crystalline,0,-10.566,20.0
1084,20.661,0.1767,0.2333,0.1000,0.2000,intermediate,0,7.591,30.0
1085,29.793,0.1283,0.2174,0.0000,0.1739,intermediate,0,22.238,30.0
1086,25.631,0.1106,0.1212,0.0909,0.1212,intermediate,0,18.605,30.0
1087,14.320,0.3595,0.5000,0.2619,0.3095,crystalline,0,0.520,20.0
1088,16.089,0.2956,0.3778,0.2000,0.3111,crystalline,0,5.949,20.0
1089,7.484,0.3093,0.4186,0.1860,0.3256,crystalline,0,-8.206,10.0
1090,17.229,0.2656,0.3111,0.2000,0.2889,crystalline,0,6.575,20.0
1091,13.942,0.3256,0.4634,0.1951,0.3171,crystalline,0,0.075,20.0
1092,10.952,0.3478,0.4444,0.2444,0.3556,crystalline,0,-6.631,20.0
1093,17.891,0.1208,0.1667,0.0000,0.2083,intermediate,0,12.430,20.0
1094,17.182,0.3988,0.5349,0.3256,0.3256,crystalline,0,-8.942,20.0
1095,21.838,0.0812,0.1250,0.0000,0.1250,intermediate,0,12.952,30.0
1096,25.741,0.0867,0.1333,0.0000,0.1333,intermediate,0,19.376,30.0
1097,22.396,0.0655,0.0690,0.0000,0.1379,amorphous,0,14.836,30.0
1098,18.326,0.1875,0.3000,0.0000,0.2750,intermediate,0,-0.413,20.0
1099,20.205,0.3963,0.4815,0.3333,0.3704,crystalline,0,-8.898,30.0
1100,15.249,0.3025,0.4250,0.2250,0.2500,crystalline,0,-2.373,20.0
1101,20.884,0.2188,0.3750,0.0000,0.2917,intermediate,0,-10.542,30.0
1102,19.144,0.2632,0.2941,0.2059,0.2941,crystalline,0,11.034,20.0
1103,21.904,0.2167,0.3333,0.0000,0.3333,intermediate,0,-5.311,30.0
1104,16.895,0.3976,0.5238,0.2857,0.3810,crystalline,0,-8.524,20.0
1105,10.599,0.2841,0.3415,0.2195,0.2927,crystalline,0,-9.485,20.0
1106,18.956,0.4116,0.5116,0.3256,0.3953,crystalline,0,-11.961,20.0
1107,17.175,0.2953,0.3953,0.2093,0.2791,crystalline,0,4.601,20.0
1108,15.994,0.3119,0.4286,0.2381,0.2619,crystalline,0,-0.815,20.0
1109,18.977,0.3900,0.4286,0.3429,0.4000,crystalline,0,-10.097,20.0
1110,28.532,0.0867,0.1333,0.0000,0.1333,intermediate,0,22.869,30.0
1111,18.003,0.2229,0.2917,0.1667,0.2083,intermediate,0,7.902,20.0
1112,12.693,0.3107,0.4048,0.2381,0.2857,crystalline,0,-5.212,20.0
1113,16.277,0.3571,0.4524,0.2619,0.3571,crystalline,0,4.923,20.0
1114,14.344,0.3205,0.4318,0.2500,0.2727,crystalline,0,-2.058,20.0
1115,17.218,0.2370,0.4348,0.0000,0.2826,intermediate,0,5.401,20.0
1116,21.827,0.1797,0.2162,0.1351,0.1892,intermediate,0,7.427,30.0
1117,27.469,0.1074,0.1481,0.0000,0.1852,intermediate,0,16.777,30.0
1118,17.094,0.3580,0.4773,0.2727,0.3182,crystalline,0,-7.641,20.0
1119,16.675,0.1587,0.2174,0.0870,0.1739,intermediate,0,9.033,20.0
1120,19.333,0.2239,0.2609,0.1739,0.2391,intermediate,0,8.714,20.0
1121,14.331,0.3065,0.3696,0.2826,0.2609,crystalline,0,-7.563,20.0
1122,19.837,0.1083,0.1667,0.0000,0.1667,intermediate,0,3.548,20.0
1123,20.444,0.3547,0.4062,0.3125,0.3438,crystalline,0,-11.890,30.0
1124,16.233,0.4091,0.5000,0.3182,0.4091,crystalline,0,-11.391,20.0
1125,13.144,0.3811,0.5333,0.2889,0.3111,crystalline,0,-7.380,20.0
1126,10.176,0.3722,0.4667,0.3111,0.3333,crystalline,0,-9.783,20.0
1127,21.292,0.3714,0.4643,0.3214,0.3214,crystalline,0,-12.455,30.0
1128,18.646,0.4214,0.5238,0.3333,0.4048,crystalline,0,-7.807,20.0
1129,19.300,0.3984,0.5625,0.2812,0.3438,crystalline,0,-6.056,20.0
1130,22.090,0.3900,0.4286,0.3429,0.4000,crystalline,0,-9.851,30.0
1131,17.677,0.3409,0.4091,0.2727,0.3409,crystalline,0,-4.951,20.0
1132,11.297,0.3649,0.4681,0.3191,0.2979,crystalline,0,-10.926,20.0
1133,10.950,0.3512,0.4878,0.2439,0.3171,crystalline,0,-2.520,20.0
1134,17.382,0.3648,0.4545,0.2955,0.3409,crystalline,0,-12.303,20.0
1135,9.756,0.2375,0.4000,0.0000,0.3250,intermediate,0,-4.286,10.0
1136,23.614,0.1976,0.2619,0.1190,0.2143,intermediate,0,7.147,30.0
1137,16.972,0.2869,0.4048,0.1905,0.2619,crystalline,0,-5.020,20.0
1138,20.400,0.2422,0.2444,0.2000,0.2889,intermediate,0,7.581,30.0
1139,20.563,0.3714,0.5000,0.2857,0.3214,crystalline,0,-8.498,30.0
1140,22.978,0.1176,0.1351,0.1081,0.1081,amorphous,0,13.242,30.0
1141,15.297,0.3214,0.4286,0.2143,0.3214,crystalline,0,2.663,20.0
1142,22.366,0.3589,0.4643,0.2857,0.3214,crystalline,0,-8.968,30.0
1143,18.425,0.3903,0.5000,0.3056,0.3611,crystalline,0,-7.040,20.0
1144,27.946,0.1048,0.1613,0.0000,0.1613,intermediate,0,16.488,30.0
1145,12.114,0.3033,0.3778,0.2222,0.3111,crystalline,0,-1.668,20.0
1146,23.145,0.2500,0.4118,0.0000,0.3529,intermediate,0,-12.311,30.0
1147,20.066,0.1867,0.2444,0.1556,0.1556,intermediate,0,9.170,30.0
1148,24.336,0.0574,0.0882,0.0000,0.0882,amorphous,0,15.405,30.0
1149,15.602,0.2605,0.4651,0.0000,0.3256,crystalline,0,-6.308,20.0
1150,20.096,0.0958,0.1667,0.0000,0.1250,intermediate,0,11.425,20.0
1151,21.353,0.2000,0.3684,0.0000,0.2368,intermediate,0,1.951,30.0
1152,9.087,0.2964,0.4048,0.2381,0.2381,crystalline,0,-6.600,10.0
1153,30.334,0.1324,0.1765,0.0000,0.2353,intermediate,0,22.377,40.0
1154,22.915,0.0684,0.1053,0.0000,0.1053,amorphous,0,6.776,30.0
1155,22.083,0.3636,0.4242,0.3030,0.3636,crystalline,0,-12.778,30.0
1156,12.535,0.2202,0.4048,0.0000,0.2619,intermediate,0,-3.444,20.0
1157,15.172,0.3618,0.4737,0.2895,0.3158,crystalline,0,-1.010,20.0
1158,19.249,0.3250,0.4118,0.2647,0.2941,crystalline,0,-4.565,20.0
1159,29.764,0.1353,0.2353,0.0000,0.1765,intermediate,0,22.337,30.0
1160,10.467,0.3198,0.3953,0.2791,0.2791,crystalline,0,-7.905,20.0
1161,23.396,0.1181,0.1944,0.0000,0.1667,intermediate,0,6.223,30.0
1162,21.642,0.1672,0.2414,0.0000,0.2759,intermediate,0,2.047,30.0
1163,8.182,0.3407,0.4419,0.2326,0.3488,crystalline,0,-9.391,10.0
1164,16.221,0.3125,0.4091,0.2500,0.2727,crystalline,0,1.106,20.0
1165,15.732,0.2685,0.3478,0.1957,0.2609,crystalline,0,2.647,20.0
1166,25.924,0.0941,0.1176,0.0000,0.1765,amorphous,0,10.788,30.0
1167,29.189,0.1000,0.1538,0.0000,0.1538,intermediate,0,15.557,30.0
1168,17.803,0.3017,0.3448,0.3103,0.2414,crystalline,0,-3.038,20.0
1169,8.240,0.2302,0.4186,0.0000,0.2791,intermediate,0,-8.287,10.0
1170,17.794,0.3043,0.4000,0.2000,0.3143,crystalline,0,5.669,20.0
1171,21.480,0.1524,0.1905,0.1429,0.1190,intermediate,0,9.552,30.0
1172,25.326,0.1429,0.1905,0.0952,0.1429,intermediate,0,10.679,30.0
1173,14.851,0.3762,0.5250,0.2500,0.3500,crystalline,0,-0.916,20.0
1174,15.846,0.3639,0.5278,0.2500,0.3056,crystalline,0,3.190,20.0
1175,22.693,0.2885,0.4615,0.0000,0.4231,crystalline,0,-13.491,30.0
1176,14.554,0.3179,0.4286,0.2143,0.3095,crystalline,0,0.140,20.0
1177,21.960,0.3953,0.4688,0.3125,0.4062,crystalline,0,-13.589,30.0
1178,19.209,0.2929,0.3571,0.2143,0.3095,crystalline,0,-5.994,20.0
1179,20.831,0.2850,0.3750,0.2250,0.2500,crystalline,0,1.661,30.0
1180,12.824,0.3280,0.4390,0.2683,0.2683,crystalline,0,-6.054,20.0
1181,13.828,0.3489,0.4773,0.2273,0.3409,crystalline,0,-5.301,20.0
1182,19.736,0.3355,0.4516,0.2581,0.2903,crystalline,0,-4.912,20.0
1183,27.391,0.0389,0.1111,0.0000,0.0000,amorphous,0,16.733,30.0
1184,19.323,0.3012,0.4146,0.1951,0.2927,crystalline,0,-6.011,20.0
1185,26.095,0.0687,0.1250,0.0000,0.0833,amorphous,0,16.373,30.0
1186,17.145,0.2185,0.2826,0.1739,0.1957,intermediate,0,3.285,20.0
1187,16.027,0.3789,0.4667,0.3111,0.3556,crystalline,0,-12.444,20.0
1188,24.601,0.0938,0.1250,0.0000,0.1667,intermediate,0,12.978,30.0
1189,26.384,0.1396,0.1667,0.1250,0.1250,intermediate,0,16.365,30.0
1190,22.793,0.1137,0.1750,0.0000,0.1750,intermediate,0,10.791,30.0
1191,19.621,0.4202,0.5106,0.3617,0.3830,crystalline,0,-13.279,20.0
1192,25.755,0.0956,0.1471,0.0000,0.1471,intermediate,0,10.581,30.0
1193,19.319,0.3598,0.4634,0.2927,0.3171,crystalline,0,-12.371,20.0
1194,16.143,0.4034,0.5455,0.2955,0.3636,crystalline,0,-11.259,20.0
1195,22.370,0.2534,0.3448,0.1724,0.2414,crystalline,0,0.952,30.0
1196,16.175,0.2442,0.4651,0.2326,0.0000,intermediate,0,-6.240,20.0
1197,22.929,0.2298,0.2619,0.1905,0.2381,intermediate,0,6.975,30.0
1198,16.082,0.3415,0.4681,0.2340,0.3191,crystalline,0,-13.357,20.0
1199,18.525,0.2781,0.3333,0.2292,0.2708,crystalline,0,3.615,20.0
1200,18.055,0.3633,0.4667,0.2667,0.3556,crystalline,0,-11.879,20.0
1201,23.814,0.1913,0.2250,0.1500,0.2000,intermediate,0,5.999,30.0
1202,18.829,0.1904,0.3617,0.0000,0.2128,intermediate,0,4.212,20.0
1203,17.118,0.2833,0.5238,0.0000,0.3333,crystalline,0,-0.514,20.0
1204,23.044,0.1859,0.3333,0.0000,0.2308,intermediate,0,0.831,30.0
1205,11.486,0.3405,0.4524,0.2143,0.3571,crystalline,0,-10.809,20.0
1206,16.141,0.3821,0.5000,0.2857,0.3571,crystalline,0,-4.907,20.0
1207,26.528,0.1229,0.2083,0.0000,0.1667,intermediate,0,10.059,30.0
1208,19.485,0.3430,0.4651,0.2558,0.3023,crystalline,0,2.060,20.0
1209,21.487,0.3965,0.5116,0.3023,0.3721,crystalline,0,-14.823,30.0
1210,17.462,0.3000,0.3438,0.2188,0.3438,crystalline,0,-3.425,20.0
1211,21.746,0.3545,0.4242,0.3030,0.3333,crystalline,0,-12.727,30.0
1212,28.162,0.1463,0.1481,0.1111,0.1852,intermediate,0,16.557,30.0
1213,20.651,0.4179,0.5128,0.3077,0.4359,crystalline,0,-11.905,30.0
1214,22.932,0.1797,0.1892,0.1622,0.1892,intermediate,0,8.773,30.0
1215,28.822,0.1130,0.1739,0.0000,0.1739,intermediate,0,15.981,30.0
1216,22.029,0.3098,0.3902,0.2439,0.2927,crystalline,0,-3.531,30.0
1217,22.357,0.3694,0.4444,0.2778,0.3889,crystalline,0,-13.969,30.0
1218,27.405,0.0970,0.1212,0.0000,0.1818,intermediate,0,9.781,30.0
1219,13.196,0.3875,0.5000,0.2955,0.3636,crystalline,0,-10.099,20.0
1220,21.534,0.3887,0.4839,0.3226,0.3548,crystalline,0,-12.977,30.0
1221,20.403,0.4000,0.5366,0.2927,0.3659,crystalline,0,-8.877,30.0
1222,20.373,0.2439,0.3061,0.1633,0.2653,intermediate,0,5.163,30.0
1223,22.186,0.3645,0.3871,0.3226,0.3871,crystalline,0,-14.611,30.0
1224,13.273,0.3398,0.4091,0.2500,0.3636,crystalline,0,-12.150,20.0
1225,22.099,0.1838,0.3235,0.0000,0.2353,intermediate,0,-3.393,30.0
1226,24.174,0.3327,0.4231,0.2308,0.3462,crystalline,0,-10.289,30.0
1227,20.651,0.2850,0.4000,0.2000,0.2500,crystalline,0,-3.956,30.0
1228,19.284,0.3944,0.5111,0.3111,0.3556,crystalline,0,-14.366,20.0
1229,21.291,0.2700,0.4000,0.2000,0.2000,crystalline,0,-5.599,30.0
1230,19.909,0.3450,0.4500,0.3000,0.2750,crystalline,0,1.616,20.0
1231,21.933,0.2022,0.2174,0.1739,0.2174,intermediate,0,9.438,30.0
1232,17.875,0.3933,0.5111,0.2889,0.3778,crystalline,0,-15.107,20.0
1233,18.356,0.3220,0.4400,0.2400,0.2800,crystalline,0,4.233,20.0
1234,11.177,0.3209,0.4651,0.2326,0.2558,crystalline,0,-8.017,20.0
1235,19.396,0.2547,0.4884,0.0000,0.2791,crystalline,0,-3.733,20.0
1236,12.962,0.3659,0.5227,0.2500,0.3182,crystalline,0,-13.676,20.0
1237,20.606,0.3733,0.4651,0.3023,0.3488,crystalline,0,-10.403,30.0
1238,20.979,0.3346,0.4359,0.2564,0.3077,crystalline,0,0.484,30.0
1239,15.512,0.2227,0.3636,0.0000,0.3182,intermediate,0,-2.928,20.0
1240,17.270,0.3364,0.4545,0.2727,0.2727,crystalline,0,-10.460,20.0
1241,24.902,0.1463,0.2593,0.0000,0.1852,intermediate,0,4.606,30.0
1242,21.383,0.4038,0.5385,0.3077,0.3590,crystalline,0,-14.242,30.0
1243,21.087,0.3578,0.4889,0.2667,0.3111,crystalline,0,-12.957,30.0
1244,12.432,0.2440,0.4524,0.0000,0.2857,intermediate,0,-7.249,20.0
1245,18.516,0.4022,0.5111,0.3333,0.3556,crystalline,0,-7.405,20.0
1246,16.379,0.3630,0.4565,0.2826,0.3478,crystalline,0,-12.871,20.0
1247,14.446,0.2300,0.4000,0.0000,0.3000,intermediate,0,-5.451,20.0
1248,14.889,0.3262,0.4762,0.1905,0.3095,crystalline,0,-6.302,20.0
1249,22.554,0.4087,0.4750,0.3500,0.4000,crystalline,0,-15.871,30.0
1250,20.998,0.3339,0.4516,0.2258,0.3226,crystalline,0,-7.715,30.0
1251,18.305,0.4061,0.5455,0.3030,0.3636,crystalline,0,0.249,20.0
1252,19.679,0.4341,0.5682,0.3409,0.3864,crystalline,0,-15.900,20.0
1253,22.870,0.2957,0.4000,0.2000,0.2857,crystalline,0,6.297,30.0
1254,15.249,0.3739,0.5000,0.2955,0.3182,crystalline,0,-14.841,20.0
1255,23.142,0.3615,0.4615,0.3077,0.3077,crystalline,0,-11.371,30.0
1256,24.154,0.2125,0.3500,0.0000,0.3000,intermediate,0,-9.267,30.0
1257,11.551,0.3178,0.4000,0.2222,0.3333,crystalline,0,-9.632,20.0
1258,23.619,0.1797,0.2162,0.1351,0.1892,intermediate,0,7.868,30.0
1259,26.523,0.0687,0.1250,0.0000,0.0833,amorphous,0,13.285,30.0
1260,26.197,0.0867,0.1333,0.0000,0.1333,intermediate,0,10.478,30.0
1261,16.743,0.3010,0.3958,0.2500,0.2500,crystalline,0,-1.093,20.0
1262,16.376,0.3739,0.5227,0.2727,0.3182,crystalline,0,-4.378,20.0
1263,22.801,0.1800,0.3429,0.0000,0.2000,intermediate,0,-4.536,30.0
1264,24.520,0.2841,0.5000,0.0000,0.3636,crystalline,0,-16.309,30.0
1265,23.779,0.3848,0.4545,0.3333,0.3636,crystalline,0,-16.360,30.0
1266,26.692,0.0867,0.1333,0.0000,0.1333,intermediate,0,9.926,30.0
1267,19.239,0.2870,0.3043,0.2174,0.3478,crystalline,0,-2.759,20.0
1268,21.925,0.3366,0.4390,0.2927,0.2683,crystalline,0,-4.557,30.0
1269,17.224,0.3768,0.4878,0.3171,0.3171,crystalline,0,-15.959,20.0
1270,21.888,0.4113,0.5484,0.3226,0.3548,crystalline,0,-10.015,30.0
1271,17.871,0.3111,0.4000,0.2222,0.3111,crystalline,0,-1.843,20.0
1272,22.624,0.3969,0.5000,0.3125,0.3750,crystalline,0,-12.483,30.0
1273,18.328,0.3707,0.5172,0.2759,0.3103,crystalline,0,-2.312,20.0
1274,13.778,0.3413,0.4783,0.2174,0.3261,crystalline,0,-8.737,20.0
1275,24.357,0.1527,0.1892,0.1081,0.1622,intermediate,0,5.965,30.0
1276,24.079,0.3761,0.3913,0.3478,0.3913,crystalline,0,-15.470,30.0
1277,11.398,0.3337,0.4250,0.2500,0.3250,crystalline,0,-11.993,20.0
1278,17.990,0.2583,0.3750,0.1667,0.2292,crystalline,0,-0.233,20.0
1279,20.508,0.3598,0.4878,0.2683,0.3171,crystalline,0,-11.287,30.0
1280,18.035,0.4291,0.5814,0.3256,0.3721,crystalline,0,-12.692,20.0
1281,29.571,0.1667,0.1667,0.1667,0.1667,intermediate,0,16.251,30.0
1282,14.214,0.3195,0.4390,0.2439,0.2683,crystalline,0,-10.566,20.0
1283,24.190,0.2060,0.2381,0.1667,0.2143,intermediate,0,6.698,30.0
1284,22.229,0.4086,0.4571,0.3429,0.4286,crystalline,0,-13.883,30.0
1285,16.321,0.3783,0.5000,0.2826,0.3478,crystalline,0,-15.147,20.0
1286,24.245,0.3500,0.4500,0.2500,0.3500,crystalline,0,-13.879,30.0
1287,23.904,0.1714,0.2857,0.0000,0.2381,intermediate,0,-4.147,30.0
1288,19.548,0.3347,0.4444,0.2500,0.3056,crystalline,0,-6.326,20.0
1289,12.918,0.3409,0.4091,0.2727,0.3409,crystalline,0,-13.133,20.0
1290,21.245,0.3060,0.4400,0.1600,0.3200,crystalline,0,4.660,30.0
1291,26.722,0.1484,0.2581,0.0000,0.1935,intermediate,0,3.568,30.0
1292,24.751,0.2810,0.4483,0.0000,0.4138,crystalline,0,-17.381,30.0
1293,22.232,0.3736,0.5278,0.2778,0.3056,crystalline,0,-11.391,30.0
1294,18.400,0.3451,0.4878,0.2683,0.2683,crystalline,0,-3.739,20.0
1295,22.845,0.2012,0.2250,0.2000,0.1750,intermediate,0,4.859,30.0
1296,17.458,0.3766,0.4894,0.2766,0.3617,crystalline,0,-16.314,20.0
1297,19.692,0.3610,0.5122,0.2683,0.2927,crystalline,0,-3.408,20.0
1298,21.617,0.2226,0.2857,0.1667,0.2143,intermediate,0,3.316,30.0
1299,23.110,0.3372,0.4872,0.2564,0.2564,crystalline,0,-8.711,30.0
1300,24.152,0.1149,0.1892,0.0000,0.1622,intermediate,0,6.101,30.0
1301,16.439,0.3595,0.5000,0.2619,0.3095,crystalline,0,-11.634,20.0
1302,23.557,0.3571,0.4286,0.2857,0.3571,crystalline,0,-13.135,30.0
1303,19.535,0.3607,0.5238,0.2619,0.2857,crystalline,0,-4.889,20.0
1304,22.091,0.3721,0.4412,0.2941,0.3824,crystalline,0,-16.793,30.0
1305,19.880,0.4053,0.5263,0.3158,0.3684,crystalline,0,-11.710,20.0
1306,22.158,0.2724,0.3684,0.1842,0.2632,crystalline,0,2.585,30.0
1307,13.364,0.3911,0.5111,0.2444,0.4222,crystalline,0,-14.617,20.0
1308,13.247,0.3895,0.5116,0.3023,0.3488,crystalline,0,-13.716,20.0
1309,27.656,0.0905,0.0952,0.0000,0.1905,amorphous,0,10.819,30.0
1310,16.165,0.4260,0.5625,0.3333,0.3750,crystalline,0,-11.279,20.0
1311,23.093,0.3530,0.4848,0.2121,0.3636,crystalline,0,-8.782,30.0
1312,19.654,0.3912,0.5000,0.2750,0.4000,crystalline,0,-5.924,20.0
1313,21.316,0.2171,0.3902,0.0000,0.2683,intermediate,0,0.569,30.0
1314,23.056,0.3889,0.4722,0.3056,0.3889,crystalline,0,-17.707,30.0
1315,21.492,0.2942,0.3953,0.1860,0.3023,crystalline,0,1.377,30.0
1316,22.366,0.3583,0.5333,0.2333,0.3000,crystalline,0,0.794,30.0
1317,19.718,0.3583,0.4762,0.2619,0.3333,crystalline,0,-9.264,20.0
1318,25.385,0.1068,0.1892,0.0000,0.1351,intermediate,0,7.300,30.0
1319,27.985,0.2575,0.3500,0.0000,0.4500,crystalline,0,-15.253,30.0
1320,23.275,0.2024,0.2439,0.1463,0.2195,intermediate,0,4.186,30.0
1321,25.783,0.2250,0.4286,0.0000,0.2500,intermediate,0,-1.872,30.0
1322,26.365,0.1571,0.2286,0.0000,0.2571,intermediate,0,3.152,30.0
1323,26.031,0.1926,0.3235,0.0000,0.2647,intermediate,0,-2.016,30.0
1324,24.434,0.3526,0.5263,0.2105,0.3158,crystalline,0,-10.940,30.0
1325,20.324,0.3833,0.5238,0.2857,0.3333,crystalline,0,-1.246,30.0
1326,18.516,0.3977,0.5116,0.3256,0.3488,crystalline,0,-10.065,20.0
1327,17.119,0.3012,0.3902,0.2195,0.2927,crystalline,0,-6.646,20.0
1328,15.897,0.3524,0.5238,0.2381,0.2857,crystalline,0,-8.257,20.0
1329,27.564,0.0865,0.1154,0.0000,0.1538,amorphous,0,9.567,30.0
1330,27.480,0.1552,0.2069,0.0000,0.2759,intermediate,0,2.238,30.0
1331,21.257,0.3814,0.5116,0.2791,0.3488,crystalline,0,-17.226,30.0
1332,24.004,0.3361,0.5000,0.2222,0.2778,crystalline,0,-9.926,30.0
1333,30.443,0.1500,0.1250,0.1250,0.2083,intermediate,0,7.675,40.0
1334,25.060,0.2767,0.3333,0.2000,0.3000,crystalline,0,3.329,30.0
1335,27.990,0.0750,0.1364,0.0000,0.0909,amorphous,0,10.328,30.0
1336,22.212,0.3682,0.5000,0.3182,0.2727,crystalline,0,-9.937,30.0
1337,14.661,0.2476,0.4878,0.2195,0.0000,intermediate,0,-10.787,20.0
1338,28.095,0.2219,0.3125,0.0000,0.3750,intermediate,0,-18.079,30.0
1339,28.092,0.0619,0.0952,0.0000,0.0952,amorphous,0,10.874,30.0
1340,22.938,0.3340,0.4000,0.2800,0.3200,crystalline,0,-8.911,30.0
1341,18.254,0.2286,0.4286,0.0000,0.2619,intermediate,0,-5.657,20.0
1342,15.161,0.2512,0.4878,0.0000,0.2683,crystalline,0,-11.702,20.0
1343,13.735,0.3727,0.5227,0.2500,0.3409,crystalline,0,-13.498,20.0
1344,25.022,0.2814,0.4857,0.0000,0.3714,crystalline,0,-18.700,30.0
1345,24.581,0.3903,0.4722,0.3333,0.3611,crystalline,0,-17.176,30.0
1346,21.051,0.3895,0.4884,0.3256,0.3488,crystalline,0,-18.727,30.0
1347,20.932,0.3661,0.4516,0.2903,0.3548,crystalline,0,-5.235,30.0
1348,25.462,0.1818,0.2121,0.1515,0.1818,intermediate,0,5.062,30.0
1349,17.411,0.4279,0.5581,0.3256,0.3953,crystalline,0,-16.213,20.0
1350,18.100,0.3256,0.4390,0.2195,0.3171,crystalline,0,-7.218,20.0
1351,14.230,0.2614,0.4545,0.0000,0.3409,crystalline,0,-12.540,20.0
1352,23.961,0.3756,0.5122,0.2683,0.3415,crystalline,0,-15.771,30.0
1353,21.939,0.4153,0.4722,0.3333,0.4444,crystalline,0,-17.692,30.0
1354,23.852,0.3703,0.4865,0.2703,0.3514,crystalline,0,-2.311,30.0
1355,17.668,0.4143,0.5238,0.3333,0.3810,crystalline,0,-17.657,20.0
1356,27.323,0.1654,0.3077,0.0000,0.1923,intermediate,0,-2.945,30.0
1357,19.260,0.3867,0.5333,0.2667,0.3556,crystalline,0,-15.853,20.0
1358,22.019,0.3814,0.4571,0.3143,0.3714,crystalline,0,-16.679,30.0
1359,25.112,0.2833,0.5238,0.0000,0.3333,crystalline,0,-9.501,30.0
1360,21.884,0.2739,0.5217,0.0000,0.3043,crystalline,0,-0.679,30.0
1361,17.504,0.3707,0.4783,0.2826,0.3478,crystalline,0,-9.747,20.0
1362,20.023,0.3175,0.4250,0.2250,0.3000,crystalline,0,-4.838,20.0
1363,18.584,0.4275,0.5500,0.3500,0.3750,crystalline,0,-15.548,20.0
1364,18.776,0.3256,0.4419,0.2093,0.3256,crystalline,0,-9.323,20.0
1365,23.651,0.2457,0.4783,0.0000,0.2609,intermediate,0,1.859,30.0
1366,21.780,0.1974,0.3158,0.0000,0.2895,intermediate,0,-3.015,30.0
1367,19.963,0.2953,0.3953,0.2093,0.2791,crystalline,0,-4.075,20.0
1368,21.554,0.1800,0.3000,0.0000,0.2500,intermediate,0,-1.133,30.0
1369,26.371,0.3175,0.4000,0.2500,0.3000,crystalline,0,-18.287,30.0
1370,26.457,0.2385,0.3846,0.0000,0.3462,intermediate,0,-20.173,30.0
1371,25.669,0.2078,0.4062,0.0000,0.2188,intermediate,0,-3.234,30.0
1372,19.799,0.3536,0.4762,0.3095,0.2619,crystalline,0,-10.347,20.0
1373,24.987,0.3685,0.3704,0.3333,0.4074,crystalline,0,-14.214,30.0
1374,26.626,0.2315,0.4074,0.0000,0.2963,intermediate,0,-7.380,30.0
1375,24.625,0.3538,0.4615,0.3077,0.2821,crystalline,0,-18.355,30.0
1376,25.693,0.3607,0.5000,0.2857,0.2857,crystalline,0,-15.329,30.0
1377,29.931,0.1405,0.1429,0.0952,0.1905,intermediate,0,7.919,30.0
1378,19.981,0.3933,0.5111,0.2889,0.3778,crystalline,0,-18.316,20.0
1379,23.794,0.4039,0.5000,0.3158,0.3947,crystalline,0,-19.740,30.0
1380,18.402,0.3651,0.4651,0.2791,0.3488,crystalline,0,-11.725,20.0
1381,15.905,0.4011,0.5556,0.2667,0.3778,crystalline,0,-15.103,20.0
1382,25.152,0.2705,0.4872,0.0000,0.3333,crystalline,0,-7.359,30.0
1383,22.160,0.3824,0.4706,0.2941,0.3824,crystalline,0,-12.692,30.0
1384,26.799,0.1083,0.1667,0.0000,0.1667,intermediate,0,3.162,30.0
1385,27.049,0.1411,0.2500,0.0000,0.1786,intermediate,0,2.179,30.0
1386,19.092,0.4035,0.4884,0.3256,0.3953,crystalline,0,-19.191,20.0
1387,27.367,0.2053,0.3158,0.0000,0.3158,intermediate,0,-18.056,30.0
1388,22.408,0.3196,0.4348,0.2174,0.3043,crystalline,0,-7.646,30.0
1389,22.364,0.3750,0.5000,0.2857,0.3333,crystalline,0,-16.719,30.0
1390,23.427,0.3612,0.5000,0.2750,0.3000,crystalline,0,-14.059,30.0
1391,26.576,0.3340,0.4000,0.2800,0.3200,crystalline,0,-19.670,30.0
1392,16.622,0.3976,0.5476,0.2619,0.3810,crystalline,0,-16.061,20.0
1393,20.444,0.3692,0.4872,0.2821,0.3333,crystalline,0,-8.776,30.0
1394,30.886,0.1639,0.1667,0.1111,0.2222,intermediate,0,6.635,40.0
1395,28.012,0.2528,0.3889,0.0000,0.3889,crystalline,0,-19.273,30.0
1396,23.309,0.3603,0.5172,0.2759,0.2759,crystalline,0,-4.580,30.0
1397,17.419,0.4256,0.5349,0.3023,0.4419,crystalline,0,-14.154,20.0
1398,29.882,0.1571,0.2857,0.0000,0.1905,intermediate,0,1.770,30.0
1399,23.867,0.1625,0.2500,0.0000,0.2500,intermediate,0,-0.338,30.0
1400,23.730,0.3531,0.3750,0.3125,0.3750,crystalline,0,-20.509,30.0
1401,26.720,0.1231,0.1538,0.0000,0.2308,intermediate,0,3.401,30.0
1402,23.849,0.1514,0.2703,0.0000,0.1892,intermediate,0,0.092,30.0
1403,26.528,0.3460,0.4400,0.2400,0.3600,crystalline,0,-17.852,30.0
1404,26.567,0.2125,0.3500,0.0000,0.3000,intermediate,0,-13.043,30.0
1405,20.695,0.4060,0.5238,0.3095,0.3810,crystalline,0,-20.084,30.0
1406,25.767,0.4000,0.5484,0.2903,0.3548,crystalline,0,-14.225,30.0
1407,16.008,0.3937,0.5000,0.3250,0.3500,crystalline,0,-17.356,20.0
1408,26.152,0.3452,0.4516,0.2581,0.3226,crystalline,0,-16.656,30.0
1409,24.669,0.2724,0.4828,0.0000,0.3448,crystalline,0,-2.078,30.0
1410,27.028,0.1411,0.1429,0.1071,0.1786,intermediate,0,4.318,30.0
1411,19.965,0.3750,0.4762,0.3095,0.3333,crystalline,0,-14.639,20.0
1412,18.891,0.3679,0.5238,0.2619,0.3095,crystalline,0,-17.177,20.0
1413,28.481,0.2848,0.4783,0.0000,0.3913,crystalline,0,-21.234,30.0
1414,22.997,0.3671,0.5366,0.2195,0.3415,crystalline,0,-7.737,30.0
1415,17.591,0.3895,0.5349,0.2791,0.3488,crystalline,0,-18.628,20.0
1416,25.303,0.2629,0.4194,0.0000,0.3871,crystalline,0,-21.343,30.0
1417,27.975,0.2397,0.4483,0.0000,0.2759,intermediate,0,-8.346,30.0
1418,24.711,0.3593,0.4444,0.2963,0.3333,crystalline,0,-11.674,30.0
1419,25.329,0.2121,0.3030,0.1212,0.2121,intermediate,0,1.374,30.0
1420,24.300,0.2605,0.4737,0.0000,0.3158,crystalline,0,-2.332,30.0
1421,17.308,0.2464,0.5000,0.0000,0.2381,intermediate,0,-12.109,20.0
1422,24.892,0.2032,0.3871,0.0000,0.2258,intermediate,0,-3.317,30.0
1423,21.900,0.4100,0.4857,0.3429,0.4000,crystalline,0,-11.207,30.0
1424,18.371,0.3598,0.5122,0.2439,0.3171,crystalline,0,-11.144,20.0
1425,26.617,0.3864,0.5758,0.2424,0.3333,crystalline,0,-15.348,30.0
1426,23.692,0.2483,0.4138,0.0000,0.3448,intermediate,0,-18.061,30.0
1427,24.915,0.3184,0.4474,0.2368,0.2632,crystalline,0,-8.603,30.0
1428,21.807,0.2622,0.3243,0.2162,0.2432,crystalline,0,-6.692,30.0
1429,20.172,0.3650,0.4500,0.2500,0.4000,crystalline,0,-10.104,30.0
1430,22.658,0.3683,0.5122,0.2683,0.3171,crystalline,0,-15.435,30.0
1431,31.151,0.1548,0.2381,0.0000,0.2381,intermediate,0,0.796,40.0
1432,17.645,0.3420,0.4545,0.2500,0.3182,crystalline,0,-13.647,20.0
1433,20.292,0.2488,0.4390,0.0000,0.3171,intermediate,0,-9.531,30.0
1434,22.529,0.3455,0.4242,0.3030,0.3030,crystalline,0,-20.448,30.0
1435,24.423,0.2727,0.5455,0.0000,0.2727,crystalline,0,-3.565,30.0
1436,19.021,0.3927,0.5122,0.3171,0.3415,crystalline,0,-19.106,20.0
1437,20.803,0.4143,0.5238,0.3333,0.3810,crystalline,0,-16.606,30.0
1438,19.242,0.4349,0.5349,0.3488,0.4186,crystalline,0,-19.973,20.0
1439,21.874,0.2643,0.4857,0.0000,0.3143,crystalline,0,-8.326,30.0
1440,22.714,0.1676,0.3529,0.0000,0.1471,intermediate,0,-5.277,30.0
1441,23.715,0.3621,0.3939,0.3030,0.3939,crystalline,0,-21.743,30.0
1442,24.834,0.2413,0.3913,0.0000,0.3478,intermediate,0,-17.058,30.0
1443,17.031,0.3750,0.5000,0.2500,0.3750,crystalline,0,-16.191,20.0
1444,27.816,0.2650,0.5000,0.0000,0.3000,crystalline,0,-12.766,30.0
1445,25.092,0.1625,0.2500,0.0000,0.2500,intermediate,0,-1.095,30.0
1446,24.084,0.3850,0.5000,0.3000,0.3500,crystalline,0,-6.096,30.0
1447,19.319,0.3360,0.4651,0.2558,0.2791,crystalline,0,-12.534,20.0
1448,17.635,0.3140,0.5581,0.0000,0.3953,crystalline,0,-17.192,20.0
1449,27.751,0.2789,0.5263,0.0000,0.3158,crystalline,0,-14.968,30.0
1450,19.115,0.2744,0.5122,0.0000,0.3171,crystalline,0,-14.580,20.0
1451,25.443,0.3563,0.5250,0.3000,0.2250,crystalline,0,-12.765,30.0
1452,23.757,0.2351,0.2973,0.1892,0.2162,intermediate,0,-5.623,30.0
1453,24.858,0.3963,0.4815,0.3333,0.3704,crystalline,0,-10.482,30.0
1454,22.470,0.2764,0.5278,0.0000,0.3056,crystalline,0,-15.499,30.0
1455,20.066,0.2487,0.4750,0.0000,0.2750,intermediate,0,-11.353,30.0
1456,24.116,0.1735,0.2941,0.0000,0.2353,intermediate,0,-4.260,30.0
1457,20.349,0.3775,0.5250,0.2750,0.3250,crystalline,0,-15.711,30.0
1458,28.111,0.2219,0.3125,0.0000,0.3750,intermediate,0,-22.099,30.0
1459,17.827,0.4202,0.5476,0.2857,0.4286,crystalline,0,-18.677,20.0
1460,23.624,0.2473,0.4054,0.0000,0.3514,intermediate,0,-7.892,30.0
1461,18.190,0.3964,0.5238,0.2619,0.4048,crystalline,0,-17.844,20.0
1462,25.625,0.4029,0.4857,0.3714,0.3429,crystalline,0,-22.513,30.0
1463,24.166,0.2371,0.4571,0.0000,0.2571,intermediate,0,-8.624,30.0
1464,20.610,0.4075,0.5000,0.3000,0.4250,crystalline,0,-15.121,30.0
1465,31.324,0.1639,0.2778,0.0000,0.2222,intermediate,0,-4.375,40.0
1466,26.900,0.3647,0.4706,0.2941,0.3235,crystalline,0,-21.104,30.0
1467,24.643,0.2533,0.4667,0.0000,0.3000,crystalline,0,-7.507,30.0
1468,27.348,0.1405,0.2381,0.0000,0.1905,intermediate,0,0.408,30.0
1469,22.809,0.3782,0.5128,0.2821,0.3333,crystalline,0,-21.184,30.0
1470,23.439,0.3750,0.5476,0.2381,0.3333,crystalline,0,-13.047,30.0
1471,29.399,0.2300,0.4000,0.0000,0.3000,intermediate,0,-22.538,30.0
1472,28.925,0.2204,0.4074,0.0000,0.2593,intermediate,0,-6.114,30.0
1473,24.243,0.3482,0.4643,0.2857,0.2857,crystalline,0,-10.001,30.0
1474,28.084,0.3586,0.5517,0.2069,0.3103,crystalline,0,-13.734,30.0
1475,25.974,0.1250,0.3571,0.0000,0.0000,amorphous,0,-3.710,30.0
1476,22.914,0.3986,0.4444,0.3611,0.3889,crystalline,0,-23.017,30.0
1477,25.484,0.2594,0.5000,0.0000,0.2812,crystalline,0,-19.509,30.0
1478,26.598,0.1767,0.3333,0.0000,0.2000,intermediate,0,-2.605,30.0
1479,23.607,0.3667,0.4000,0.3333,0.3667,crystalline,0,-21.655,30.0
1480,26.582,0.2250,0.3462,0.0000,0.3462,intermediate,0,-24.115,30.0
1481,22.903,0.4014,0.4857,0.3429,0.3714,crystalline,0,-14.120,30.0
1482,29.589,0.0975,0.1500,0.0000,0.1500,intermediate,0,1.353,30.0
1483,27.425,0.1800,0.3000,0.0000,0.2500,intermediate,0,-3.082,30.0
1484,25.208,0.2944,0.5556,0.0000,0.3333,crystalline,0,-13.980,30.0
1485,30.074,0.2000,0.2500,0.1500,0.2000,intermediate,0,0.575,30.0
1486,29.581,0.3625,0.5000,0.2500,0.3333,crystalline,0,-19.537,30.0
1487,24.309,0.2620,0.4400,0.0000,0.3600,crystalline,0,-20.900,30.0
1488,25.575,0.2578,0.4688,0.0000,0.3125,crystalline,0,-22.061,30.0
1489,20.776,0.4012,0.5500,0.2750,0.3750,crystalline,0,-21.546,30.0
1490,21.155,0.4145,0.5000,0.3684,0.3684,crystalline,0,-20.424,30.0
1491,21.940,0.3361,0.5000,0.2222,0.2778,crystalline,0,-12.143,30.0
1492,28.648,0.2500,0.4400,0.0000,0.3200,crystalline,0,-23.642,30.0
1493,23.138,0.2338,0.4412,0.0000,0.2647,intermediate,0,-10.811,30.0
1494,22.326,0.3961,0.5263,0.2895,0.3684,crystalline,0,-19.943,30.0
1495,24.726,0.4000,0.4571,0.3429,0.4000,crystalline,0,-23.637,30.0
1496,20.731,0.3841,0.5366,0.2683,0.3415,crystalline,0,-15.593,30.0
1497,20.840,0.2671,0.5122,0.0000,0.2927,crystalline,0,-14.904,30.0
1498,19.530,0.2738,0.4762,0.0000,0.3571,crystalline,0,-17.434,20.0
1499,26.799,0.2976,0.5238,0.0000,0.3810,crystalline,0,-18.045,30.0
1500,30.140,0.3000,0.4000,0.2000,0.3000,crystalline,0,-22.038,40.0
1501,22.117,0.3903,0.4722,0.3333,0.3611,crystalline,0,-19.448,30.0
1502,30.981,0.2400,0.4800,0.0000,0.2400,intermediate,0,-11.145,40.0
1503,28.878,0.2364,0.3636,0.0000,0.3636,intermediate,0,-25.104,30.0
1504,24.263,0.2600,0.3714,0.2000,0.2000,crystalline,0,-9.648,30.0
1505,20.332,0.3671,0.4878,0.2683,0.3415,crystalline,0,-16.527,30.0
1506,28.190,0.2288,0.4231,0.0000,0.2692,intermediate,0,-6.072,30.0
1507,22.696,0.3811,0.5135,0.2973,0.3243,crystalline,0,-22.492,30.0
1508,25.086,0.2481,0.3462,0.0000,0.4231,intermediate,0,-24.536,30.0
1509,21.519,0.4112,0.5000,0.3750,0.3500,crystalline,0,-22.777,30.0
1510,23.919,0.3368,0.5294,0.2059,0.2647,crystalline,0,-11.161,30.0
1511,28.582,0.3060,0.4400,0.1600,0.3200,crystalline,0,-20.697,30.0
1512,24.794,0.3652,0.4848,0.2727,0.3333,crystalline,0,-20.845,30.0
1513,23.991,0.3081,0.4595,0.1892,0.2703,crystalline,0,-13.091,30.0
1514,23.053,0.3652,0.5152,0.2424,0.3333,crystalline,0,-13.676,30.0
1515,29.648,0.3000,0.5217,0.0000,0.3913,crystalline,0,-18.053,30.0
1516,25.400,0.2500,0.4483,0.0000,0.3103,intermediate,0,-9.087,30.0
1517,29.213,0.2048,0.3810,0.0000,0.2381,intermediate,0,-7.266,30.0
1518,28.557,0.2867,0.5333,0.0000,0.3333,crystalline,0,-11.546,30.0
1519,26.080,0.3632,0.5000,0.2353,0.3529,crystalline,0,-18.192,30.0
1520,25.535,0.3600,0.4000,0.3200,0.3600,crystalline,0,-16.665,30.0
1521,24.576,0.2667,0.5000,0.0000,0.3056,crystalline,0,-13.938,30.0
1522,23.001,0.3961,0.4474,0.3684,0.3684,crystalline,0,-24.057,30.0
1523,26.473,0.3185,0.2963,0.2963,0.3704,crystalline,0,-25.483,30.0
1524,25.987,0.2655,0.3793,0.1724,0.2414,crystalline,0,-8.133,30.0
1525,21.010,0.4000,0.5366,0.2927,0.3659,crystalline,0,-18.951,30.0
1526,27.508,0.2474,0.3684,0.1579,0.2105,intermediate,0,-7.140,30.0
1527,27.260,0.1571,0.2857,0.0000,0.1905,intermediate,0,-5.290,30.0
1528,21.227,0.3137,0.5750,0.0000,0.3750,crystalline,0,-19.855,30.0
1529,22.416,0.3697,0.4474,0.3158,0.3421,crystalline,0,-17.898,30.0
1530,21.007,0.4053,0.5526,0.2895,0.3684,crystalline,0,-21.611,30.0
1531,22.817,0.2743,0.5143,0.0000,0.3143,crystalline,0,-21.127,30.0
1532,21.526,0.3947,0.5263,0.2632,0.3947,crystalline,0,-22.391,30.0
1533,30.660,0.2568,0.5000,0.0000,0.2727,crystalline,0,-12.151,40.0
1534,25.621,0.3360,0.4400,0.2800,0.2800,crystalline,0,-12.886,30.0
1535,24.221,0.3868,0.5526,0.2368,0.3684,crystalline,0,-18.535,30.0
1536,28.781,0.2760,0.4800,0.0000,0.3600,crystalline,0,-19.062,30.0
1537,26.197,0.2413,0.3913,0.0000,0.3478,intermediate,0,-21.986,30.0
1538,25.000,0.2385,0.3846,0.0000,0.3462,intermediate,0,-24.458,30.0
1539,29.408,0.2024,0.3333,0.0000,0.2857,intermediate,0,-5.387,30.0
1540,27.906,0.2862,0.5517,0.0000,0.3103,crystalline,0,-11.432,30.0
1541,25.376,0.2519,0.3704,0.0000,0.4074,crystalline,0,-25.428,30.0
1542,26.045,0.2758,0.4839,0.0000,0.3548,crystalline,0,-19.444,30.0
1543,26.523,0.3525,0.4500,0.3000,0.3000,crystalline,0,-15.425,30.0
1544,23.054,0.3926,0.4412,0.3529,0.3824,crystalline,0,-24.036,30.0
1545,28.916,0.2942,0.5769,0.0000,0.3077,crystalline,0,-12.594,30.0
1546,23.562,0.2355,0.4516,0.0000,0.2581,intermediate,0,-16.197,30.0
1547,31.367,0.2864,0.5455,0.0000,0.3182,crystalline,0,-16.572,40.0
1548,24.760,0.2704,0.5185,0.0000,0.2963,crystalline,0,-20.466,30.0
1549,23.259,0.2788,0.4848,0.0000,0.3636,crystalline,0,-23.222,30.0
1550,23.580,0.2565,0.4839,0.0000,0.2903,crystalline,0,-17.504,30.0
1551,24.594,0.2650,0.5000,0.0000,0.3000,crystalline,0,-14.993,30.0
1552,25.850,0.2444,0.4444,0.0000,0.2963,intermediate,0,-14.406,30.0
1553,27.267,0.3352,0.3704,0.3333,0.2963,crystalline,0,-26.458,30.0
1554,28.500,0.3080,0.4400,0.2000,0.2800,crystalline,0,-24.857,30.0
1555,28.749,0.2983,0.5667,0.0000,0.3333,crystalline,0,-16.765,30.0
1556,26.350,0.3222,0.4815,0.1852,0.2963,crystalline,0,-13.575,30.0
1557,27.474,0.2714,0.4286,0.1429,0.2381,crystalline,0,-10.714,30.0
1558,22.914,0.2914,0.5143,0.0000,0.3714,crystalline,0,-20.327,30.0
1559,23.035,0.2897,0.5000,0.0000,0.3824,crystalline,0,-21.074,30.0
1560,26.596,0.2250,0.4091,0.0000,0.2727,intermediate,0,-19.460,30.0
1561,24.544,0.2632,0.5000,0.0000,0.2941,crystalline,0,-18.501,30.0
1562,27.372,0.3381,0.5238,0.2381,0.2381,crystalline,0,-12.511,30.0
1563,25.307,0.3583,0.5000,0.2667,0.3000,crystalline,0,-16.538,30.0
1564,25.918,0.3567,0.5000,0.2333,0.3333,crystalline,0,-25.305,30.0
1565,25.292,0.2750,0.5000,0.0000,0.3333,crystalline,0,-19.409,30.0
1566,23.219,0.2687,0.5000,0.0000,0.3125,crystalline,0,-22.831,30.0
1567,28.485,0.2026,0.2632,0.0000,0.3684,intermediate,0,-28.345,30.0
1568,23.676,0.3667,0.4848,0.3030,0.3030,crystalline,0,-21.828,30.0
1569,25.735,0.3574,0.4074,0.2963,0.3704,crystalline,0,-26.884,30.0
1570,30.974,0.2650,0.5000,0.0000,0.3000,crystalline,0,-17.661,40.0
1571,29.773,0.1711,0.2632,0.0000,0.2632,intermediate,0,-27.417,30.0
1572,28.140,0.3200,0.4400,0.2000,0.3200,crystalline,0,-23.520,30.0
1573,28.991,0.2667,0.4762,0.0000,0.3333,crystalline,0,-11.949,30.0
1574,25.791,0.3460,0.4400,0.2400,0.3600,crystalline,0,-19.045,30.0
1575,29.493,0.2548,0.5238,0.0000,0.2381,crystalline,0,-12.697,30.0
1576,26.894,0.2500,0.4286,0.0000,0.3333,intermediate,0,-25.815,30.0
1577,28.172,0.2759,0.5517,0.0000,0.2759,crystalline,0,-16.784,30.0
1578,28.170,0.2250,0.4091,0.0000,0.2727,intermediate,0,-26.179,30.0
1579,27.412,0.2917,0.3333,0.2500,0.2917,crystalline,0,-27.829,30.0
1580,24.937,0.3565,0.4839,0.2581,0.3226,crystalline,0,-25.220,30.0
1581,29.471,0.2548,0.5238,0.0000,0.2381,crystalline,0,-18.130,30.0
1582,25.640,0.2100,0.3600,0.0000,0.2800,intermediate,0,-24.364,30.0
1583,26.446,0.3571,0.5000,0.2143,0.3571,crystalline,0,-23.830,30.0
1584,27.393,0.2386,0.4091,0.0000,0.3182,intermediate,0,-28.222,30.0
1585,26.512,0.2727,0.5455,0.0000,0.2727,crystalline,0,-23.236,30.0
1586,26.392,0.3093,0.4074,0.2222,0.2963,crystalline,0,-26.369,30.0
1587,25.753,0.2360,0.4000,0.0000,0.3200,intermediate,0,-26.825,30.0
1588,26.495,0.2640,0.4800,0.0000,0.3200,crystalline,0,-19.829,30.0
1589,28.406,0.2357,0.4286,0.0000,0.2857,intermediate,0,-24.892,30.0
1590,25.569,0.2500,0.4400,0.0000,0.3200,crystalline,0,-21.485,30.0
1591,27.944,0.2474,0.5263,0.0000,0.2105,intermediate,0,-16.203,30.0
1592,26.464,0.3042,0.3333,0.2500,0.3333,crystalline,0,-27.803,30.0
1593,26.775,0.2760,0.4800,0.0000,0.3600,crystalline,0,-18.878,30.0
1594,29.770,0.2435,0.4348,0.0000,0.3043,intermediate,0,-22.248,30.0
1595,26.375,0.3080,0.4400,0.2000,0.2800,crystalline,0,-20.305,30.0
1596,29.209,0.2891,0.5652,0.0000,0.3043,crystalline,0,-17.266,30.0
1597,26.529,0.2667,0.4762,0.0000,0.3333,crystalline,0,-22.807,30.0
1598,29.752,0.2417,0.5000,0.0000,0.2222,intermediate,0,-18.154,30.0
1599,26.656,0.2479,0.4583,0.0000,0.2917,intermediate,0,-23.816,30.0
1600,26.434,0.2479,0.4583,0.0000,0.2917,intermediate,0,-25.695,30.0
1601,27.504,0.2357,0.4286,0.0000,0.2857,intermediate,0,-24.767,30.0
1602,26.554,0.2891,0.3913,0.1739,0.3043,crystalline,0,-26.398,30.0
1603,29.127,0.2409,0.4545,0.0000,0.2727,intermediate,0,-22.223,30.0
1604,27.841,0.2079,0.3684,0.0000,0.2632,intermediate,0,-28.170,30.0
