ca_index,d_p_A,crystallinity,frac_a,frac_c,frac_384,phase,domain,axial_A,shell_bfac
0,15.806,0.3120,0.3478,0.2826,0.3043,crystalline,0,45.625,20.0
1,17.619,0.3272,0.3913,0.2826,0.3043,crystalline,0,43.100,20.0
2,17.958,0.2911,0.3333,0.2889,0.2444,crystalline,0,43.388,20.0
3,13.540,0.2686,0.3137,0.2353,0.2549,crystalline,0,45.008,20.0
4,14.690,0.1906,0.3125,0.0000,0.2708,intermediate,0,42.512,20.0
5,17.093,0.3213,0.4043,0.2766,0.2766,crystalline,0,40.357,20.0
6,21.074,0.1593,0.2558,0.0000,0.2326,intermediate,0,46.710,30.0
7,15.823,0.2692,0.3077,0.2308,0.2692,crystalline,0,39.801,20.0
8,19.789,0.1674,0.2791,0.0000,0.2326,intermediate,0,49.313,20.0
9,20.346,0.3277,0.4255,0.2553,0.2979,crystalline,0,43.693,30.0
10,16.229,0.3035,0.3721,0.2558,0.2791,crystalline,0,48.337,20.0
11,11.450,0.1094,0.1875,0.0000,0.1458,intermediate,0,38.948,20.0
12,23.135,0.1620,0.2391,0.0000,0.2609,intermediate,0,47.295,30.0
13,13.035,0.1596,0.2553,0.0000,0.2340,intermediate,0,47.757,20.0
14,21.437,0.1830,0.3000,0.0000,0.2600,intermediate,0,43.989,30.0
15,18.338,0.1420,0.2500,0.0000,0.1818,intermediate,0,48.607,20.0
16,13.709,0.1468,0.2553,0.0000,0.1915,intermediate,0,41.990,20.0
17,22.733,0.1692,0.3077,0.0000,0.2051,intermediate,0,49.717,30.0
18,20.207,0.3349,0.4419,0.2558,0.3023,crystalline,0,46.197,30.0
19,10.003,0.1468,0.2553,0.0000,0.1915,intermediate,0,44.233,20.0
20,15.864,0.1539,0.2549,0.0000,0.2157,intermediate,0,39.376,20.0
21,11.854,0.0961,0.1569,0.0000,0.1373,intermediate,0,35.892,20.0
22,13.627,0.1872,0.2979,0.0000,0.2766,intermediate,0,41.829,20.0
23,13.092,0.0970,0.1400,0.0000,0.1600,intermediate,0,36.942,20.0
24,12.441,0.1276,0.2245,0.0000,0.1633,intermediate,0,38.348,20.0
25,19.192,0.2860,0.3256,0.2326,0.3023,crystalline,0,48.916,20.0
26,19.411,0.1427,0.2292,0.0000,0.2083,intermediate,0,46.051,20.0
27,21.955,0.1375,0.2000,0.0000,0.2250,intermediate,0,52.255,30.0
28,19.402,0.0923,0.1538,0.0000,0.1282,intermediate,0,52.103,20.0
29,16.569,0.1977,0.2273,0.1818,0.1818,intermediate,0,38.744,20.0
30,19.562,0.3212,0.4038,0.2500,0.3077,crystalline,0,40.997,20.0
31,20.167,0.1707,0.2826,0.0000,0.2391,intermediate,0,43.466,30.0
32,15.671,0.2927,0.3750,0.2292,0.2708,crystalline,0,37.550,20.0
33,23.248,0.1784,0.2955,0.0000,0.2500,intermediate,0,44.618,30.0
34,9.286,0.2744,0.3333,0.2222,0.2667,crystalline,0,44.103,10.0
35,7.721,0.1400,0.1600,0.1200,0.1400,intermediate,0,38.852,10.0
36,12.331,0.1471,0.2353,0.0000,0.2157,intermediate,0,44.398,20.0
37,13.912,0.1745,0.2979,0.0000,0.2340,intermediate,0,37.008,20.0
38,16.397,0.1475,0.2500,0.0000,0.2000,intermediate,0,51.182,20.0
39,24.075,0.1097,0.1944,0.0000,0.1389,intermediate,0,51.814,30.0
40,10.933,0.0958,0.1667,0.0000,0.1250,intermediate,0,37.692,20.0
41,14.495,0.2410,0.3000,0.2000,0.2200,intermediate,0,44.704,20.0
42,6.993,0.2087,0.2391,0.1522,0.2391,intermediate,0,40.765,10.0
43,20.553,0.2531,0.3061,0.2245,0.2245,crystalline,0,41.175,30.0
44,11.848,0.1625,0.2500,0.0000,0.2500,intermediate,0,47.113,20.0
45,14.278,0.1476,0.2381,0.0000,0.2143,intermediate,0,50.622,20.0
46,11.707,0.0910,0.1400,0.0000,0.1400,intermediate,0,34.780,20.0
47,18.688,0.2033,0.2609,0.1522,0.1957,intermediate,0,40.079,20.0
48,17.564,0.1573,0.2708,0.0000,0.2083,intermediate,0,41.265,20.0
49,8.416,0.1277,0.1702,0.0851,0.1277,intermediate,0,40.109,10.0
50,17.481,0.2635,0.3125,0.2083,0.2708,crystalline,0,38.041,20.0
51,25.433,0.1449,0.2821,0.0000,0.1538,intermediate,0,49.396,30.0
52,14.529,0.2208,0.2453,0.2075,0.2075,intermediate,0,39.139,20.0
53,25.442,0.1833,0.2821,0.0000,0.2821,intermediate,0,50.379,30.0
54,21.798,0.2857,0.3265,0.2449,0.2857,crystalline,0,41.788,30.0
55,6.735,0.2353,0.2745,0.1961,0.2353,intermediate,0,43.517,10.0
56,26.607,0.0952,0.1613,0.0000,0.1290,intermediate,0,51.773,30.0
57,10.273,0.1229,0.2083,0.0000,0.1667,intermediate,0,40.738,20.0
58,23.490,0.3477,0.4318,0.2500,0.3636,crystalline,0,46.799,30.0
59,8.289,0.0643,0.1071,0.0000,0.0893,amorphous,0,35.970,10.0
60,12.214,0.0968,0.1489,0.0000,0.1489,intermediate,0,34.022,20.0
61,24.622,0.1211,0.2105,0.0000,0.1579,intermediate,0,55.329,30.0
62,19.164,0.1114,0.1818,0.0000,0.1591,intermediate,0,45.674,20.0
63,22.922,0.1193,0.2045,0.0000,0.1591,intermediate,0,44.635,30.0
64,27.006,0.1581,0.2432,0.0000,0.2432,intermediate,0,47.975,30.0
65,25.089,0.3000,0.3415,0.2439,0.3171,crystalline,0,45.187,30.0
66,9.106,0.0720,0.1200,0.0000,0.1000,amorphous,0,33.015,10.0
67,9.501,0.0939,0.1633,0.0000,0.1224,intermediate,0,34.591,10.0
68,9.349,0.0858,0.1321,0.0000,0.1321,intermediate,0,33.665,10.0
69,11.219,0.2044,0.3556,0.0000,0.2667,intermediate,0,46.976,20.0
70,15.701,0.1089,0.1778,0.0000,0.1556,intermediate,0,44.798,20.0
71,19.406,0.2939,0.3673,0.2449,0.2653,crystalline,0,42.653,20.0
72,12.610,0.1635,0.2692,0.0000,0.2308,intermediate,0,36.276,20.0
73,28.111,0.1114,0.1714,0.0000,0.1714,intermediate,0,49.436,30.0
74,14.317,0.3107,0.3810,0.2619,0.2857,crystalline,0,47.537,20.0
75,18.700,0.1771,0.2917,0.0000,0.2500,intermediate,0,40.574,20.0
76,21.682,0.1289,0.2105,0.0000,0.1842,intermediate,0,55.871,30.0
77,18.120,0.3114,0.3864,0.2500,0.2955,crystalline,0,45.284,20.0
78,20.732,0.1632,0.2632,0.0000,0.2368,intermediate,0,51.817,30.0
79,21.957,0.3489,0.4255,0.2979,0.3191,crystalline,0,41.533,30.0
80,14.794,0.1859,0.3261,0.0000,0.2391,intermediate,0,34.875,20.0
81,24.304,0.3726,0.4524,0.2857,0.3810,crystalline,0,44.293,30.0
82,25.600,0.1162,0.2162,0.0000,0.1351,intermediate,0,55.487,30.0
83,22.906,0.1603,0.2821,0.0000,0.2051,intermediate,0,51.548,30.0
84,17.334,0.1442,0.2308,0.0000,0.2115,intermediate,0,37.355,20.0
85,18.679,0.1134,0.2195,0.0000,0.1220,intermediate,0,51.888,20.0
86,15.154,0.1089,0.1778,0.0000,0.1556,intermediate,0,49.717,20.0
87,24.335,0.1821,0.3571,0.0000,0.1905,intermediate,0,49.273,30.0
88,13.569,0.1725,0.2745,0.0000,0.2549,intermediate,0,34.196,20.0
89,26.406,0.1625,0.2500,0.0000,0.2500,intermediate,0,55.718,30.0
90,23.380,0.1716,0.2955,0.0000,0.2273,intermediate,0,45.746,30.0
91,6.770,0.1412,0.2353,0.0000,0.1961,intermediate,0,40.111,10.0
92,12.358,0.1236,0.2075,0.0000,0.1698,intermediate,0,35.687,20.0
93,27.118,0.1194,0.2222,0.0000,0.1389,intermediate,0,52.466,30.0
94,4.689,0.0720,0.1200,0.0000,0.1000,amorphous,0,36.723,6.0
95,14.092,0.0900,0.1500,0.0000,0.1250,intermediate,0,51.808,20.0
96,12.760,0.1330,0.2340,0.0000,0.1702,intermediate,0,43.763,20.0
97,23.758,0.1489,0.2391,0.0000,0.2174,intermediate,0,43.287,30.0
98,19.793,0.1750,0.2778,0.0000,0.2593,intermediate,0,38.436,20.0
99,11.367,0.1148,0.1852,0.0000,0.1667,intermediate,0,32.747,20.0
100,14.757,0.1000,0.1739,0.0000,0.1304,intermediate,0,34.442,20.0
101,19.870,0.1089,0.1778,0.0000,0.1556,intermediate,0,42.832,20.0
102,8.061,0.1268,0.1951,0.0000,0.1951,intermediate,0,46.348,10.0
103,24.319,0.2558,0.3256,0.1860,0.2558,crystalline,0,49.546,30.0
104,7.926,0.0907,0.1481,0.0000,0.1296,intermediate,0,31.633,10.0
105,13.788,0.1229,0.2083,0.0000,0.1667,intermediate,0,38.261,20.0
106,8.379,0.0707,0.1087,0.0000,0.1087,amorphous,0,32.203,10.0
107,23.452,0.1950,0.3000,0.0000,0.3000,intermediate,0,57.056,30.0
108,9.517,0.1073,0.1818,0.0000,0.1455,intermediate,0,37.578,10.0
109,8.371,0.0677,0.1042,0.0000,0.1042,amorphous,0,30.731,10.0
110,14.815,0.1500,0.2500,0.0000,0.2083,intermediate,0,38.591,20.0
111,8.424,0.1047,0.1698,0.0000,0.1509,intermediate,0,30.875,10.0
112,15.009,0.1269,0.2037,0.0000,0.1852,intermediate,0,35.914,20.0
113,11.953,0.1325,0.2281,0.0000,0.1754,intermediate,0,33.371,20.0
114,17.844,0.1026,0.1579,0.0000,0.1579,intermediate,0,53.027,20.0
115,29.268,0.1536,0.2857,0.0000,0.1786,intermediate,0,51.453,30.0
116,18.336,0.1670,0.2766,0.0000,0.2340,intermediate,0,37.855,20.0
117,18.194,0.1380,0.2400,0.0000,0.1800,intermediate,0,39.949,20.0
118,21.480,0.2531,0.3061,0.2245,0.2245,crystalline,0,39.002,30.0
119,17.479,0.2724,0.3265,0.2245,0.2653,crystalline,0,35.410,20.0
120,24.446,0.2952,0.3571,0.2619,0.2619,crystalline,0,42.382,30.0
121,14.241,0.1180,0.2000,0.0000,0.1600,intermediate,0,34.536,20.0
122,18.017,0.0843,0.1429,0.0000,0.1143,amorphous,0,54.797,20.0
123,25.353,0.0947,0.1579,0.0000,0.1316,intermediate,0,43.504,30.0
124,25.920,0.1838,0.3235,0.0000,0.2353,intermediate,0,56.958,30.0
125,24.467,0.1583,0.2500,0.0833,0.1389,intermediate,0,55.272,30.0
126,30.332,0.0593,0.0741,0.0000,0.1111,amorphous,0,52.474,40.0
127,14.704,0.1204,0.2041,0.0000,0.1633,intermediate,0,41.184,20.0
128,20.505,0.1744,0.2683,0.0000,0.2683,intermediate,0,57.081,30.0
129,5.366,0.0961,0.1569,0.0000,0.1373,intermediate,0,39.925,6.0
130,23.973,0.1302,0.2326,0.0000,0.1628,intermediate,0,52.444,30.0
131,20.653,0.1341,0.1951,0.0000,0.2195,intermediate,0,55.485,30.0
132,3.993,0.0944,0.1556,0.0000,0.1333,intermediate,0,42.426,6.0
133,23.041,0.2814,0.3333,0.2353,0.2745,crystalline,0,43.112,30.0
134,19.678,0.2033,0.2174,0.1957,0.1957,intermediate,0,41.261,20.0
135,19.854,0.2628,0.3023,0.2093,0.2791,crystalline,0,48.172,20.0
136,12.552,0.2207,0.2683,0.1951,0.1951,intermediate,0,49.710,20.0
137,30.479,0.1300,0.2000,0.0000,0.2000,intermediate,0,54.405,40.0
138,12.481,0.0955,0.1364,0.0000,0.1591,intermediate,0,31.536,20.0
139,9.501,0.1093,0.1852,0.0000,0.1481,intermediate,0,32.206,10.0
140,27.887,0.1417,0.2333,0.0000,0.2000,intermediate,0,46.203,30.0
141,10.103,0.1453,0.1509,0.1509,0.1321,intermediate,0,31.770,10.0
142,21.461,0.3225,0.4314,0.2549,0.2745,crystalline,0,38.720,30.0
143,29.387,0.1413,0.2174,0.0000,0.2174,intermediate,0,55.753,30.0
144,6.434,0.0821,0.1429,0.0000,0.1071,amorphous,0,34.641,10.0
145,29.240,0.2500,0.2703,0.1892,0.2973,crystalline,0,48.502,30.0
146,27.951,0.1633,0.2667,0.0000,0.2333,intermediate,0,46.148,30.0
147,5.685,0.0938,0.1607,0.0000,0.1250,intermediate,0,29.456,6.0
148,16.840,0.1204,0.2041,0.0000,0.1633,intermediate,0,36.710,20.0
149,6.758,0.1240,0.1667,0.0625,0.1458,intermediate,0,42.754,10.0
150,15.717,0.1282,0.1795,0.0769,0.1282,intermediate,0,52.277,20.0
151,22.921,0.2071,0.3469,0.0000,0.2857,intermediate,0,43.268,30.0
152,10.433,0.1011,0.1556,0.0000,0.1556,intermediate,0,46.423,20.0
153,28.024,0.1803,0.2121,0.1212,0.2121,intermediate,0,50.998,30.0
154,28.040,0.2172,0.4062,0.0000,0.2500,intermediate,0,51.341,30.0
155,25.430,0.2581,0.3488,0.2093,0.2093,crystalline,0,46.091,30.0
156,19.808,0.2304,0.2941,0.1961,0.1961,intermediate,0,37.855,20.0
157,16.744,0.2878,0.3243,0.2432,0.2973,crystalline,0,50.247,20.0
158,12.083,0.1510,0.2500,0.0000,0.2115,intermediate,0,33.579,20.0
159,19.839,0.1197,0.1842,0.0000,0.1842,intermediate,0,56.585,20.0
160,20.656,0.1935,0.3478,0.0000,0.2391,intermediate,0,44.991,30.0
161,10.128,0.2340,0.2600,0.2200,0.2200,intermediate,0,36.464,20.0
162,6.076,0.0637,0.0980,0.0000,0.0980,amorphous,0,28.602,10.0
163,11.268,0.2250,0.2609,0.1957,0.2174,intermediate,0,43.331,20.0
164,22.147,0.2882,0.3529,0.2353,0.2745,crystalline,0,40.599,30.0
165,22.280,0.1193,0.2045,0.0000,0.1591,intermediate,0,40.139,30.0
166,29.825,0.1810,0.3103,0.0000,0.2414,intermediate,0,49.112,30.0
167,10.810,0.1561,0.2041,0.1020,0.1633,intermediate,0,49.131,20.0
168,8.023,0.1207,0.1957,0.0000,0.1739,intermediate,0,45.862,10.0
169,6.411,0.0612,0.0816,0.0408,0.0612,amorphous,0,33.953,10.0
170,14.170,0.0720,0.1220,0.0000,0.0976,amorphous,0,52.562,20.0
171,15.326,0.1922,0.3137,0.0000,0.2745,intermediate,0,32.275,20.0
172,23.433,0.3043,0.3478,0.2609,0.3043,crystalline,0,39.584,30.0
173,10.211,0.1028,0.1667,0.0000,0.1481,intermediate,0,34.495,20.0
174,26.985,0.3420,0.4545,0.2500,0.3182,crystalline,0,44.795,30.0
175,11.386,0.2140,0.2000,0.2400,0.2000,intermediate,0,30.464,20.0
176,7.327,0.0755,0.0980,0.0000,0.1373,amorphous,0,31.968,10.0
177,27.507,0.1513,0.2564,0.0000,0.2051,intermediate,0,45.378,30.0
178,19.857,0.1822,0.3111,0.0000,0.2444,intermediate,0,45.757,20.0
179,8.725,0.1147,0.1765,0.0000,0.1765,intermediate,0,38.810,10.0
180,20.349,0.2488,0.3488,0.1628,0.2326,intermediate,0,49.419,30.0
181,23.667,0.2583,0.3056,0.1944,0.2778,crystalline,0,58.275,30.0
182,6.083,0.0750,0.1250,0.0000,0.1042,amorphous,0,37.248,10.0
183,14.781,0.2292,0.2708,0.1875,0.2292,intermediate,0,43.869,20.0
184,6.127,0.1000,0.1633,0.0000,0.1429,intermediate,0,42.791,10.0
185,17.623,0.0776,0.1316,0.0000,0.1053,amorphous,0,55.670,20.0
186,12.838,0.0955,0.1364,0.0000,0.1591,intermediate,0,50.071,20.0
187,13.763,0.2594,0.3208,0.2264,0.2264,crystalline,0,31.683,20.0
188,20.153,0.2796,0.3469,0.2245,0.2653,crystalline,0,35.956,30.0
189,15.745,0.1000,0.1538,0.0000,0.1538,intermediate,0,39.802,20.0
190,17.257,0.1236,0.2075,0.0000,0.1698,intermediate,0,37.271,20.0
191,8.258,0.0425,0.0566,0.0000,0.0755,amorphous,0,32.438,10.0
192,13.419,0.1240,0.2000,0.0000,0.1800,intermediate,0,35.690,20.0
193,20.361,0.1500,0.2400,0.0000,0.2200,intermediate,0,35.882,30.0
194,6.508,0.0955,0.1636,0.0000,0.1273,intermediate,0,28.758,10.0
195,19.919,0.2250,0.2750,0.1750,0.2250,intermediate,0,50.802,20.0
196,26.398,0.1068,0.1892,0.0000,0.1351,intermediate,0,42.764,30.0
197,5.175,0.0580,0.0893,0.0000,0.0893,amorphous,0,29.725,6.0
198,17.049,0.1602,0.2653,0.0000,0.2245,intermediate,0,43.674,20.0
199,28.318,0.2113,0.3548,0.0000,0.2903,intermediate,0,57.388,30.0
200,21.014,0.1489,0.2500,0.0000,0.2045,intermediate,0,39.582,30.0
201,6.530,0.1670,0.2000,0.1400,0.1600,intermediate,0,34.726,10.0
202,28.683,0.1967,0.3333,0.0000,0.2667,intermediate,0,45.907,30.0
203,28.737,0.2578,0.4688,0.0000,0.3125,crystalline,0,49.002,30.0
204,5.518,0.0441,0.0000,0.0588,0.0784,amorphous,0,27.580,6.0
205,21.000,0.2739,0.3261,0.1957,0.3043,crystalline,0,43.371,30.0
206,24.113,0.2000,0.3750,0.0000,0.2292,intermediate,0,45.898,30.0
207,15.954,0.1694,0.2041,0.1224,0.1837,intermediate,0,34.533,20.0
208,17.284,0.2531,0.3061,0.2245,0.2245,crystalline,0,32.896,20.0
209,24.760,0.2205,0.4103,0.0000,0.2564,intermediate,0,49.076,30.0
210,20.954,0.2437,0.3250,0.2000,0.2000,intermediate,0,58.517,30.0
211,28.428,0.2074,0.3704,0.0000,0.2593,intermediate,0,60.599,30.0
212,23.588,0.1908,0.3421,0.0000,0.2368,intermediate,0,51.502,30.0
213,30.178,0.1848,0.3043,0.0000,0.2609,intermediate,0,60.272,40.0
214,2.601,0.0424,0.0652,0.0000,0.0652,amorphous,0,35.958,6.0
215,27.780,0.2474,0.3077,0.1795,0.2564,intermediate,0,50.058,30.0
216,16.525,0.1255,0.2128,0.0000,0.1702,intermediate,0,33.857,20.0
217,2.313,0.0840,0.0851,0.0638,0.1064,amorphous,0,39.416,6.0
218,12.576,0.1319,0.2128,0.0000,0.1915,intermediate,0,29.567,20.0
219,26.893,0.3408,0.3684,0.2895,0.3684,crystalline,0,42.937,30.0
220,22.264,0.3085,0.3415,0.2683,0.3171,crystalline,0,58.770,30.0
221,8.831,0.0896,0.1667,0.0000,0.1042,amorphous,0,28.113,10.0
222,21.642,0.2500,0.2885,0.2115,0.2500,crystalline,0,36.556,30.0
223,12.256,0.1633,0.1224,0.2041,0.1633,intermediate,0,29.529,20.0
224,11.287,0.0951,0.1373,0.0000,0.1569,intermediate,0,37.064,20.0
225,9.362,0.1147,0.1765,0.0000,0.1765,intermediate,0,32.151,10.0
226,14.963,0.1962,0.2308,0.1538,0.2051,intermediate,0,48.919,20.0
227,23.410,0.1726,0.3095,0.0000,0.2143,intermediate,0,48.670,30.0
228,31.413,0.1650,0.3000,0.0000,0.2000,intermediate,0,58.921,40.0
229,26.561,0.2465,0.4651,0.0000,0.2791,intermediate,0,45.376,30.0
230,28.960,0.2111,0.3889,0.0000,0.2500,intermediate,0,47.341,30.0
231,6.455,0.0679,0.1132,0.0000,0.0943,amorphous,0,28.537,10.0
232,7.726,0.0406,0.0625,0.0000,0.0625,amorphous,0,30.493,10.0
233,18.044,0.1265,0.2041,0.0000,0.1837,intermediate,0,37.236,20.0
234,3.505,0.0617,0.0851,0.0000,0.1064,amorphous,0,27.974,6.0
235,24.179,0.2183,0.4146,0.0000,0.2439,intermediate,0,45.535,30.0
236,15.956,0.1531,0.2449,0.0000,0.2245,intermediate,0,46.000,20.0
237,16.706,0.1181,0.1915,0.0000,0.1702,intermediate,0,32.108,20.0
238,26.780,0.3069,0.4167,0.2222,0.2778,crystalline,0,42.533,30.0
239,27.625,0.1581,0.2581,0.0000,0.2258,intermediate,0,43.549,30.0
240,11.031,0.2027,0.2321,0.1786,0.1964,intermediate,0,31.312,20.0
241,31.668,0.2194,0.2222,0.1667,0.2778,intermediate,0,56.012,40.0
242,5.371,0.0787,0.1296,0.0000,0.1111,amorphous,0,26.981,6.0
243,20.068,0.1686,0.3023,0.0000,0.2093,intermediate,0,51.826,30.0
244,5.708,0.0500,0.0769,0.0000,0.0769,amorphous,0,27.986,6.0
245,3.279,0.1120,0.2000,0.0000,0.1400,intermediate,0,35.504,6.0
246,12.653,0.2000,0.3529,0.0000,0.2549,intermediate,0,31.073,20.0
247,27.962,0.1840,0.3200,0.0000,0.2400,intermediate,0,60.291,30.0
248,23.586,0.2814,0.3256,0.2791,0.2326,crystalline,0,38.488,30.0
249,27.727,0.2183,0.3667,0.0000,0.3000,intermediate,0,61.915,30.0
250,25.223,0.1395,0.2632,0.0000,0.1579,intermediate,0,53.866,30.0
251,31.443,0.2190,0.3810,0.0000,0.2857,intermediate,0,60.524,40.0
252,12.393,0.2500,0.2549,0.2745,0.2157,crystalline,0,33.003,20.0
253,18.688,0.1702,0.2885,0.0000,0.2308,intermediate,0,35.219,20.0
254,27.727,0.1182,0.1818,0.0000,0.1818,intermediate,0,43.118,30.0
255,28.714,0.2444,0.4444,0.0000,0.2963,intermediate,0,62.043,30.0
256,30.915,0.1368,0.2105,0.0000,0.2105,intermediate,0,58.792,40.0
257,26.499,0.3425,0.4500,0.2500,0.3250,crystalline,0,42.199,30.0
258,4.881,0.1065,0.1739,0.0000,0.1522,intermediate,0,42.367,6.0
259,25.981,0.2309,0.3824,0.0000,0.3235,intermediate,0,58.633,30.0
260,12.222,0.2013,0.2105,0.1842,0.2105,intermediate,0,45.980,20.0
261,29.297,0.1800,0.3000,0.0000,0.2500,intermediate,0,58.947,30.0
262,19.462,0.2354,0.2927,0.1707,0.2439,intermediate,0,56.681,20.0
263,17.221,0.2341,0.2955,0.1591,0.2500,intermediate,0,49.677,20.0
264,24.516,0.3413,0.4565,0.2391,0.3261,crystalline,0,39.272,30.0
265,31.380,0.2354,0.3333,0.1250,0.2500,intermediate,0,50.710,40.0
266,21.495,0.2696,0.3478,0.2174,0.2391,crystalline,0,35.817,30.0
267,5.894,0.0722,0.1111,0.0000,0.1111,amorphous,0,27.461,6.0
268,24.915,0.1344,0.2500,0.0000,0.1562,intermediate,0,55.145,30.0
269,2.957,0.0398,0.0612,0.0000,0.0612,amorphous,0,26.966,6.0
270,10.594,0.1370,0.2200,0.0000,0.2000,intermediate,0,31.703,20.0
271,9.050,0.0796,0.1224,0.0000,0.1224,intermediate,0,42.248,10.0
272,18.544,0.1815,0.2174,0.1522,0.1739,intermediate,0,39.703,20.0
273,20.975,0.1553,0.2979,0.0000,0.1702,intermediate,0,42.275,30.0
274,9.865,0.0846,0.1026,0.0513,0.1026,amorphous,0,47.903,10.0
275,16.950,0.1134,0.1220,0.0976,0.1220,intermediate,0,53.978,20.0
276,9.786,0.1804,0.1957,0.1522,0.1957,intermediate,0,45.466,10.0
277,26.322,0.2259,0.3793,0.0000,0.3103,intermediate,0,61.995,30.0
278,22.894,0.1412,0.2353,0.0000,0.1961,intermediate,0,37.364,30.0
279,30.885,0.2643,0.4286,0.0000,0.3810,crystalline,0,61.961,40.0
280,10.565,0.0707,0.1087,0.0000,0.1087,amorphous,0,39.591,20.0
281,20.870,0.1717,0.3043,0.0000,0.2174,intermediate,0,34.071,30.0
282,7.404,0.0929,0.1429,0.0000,0.1429,intermediate,0,26.120,10.0
283,28.171,0.2303,0.4242,0.0000,0.2727,intermediate,0,51.186,30.0
284,7.935,0.0780,0.0800,0.0400,0.1200,amorphous,0,33.514,10.0
285,26.738,0.1875,0.3214,0.0000,0.2500,intermediate,0,60.267,30.0
286,11.661,0.2735,0.3265,0.2449,0.2449,crystalline,0,34.420,20.0
287,31.252,0.1714,0.2857,0.0000,0.2381,intermediate,0,57.292,40.0
288,17.241,0.1118,0.1842,0.0000,0.1579,intermediate,0,55.446,20.0
289,23.674,0.2489,0.4444,0.0000,0.3111,intermediate,0,43.106,30.0
290,24.028,0.1792,0.3333,0.0000,0.2083,intermediate,0,41.506,30.0
291,28.628,0.2464,0.4286,0.0000,0.3214,intermediate,0,58.811,30.0
292,9.620,0.0796,0.1224,0.0000,0.1224,intermediate,0,34.214,10.0
293,13.752,0.1033,0.2000,0.0000,0.1111,amorphous,0,28.232,20.0
294,13.848,0.1385,0.2308,0.0000,0.1923,intermediate,0,43.966,20.0
295,12.744,0.2330,0.2857,0.1964,0.2143,intermediate,0,31.903,20.0
296,9.797,0.0867,0.1333,0.0000,0.1333,intermediate,0,42.662,10.0
297,4.642,0.0670,0.0800,0.0600,0.0600,amorphous,0,31.259,6.0
298,28.100,0.1786,0.3143,0.0000,0.2286,intermediate,0,43.059,30.0
299,24.831,0.2330,0.4468,0.0000,0.2553,intermediate,0,41.277,30.0
300,17.340,0.2163,0.2609,0.1522,0.2391,intermediate,0,46.613,20.0
301,10.453,0.1580,0.2800,0.0000,0.2000,intermediate,0,28.450,20.0
302,15.208,0.1011,0.1556,0.0000,0.1556,intermediate,0,40.635,20.0
303,9.993,0.1491,0.2456,0.0000,0.2105,intermediate,0,29.162,10.0
304,8.844,0.0802,0.1321,0.0000,0.1132,amorphous,0,29.036,10.0
305,10.437,0.1214,0.2245,0.0000,0.1429,intermediate,0,29.841,20.0
306,13.222,0.1612,0.2857,0.0000,0.2041,intermediate,0,30.663,20.0
307,7.371,0.1038,0.1509,0.0000,0.1698,intermediate,0,31.434,10.0
308,14.597,0.0793,0.1220,0.0000,0.1220,intermediate,0,52.393,20.0
309,21.074,0.2202,0.2619,0.1429,0.2619,intermediate,0,55.165,30.0
310,20.234,0.2298,0.2857,0.1667,0.2381,intermediate,0,44.538,30.0
311,3.434,0.0602,0.1020,0.0000,0.0816,amorphous,0,37.445,6.0
312,25.988,0.2306,0.3548,0.0000,0.3548,intermediate,0,61.589,30.0
313,13.992,0.1147,0.1765,0.0000,0.1765,intermediate,0,38.002,20.0
314,18.415,0.1311,0.2222,0.0000,0.1778,intermediate,0,34.797,20.0
315,23.791,0.1614,0.3143,0.0000,0.1714,intermediate,0,53.467,30.0
316,7.507,0.1284,0.2157,0.0000,0.1765,intermediate,0,35.689,10.0
317,16.097,0.2110,0.3800,0.0000,0.2600,intermediate,0,29.516,20.0
318,24.346,0.2444,0.2667,0.2222,0.2444,intermediate,0,37.168,30.0
319,7.311,0.0992,0.1525,0.0000,0.1525,intermediate,0,31.034,10.0
320,6.028,0.0959,0.1429,0.0612,0.0816,amorphous,0,39.220,6.0
321,29.429,0.1150,0.2000,0.0000,0.1500,intermediate,0,58.501,30.0
322,9.000,0.0576,0.0652,0.0435,0.0652,amorphous,0,30.170,10.0
323,28.690,0.2786,0.4286,0.0000,0.4286,crystalline,0,63.348,30.0
324,8.372,0.1276,0.2245,0.0000,0.1633,intermediate,0,39.295,10.0
325,5.600,0.0858,0.1321,0.0000,0.1321,intermediate,0,25.774,6.0
326,5.586,0.0433,0.0667,0.0000,0.0667,amorphous,0,38.783,6.0
327,19.751,0.1313,0.2250,0.0000,0.1750,intermediate,0,55.209,20.0
328,22.122,0.1576,0.2826,0.0000,0.1957,intermediate,0,39.452,30.0
329,15.273,0.2814,0.3333,0.2353,0.2745,crystalline,0,28.950,20.0
330,6.727,0.0531,0.0625,0.0000,0.1042,amorphous,0,35.593,10.0
331,17.568,0.1475,0.2500,0.0000,0.2000,intermediate,0,41.633,20.0
332,28.968,0.2867,0.5333,0.0000,0.3333,crystalline,0,48.859,30.0
333,6.298,0.0146,0.0000,0.0417,0.0000,amorphous,0,32.495,6.0
334,21.843,0.1806,0.3061,0.0000,0.2449,intermediate,0,37.167,30.0
335,18.657,0.1745,0.3061,0.0000,0.2245,intermediate,0,37.284,20.0
336,32.265,0.2705,0.5000,0.0000,0.3182,crystalline,0,51.092,40.0
337,26.880,0.2512,0.4524,0.0000,0.3095,crystalline,0,42.949,30.0
338,2.429,0.0296,0.0000,0.0370,0.0556,amorphous,0,26.977,6.0
339,15.055,0.0958,0.1667,0.0000,0.1250,intermediate,0,37.971,20.0
340,16.719,0.1359,0.2391,0.0000,0.1739,intermediate,0,31.185,20.0
341,21.269,0.3198,0.3958,0.2500,0.3125,crystalline,0,33.466,30.0
342,13.218,0.0885,0.1458,0.0000,0.1250,intermediate,0,35.128,20.0
343,4.302,0.1764,0.2182,0.1455,0.1636,intermediate,0,33.499,6.0
344,9.081,0.0679,0.1132,0.0000,0.0943,amorphous,0,28.322,10.0
345,6.407,0.0580,0.0893,0.0000,0.0893,amorphous,0,26.791,10.0
346,27.864,0.2225,0.4000,0.0000,0.2750,intermediate,0,46.462,30.0
347,27.202,0.1971,0.3429,0.0000,0.2571,intermediate,0,40.220,30.0
348,19.843,0.2425,0.2750,0.2250,0.2250,intermediate,0,58.013,20.0
349,25.507,0.0923,0.1538,0.0000,0.1282,intermediate,0,38.137,30.0
350,19.641,0.1781,0.3125,0.0000,0.2292,intermediate,0,31.888,20.0
351,8.242,0.0520,0.0980,0.0000,0.0588,amorphous,0,26.965,10.0
352,17.846,0.1905,0.2381,0.1429,0.1905,intermediate,0,52.106,20.0
353,10.266,0.0833,0.1282,0.0000,0.1282,intermediate,0,46.659,20.0
354,27.356,0.2345,0.3448,0.0000,0.3793,intermediate,0,63.717,30.0
355,26.438,0.3194,0.3548,0.2258,0.3871,crystalline,0,63.444,30.0
356,16.529,0.1480,0.2653,0.0000,0.1837,intermediate,0,31.681,20.0
357,4.880,0.0314,0.0000,0.0392,0.0588,amorphous,0,28.358,6.0
358,8.784,0.1346,0.1346,0.1346,0.1346,intermediate,0,26.308,10.0
359,23.424,0.3103,0.4103,0.2564,0.2564,crystalline,0,60.096,30.0
360,21.135,0.1863,0.3137,0.0000,0.2549,intermediate,0,33.160,30.0
361,17.873,0.1698,0.2708,0.0000,0.2500,intermediate,0,35.316,20.0
362,9.961,0.0413,0.0000,0.0435,0.0870,amorphous,0,35.189,20.0
363,31.381,0.2788,0.3462,0.1538,0.3462,crystalline,0,46.411,40.0
364,20.613,0.2474,0.3421,0.1842,0.2105,intermediate,0,56.658,30.0
365,30.957,0.1554,0.1786,0.1429,0.1429,intermediate,0,52.533,40.0
366,21.840,0.2023,0.3636,0.0000,0.2500,intermediate,0,39.425,30.0
367,10.691,0.0920,0.1600,0.0000,0.1200,intermediate,0,25.471,20.0
368,26.882,0.2650,0.5000,0.0000,0.3000,crystalline,0,45.164,30.0
369,23.890,0.1645,0.2895,0.0000,0.2105,intermediate,0,55.043,30.0
370,16.080,0.1577,0.2692,0.0000,0.2115,intermediate,0,32.469,20.0
371,27.293,0.2286,0.4286,0.0000,0.2619,intermediate,0,43.734,30.0
372,24.358,0.2152,0.3913,0.0000,0.2609,intermediate,0,40.179,30.0
373,20.812,0.1490,0.2745,0.0000,0.1765,intermediate,0,37.042,30.0
374,20.468,0.1605,0.2791,0.0000,0.2093,intermediate,0,47.219,30.0
375,8.461,0.0616,0.1163,0.0000,0.0698,amorphous,0,44.873,10.0
376,14.188,0.1010,0.1458,0.0000,0.1667,intermediate,0,27.153,20.0
377,7.765,0.0567,0.0962,0.0000,0.0769,amorphous,0,24.331,10.0
378,27.173,0.2019,0.3462,0.0000,0.2692,intermediate,0,59.896,30.0
379,18.743,0.2827,0.3462,0.2308,0.2692,crystalline,0,30.220,20.0
380,26.721,0.1643,0.2857,0.0000,0.2143,intermediate,0,39.416,30.0
381,14.345,0.2558,0.2791,0.2326,0.2558,crystalline,0,46.394,20.0
382,19.748,0.1635,0.2708,0.0000,0.2292,intermediate,0,32.566,20.0
383,22.648,0.1562,0.2500,0.0000,0.2292,intermediate,0,33.858,30.0
384,28.419,0.1581,0.2581,0.0000,0.2258,intermediate,0,54.154,30.0
385,12.745,0.2260,0.2885,0.1923,0.1923,intermediate,0,26.847,20.0
386,30.411,0.2565,0.4348,0.0000,0.3478,crystalline,0,63.577,40.0
387,7.690,0.0491,0.0755,0.0000,0.0755,amorphous,0,28.606,10.0
388,22.018,0.2381,0.3095,0.1667,0.2381,intermediate,0,55.215,30.0
389,2.328,0.0275,0.0784,0.0000,0.0000,amorphous,0,22.590,6.0
390,7.591,0.0972,0.1667,0.0000,0.1296,intermediate,0,26.847,10.0
391,18.534,0.1255,0.2128,0.0000,0.1702,intermediate,0,32.991,20.0
392,28.479,0.1500,0.2500,0.0000,0.2083,intermediate,0,58.478,30.0
393,24.180,0.2333,0.4167,0.0000,0.2917,intermediate,0,38.609,30.0
394,22.179,0.1924,0.3261,0.0000,0.2609,intermediate,0,35.690,30.0
395,27.020,0.2529,0.4286,0.0000,0.3429,crystalline,0,60.026,30.0
396,9.453,0.0894,0.1277,0.0000,0.1489,intermediate,0,25.018,10.0
397,15.632,0.1456,0.2444,0.0000,0.2000,intermediate,0,48.502,20.0
398,24.982,0.2522,0.4783,0.0000,0.2826,crystalline,0,36.570,30.0
399,31.730,0.2138,0.3448,0.0000,0.3103,intermediate,0,47.952,40.0
400,25.164,0.2449,0.4359,0.0000,0.3077,intermediate,0,60.116,30.0
401,13.286,0.0929,0.1429,0.0000,0.1429,intermediate,0,50.390,20.0
402,13.556,0.2160,0.2264,0.2453,0.1698,intermediate,0,30.441,20.0
403,16.539,0.1635,0.2708,0.0000,0.2292,intermediate,0,33.007,20.0
404,17.929,0.0923,0.1538,0.0000,0.1282,intermediate,0,56.281,20.0
405,11.064,0.2882,0.3333,0.2549,0.2745,crystalline,0,35.151,20.0
406,25.470,0.2483,0.4138,0.0000,0.3448,intermediate,0,61.598,30.0
407,18.545,0.1793,0.2439,0.1220,0.1707,intermediate,0,43.681,20.0
408,15.907,0.1427,0.2292,0.0000,0.2083,intermediate,0,50.005,20.0
409,24.319,0.1870,0.3800,0.0000,0.1800,intermediate,0,42.261,30.0
410,18.409,0.1779,0.2093,0.1395,0.1860,intermediate,0,49.147,20.0
411,14.026,0.2618,0.3137,0.2157,0.2549,crystalline,0,28.267,20.0
412,29.143,0.2581,0.4595,0.0000,0.3243,crystalline,0,42.766,30.0
413,25.588,0.2245,0.4043,0.0000,0.2766,intermediate,0,39.266,30.0
414,20.122,0.1255,0.2128,0.0000,0.1702,intermediate,0,36.076,20.0
415,25.453,0.3453,0.4062,0.3125,0.3125,crystalline,0,63.258,30.0
416,23.735,0.1872,0.3590,0.0000,0.2051,intermediate,0,45.072,30.0
417,7.845,0.0619,0.0952,0.0000,0.0952,amorphous,0,41.633,10.0
418,3.135,0.0673,0.1154,0.0769,0.0000,amorphous,0,23.170,6.0
419,3.748,0.0433,0.0667,0.0000,0.0667,amorphous,0,24.409,6.0
420,22.442,0.3044,0.3778,0.2444,0.2889,crystalline,0,60.156,30.0
421,17.747,0.0818,0.1364,0.0000,0.1136,amorphous,0,53.816,20.0
422,31.388,0.3333,0.3810,0.2857,0.3333,crystalline,0,59.104,40.0
423,26.716,0.3237,0.3684,0.2632,0.3421,crystalline,0,37.611,30.0
424,21.260,0.2500,0.2750,0.2250,0.2500,crystalline,0,59.657,30.0
425,28.112,0.0839,0.1290,0.0000,0.1290,intermediate,0,39.452,30.0
426,6.159,0.0735,0.1224,0.0000,0.1020,amorphous,0,25.617,10.0
427,26.779,0.1329,0.2571,0.0000,0.1429,intermediate,0,49.086,30.0
428,5.990,0.0650,0.1000,0.0000,0.1000,amorphous,0,30.186,10.0
429,32.424,0.2789,0.5263,0.0000,0.3158,crystalline,0,48.722,40.0
430,23.964,0.1365,0.2292,0.0000,0.1875,intermediate,0,34.227,30.0
431,24.451,0.2795,0.3182,0.2273,0.2955,crystalline,0,34.342,30.0
432,11.427,0.1640,0.2800,0.0000,0.2200,intermediate,0,25.963,20.0
433,7.226,0.1153,0.1429,0.0816,0.1224,intermediate,0,28.724,10.0
434,10.092,0.1177,0.1250,0.1042,0.1250,intermediate,0,31.830,20.0
435,32.233,0.3022,0.5652,0.0000,0.3478,crystalline,0,50.937,40.0
436,2.506,0.0314,0.0000,0.0392,0.0588,amorphous,0,26.333,6.0
437,31.900,0.1795,0.3182,0.0000,0.2273,intermediate,0,45.166,40.0
438,23.067,0.1962,0.3250,0.0000,0.2750,intermediate,0,49.248,30.0
439,26.673,0.2452,0.4516,0.0000,0.2903,intermediate,0,48.914,30.0
440,13.931,0.0800,0.1333,0.0000,0.1111,amorphous,0,46.270,20.0
441,15.687,0.1320,0.2400,0.0000,0.1600,intermediate,0,41.596,20.0
442,5.376,0.0821,0.1132,0.0566,0.0755,amorphous,0,22.302,6.0
443,19.120,0.2314,0.2558,0.1860,0.2558,intermediate,0,29.821,20.0
444,31.144,0.2074,0.3704,0.0000,0.2593,intermediate,0,45.557,40.0
445,8.833,0.0702,0.1277,0.0000,0.0851,amorphous,0,41.579,10.0
446,18.197,0.1707,0.2826,0.0000,0.2391,intermediate,0,36.129,20.0
447,10.186,0.1415,0.2264,0.0000,0.2075,intermediate,0,37.316,20.0
448,21.258,0.3000,0.3958,0.2292,0.2708,crystalline,0,30.714,30.0
449,22.833,0.2360,0.3953,0.0000,0.3256,intermediate,0,45.603,30.0
450,22.874,0.1382,0.2368,0.0000,0.1842,intermediate,0,54.979,30.0
451,17.586,0.1250,0.2143,0.0000,0.1667,intermediate,0,33.673,20.0
452,4.635,0.0557,0.0943,0.0000,0.0755,amorphous,0,26.155,6.0
453,25.766,0.2838,0.3529,0.2059,0.2941,crystalline,0,51.337,30.0
454,27.052,0.3355,0.5000,0.2105,0.2895,crystalline,0,42.803,30.0
455,3.065,0.0590,0.1000,0.0000,0.0800,amorphous,0,23.197,6.0
456,31.200,0.2019,0.3462,0.0000,0.2692,intermediate,0,43.554,40.0
457,24.349,0.3283,0.4565,0.2391,0.2826,crystalline,0,34.072,30.0
458,2.975,0.0510,0.0625,0.0833,0.0000,amorphous,0,23.438,6.0
459,30.626,0.2774,0.5161,0.0000,0.3226,crystalline,0,45.024,40.0
460,29.418,0.1547,0.2812,0.0000,0.1875,intermediate,0,49.333,30.0
461,10.753,0.0766,0.1277,0.0000,0.1064,amorphous,0,33.734,20.0
462,24.216,0.3081,0.3784,0.2703,0.2703,crystalline,0,33.715,30.0
463,5.796,0.0564,0.0638,0.0426,0.0638,amorphous,0,34.351,6.0
464,9.381,0.1057,0.1887,0.0000,0.1321,intermediate,0,28.977,10.0
465,31.313,0.1761,0.2174,0.1739,0.1304,intermediate,0,53.780,40.0
466,16.919,0.1354,0.2083,0.0000,0.2083,intermediate,0,38.525,20.0
467,12.891,0.0988,0.1628,0.0000,0.1395,intermediate,0,42.437,20.0
468,6.917,0.0720,0.1200,0.0000,0.1000,amorphous,0,21.937,10.0
469,28.063,0.3897,0.4483,0.3103,0.4138,crystalline,0,65.054,30.0
470,27.369,0.1200,0.1714,0.0000,0.2000,intermediate,0,37.310,30.0
471,22.197,0.2500,0.4286,0.0000,0.3333,crystalline,0,43.267,30.0
472,10.456,0.0885,0.1458,0.0000,0.1250,intermediate,0,41.776,20.0
473,13.510,0.2735,0.3265,0.2449,0.2449,crystalline,0,29.949,20.0
474,6.025,0.1130,0.1400,0.0800,0.1200,intermediate,0,38.335,6.0
475,7.937,0.1229,0.2083,0.0000,0.1667,intermediate,0,25.004,10.0
476,16.203,0.1864,0.3182,0.0000,0.2500,intermediate,0,30.116,20.0
477,6.745,0.0443,0.0682,0.0000,0.0682,amorphous,0,27.631,10.0
478,22.554,0.3196,0.4130,0.2391,0.3043,crystalline,0,37.072,30.0
479,25.048,0.3776,0.5263,0.2368,0.3684,crystalline,0,45.347,30.0
480,10.344,0.0520,0.0800,0.0000,0.0800,amorphous,0,35.568,20.0
481,13.417,0.0848,0.1304,0.0000,0.1304,intermediate,0,32.369,20.0
482,10.866,0.1779,0.3269,0.0000,0.2115,intermediate,0,27.133,20.0
483,25.533,0.3844,0.4375,0.3125,0.4062,crystalline,0,62.988,30.0
484,10.395,0.0944,0.1556,0.0000,0.1333,intermediate,0,44.736,20.0
485,13.371,0.1489,0.2391,0.0000,0.2174,intermediate,0,44.265,20.0
486,5.623,0.0875,0.1346,0.0000,0.1346,intermediate,0,27.533,6.0
487,7.722,0.0440,0.0000,0.0400,0.1000,amorphous,0,30.670,10.0
488,20.748,0.2953,0.3721,0.2326,0.2791,crystalline,0,43.510,30.0
489,12.804,0.1565,0.2609,0.0000,0.2174,intermediate,0,40.638,20.0
490,27.114,0.2221,0.3824,0.0000,0.2941,intermediate,0,55.574,30.0
491,10.541,0.0578,0.0889,0.0000,0.0889,amorphous,0,44.423,20.0
492,9.470,0.0773,0.1273,0.0000,0.1091,amorphous,0,26.465,10.0
493,27.235,0.2360,0.4000,0.0000,0.3200,intermediate,0,60.216,30.0
494,5.024,0.1481,0.2453,0.0000,0.2075,intermediate,0,33.965,6.0
495,4.494,0.1040,0.1600,0.0000,0.1600,intermediate,0,21.218,6.0
496,30.030,0.3106,0.3636,0.2121,0.3636,crystalline,0,40.820,40.0
497,4.226,0.0655,0.1091,0.0000,0.0909,amorphous,0,21.704,6.0
498,16.981,0.1565,0.2609,0.0000,0.2174,intermediate,0,29.301,20.0
499,20.703,0.2955,0.3182,0.2727,0.2955,crystalline,0,58.373,30.0
500,19.391,0.1337,0.2245,0.0000,0.1837,intermediate,0,31.854,20.0
501,17.796,0.2840,0.3396,0.2453,0.2642,crystalline,0,26.691,20.0
502,29.648,0.2620,0.4400,0.0000,0.3600,crystalline,0,51.028,30.0
503,31.089,0.2833,0.4167,0.0000,0.4583,crystalline,0,64.985,40.0
504,13.849,0.1456,0.2444,0.0000,0.2000,intermediate,0,25.232,20.0
505,8.596,0.0962,0.1154,0.0769,0.0962,amorphous,0,23.978,10.0
506,29.351,0.2788,0.5000,0.0000,0.3462,crystalline,0,65.073,30.0
507,9.366,0.1161,0.1864,0.0000,0.1695,intermediate,0,24.006,10.0
508,9.590,0.0807,0.1136,0.0000,0.1364,amorphous,0,37.914,10.0
509,29.827,0.4020,0.4800,0.3600,0.3600,crystalline,0,60.552,30.0
510,5.418,0.1144,0.1346,0.0769,0.1346,intermediate,0,22.773,6.0
511,8.491,0.1088,0.1765,0.0000,0.1569,intermediate,0,26.270,10.0
512,11.552,0.0925,0.1509,0.0000,0.1321,intermediate,0,34.778,20.0
513,4.265,0.1010,0.1458,0.0000,0.1667,intermediate,0,22.499,6.0
514,14.225,0.1707,0.2826,0.0000,0.2391,intermediate,0,27.662,20.0
515,23.026,0.1553,0.2632,0.0000,0.2105,intermediate,0,51.596,30.0
516,16.686,0.2686,0.3333,0.2157,0.2549,crystalline,0,26.070,20.0
517,23.819,0.2098,0.4130,0.0000,0.2174,intermediate,0,37.611,30.0
518,8.733,0.0542,0.0833,0.0000,0.0833,amorphous,0,32.853,10.0
519,26.521,0.2283,0.3667,0.0000,0.3333,intermediate,0,61.544,30.0
520,21.483,0.3085,0.3415,0.2683,0.3171,crystalline,0,56.705,30.0
521,22.185,0.1686,0.3137,0.0000,0.1961,intermediate,0,30.290,30.0
522,26.904,0.2526,0.4737,0.0000,0.2895,crystalline,0,40.954,30.0
523,13.731,0.0929,0.1429,0.0000,0.1429,intermediate,0,23.345,20.0
524,20.148,0.1773,0.2727,0.0000,0.2727,intermediate,0,45.925,30.0
525,18.080,0.0793,0.1220,0.0000,0.1220,intermediate,0,54.731,20.0
526,5.218,0.1482,0.1607,0.1250,0.1607,intermediate,0,23.468,6.0
527,1.874,0.1235,0.1373,0.0980,0.1373,intermediate,0,20.409,6.0
528,13.030,0.0663,0.1250,0.0000,0.0750,amorphous,0,48.622,20.0
529,11.957,0.2453,0.2830,0.2075,0.2453,intermediate,0,27.643,20.0
530,29.863,0.1211,0.2105,0.0000,0.1579,intermediate,0,58.445,30.0
531,15.574,0.0776,0.1316,0.0000,0.1053,amorphous,0,51.923,20.0
532,27.168,0.2500,0.4000,0.0000,0.3667,intermediate,0,65.169,30.0
533,29.593,0.2038,0.3846,0.0000,0.2308,intermediate,0,55.411,30.0
534,22.584,0.2978,0.4130,0.1957,0.2826,crystalline,0,32.972,30.0
535,24.800,0.3914,0.5429,0.2571,0.3714,crystalline,0,42.976,30.0
536,19.496,0.2827,0.3269,0.2500,0.2692,crystalline,0,27.274,20.0
537,32.283,0.2568,0.5000,0.0000,0.2727,crystalline,0,48.570,40.0
538,13.971,0.0670,0.1136,0.0000,0.0909,amorphous,0,47.643,20.0
539,28.916,0.2544,0.5000,0.0000,0.2647,crystalline,0,39.905,30.0
540,3.736,0.1000,0.1739,0.0000,0.1304,intermediate,0,33.654,6.0
541,4.340,0.1000,0.1489,0.0638,0.0851,amorphous,0,32.520,6.0
542,26.263,0.3900,0.4286,0.3429,0.4000,crystalline,0,64.647,30.0
543,20.106,0.3356,0.4444,0.2667,0.2889,crystalline,0,39.604,30.0
544,18.684,0.1458,0.1667,0.1250,0.1458,intermediate,0,49.842,20.0
545,23.340,0.1725,0.2745,0.0000,0.2549,intermediate,0,30.899,30.0
546,13.980,0.1556,0.1778,0.1333,0.1556,intermediate,0,29.827,20.0
547,4.880,0.0745,0.0816,0.0612,0.0816,amorphous,0,28.053,6.0
548,2.703,0.0637,0.0980,0.0000,0.0980,amorphous,0,29.214,6.0
549,8.991,0.0464,0.0714,0.0000,0.0714,amorphous,0,27.800,10.0
550,6.555,0.1239,0.1739,0.0870,0.1087,amorphous,0,20.621,10.0
551,8.697,0.1024,0.1190,0.0714,0.1190,amorphous,0,21.013,10.0
552,20.936,0.1393,0.2143,0.0000,0.2143,intermediate,0,49.588,30.0
553,30.072,0.2565,0.4348,0.0000,0.3478,crystalline,0,48.735,40.0
554,11.230,0.1228,0.2391,0.0000,0.1304,intermediate,0,22.432,20.0
555,30.144,0.2697,0.4848,0.0000,0.3333,crystalline,0,44.394,40.0
556,17.888,0.1193,0.2045,0.0000,0.1591,intermediate,0,42.958,20.0
557,25.865,0.3500,0.4762,0.2381,0.3333,crystalline,0,39.144,30.0
558,18.640,0.2913,0.3696,0.2391,0.2609,crystalline,0,39.945,20.0
559,18.704,0.1225,0.2000,0.0000,0.1750,intermediate,0,56.127,20.0
560,5.904,0.0736,0.1132,0.0000,0.1132,amorphous,0,22.610,6.0
561,21.547,0.2037,0.3250,0.0000,0.3000,intermediate,0,59.802,30.0
562,32.217,0.3500,0.4211,0.2632,0.3684,crystalline,0,60.421,40.0
563,19.329,0.1815,0.2391,0.1304,0.1739,intermediate,0,27.085,20.0
564,27.807,0.2872,0.5128,0.0000,0.3590,crystalline,0,37.141,30.0
565,8.301,0.0511,0.0889,0.0000,0.0667,amorphous,0,37.867,10.0
566,28.272,0.1562,0.2750,0.0000,0.2000,intermediate,0,37.098,30.0
567,22.840,0.1717,0.3043,0.0000,0.2174,intermediate,0,29.897,30.0
568,25.394,0.1243,0.2162,0.0000,0.1622,intermediate,0,50.553,30.0
569,17.085,0.0805,0.1463,0.0000,0.0976,amorphous,0,53.015,20.0
570,28.016,0.2338,0.4595,0.0000,0.2432,intermediate,0,42.814,30.0
571,25.927,0.1764,0.2778,0.0833,0.1667,intermediate,0,47.910,30.0
572,15.859,0.2052,0.3542,0.0000,0.2708,intermediate,0,25.544,20.0
573,12.188,0.0910,0.1400,0.0000,0.1400,intermediate,0,27.940,20.0
574,27.272,0.2829,0.5366,0.0000,0.3171,crystalline,0,39.129,30.0
575,30.533,0.2984,0.5484,0.0000,0.3548,crystalline,0,44.862,40.0
576,21.078,0.1402,0.2157,0.0000,0.2157,intermediate,0,29.703,30.0
577,17.540,0.3277,0.4043,0.2766,0.2979,crystalline,0,37.521,20.0
578,3.593,0.1740,0.2000,0.1600,0.1600,intermediate,0,21.904,6.0
579,6.862,0.0444,0.0444,0.0444,0.0444,amorphous,0,29.896,10.0
580,26.969,0.2897,0.5000,0.0000,0.3824,crystalline,0,61.491,30.0
581,15.715,0.3280,0.4000,0.2800,0.3000,crystalline,0,30.803,20.0
582,24.290,0.1908,0.3421,0.0000,0.2368,intermediate,0,56.493,30.0
583,6.596,0.1283,0.2174,0.0000,0.1739,intermediate,0,36.281,10.0
584,21.186,0.1487,0.2750,0.0000,0.1750,intermediate,0,40.841,30.0
585,6.553,0.0833,0.0833,0.0833,0.0833,amorphous,0,22.514,10.0
586,13.946,0.3286,0.3878,0.3061,0.2857,crystalline,0,33.157,20.0
587,7.170,0.1340,0.1600,0.1200,0.1200,intermediate,0,22.499,10.0
588,9.796,0.0977,0.1818,0.0000,0.1136,amorphous,0,30.819,10.0
589,14.110,0.0737,0.1250,0.0000,0.1000,amorphous,0,49.272,20.0
590,10.617,0.1480,0.2549,0.0000,0.1961,intermediate,0,21.854,20.0
591,28.091,0.3000,0.5294,0.0000,0.3824,crystalline,0,45.048,30.0
592,8.537,0.2337,0.2609,0.2391,0.1957,intermediate,0,35.786,10.0
593,22.005,0.1922,0.3778,0.0000,0.2000,intermediate,0,30.451,30.0
594,9.331,0.1043,0.1702,0.0000,0.1489,intermediate,0,20.457,10.0
595,19.950,0.3424,0.4565,0.2609,0.3043,crystalline,0,37.218,20.0
596,27.087,0.2357,0.4286,0.0000,0.2857,intermediate,0,36.954,30.0
597,26.649,0.2641,0.5128,0.0000,0.2821,crystalline,0,40.164,30.0
598,24.214,0.1310,0.2200,0.0000,0.1800,intermediate,0,31.302,30.0
599,8.591,0.2198,0.2453,0.1887,0.2264,intermediate,0,29.806,10.0
600,19.204,0.2409,0.2955,0.1591,0.2727,intermediate,0,31.380,20.0
601,16.605,0.0769,0.1026,0.0513,0.0769,amorphous,0,52.885,20.0
602,21.496,0.1250,0.2143,0.0000,0.1667,intermediate,0,56.715,30.0
603,11.346,0.1890,0.3000,0.0000,0.2800,intermediate,0,24.739,20.0
604,24.519,0.3275,0.4500,0.2500,0.2750,crystalline,0,61.622,30.0
605,7.527,0.1102,0.1633,0.0816,0.0816,amorphous,0,20.342,10.0
606,13.269,0.0667,0.1333,0.0000,0.0667,amorphous,0,44.263,20.0
607,14.941,0.1114,0.1818,0.0000,0.1591,intermediate,0,46.679,20.0
608,17.742,0.2847,0.3061,0.2449,0.3061,crystalline,0,30.950,20.0
609,23.097,0.3915,0.5366,0.2683,0.3659,crystalline,0,39.286,30.0
610,18.775,0.2702,0.3191,0.2340,0.2553,crystalline,0,43.790,20.0
611,7.239,0.0628,0.1064,0.0000,0.0851,amorphous,0,23.985,10.0
612,21.068,0.1575,0.3000,0.0000,0.1750,intermediate,0,31.950,30.0
613,4.929,0.0314,0.0000,0.0392,0.0588,amorphous,0,27.194,6.0
614,8.617,0.0812,0.1250,0.0000,0.1250,intermediate,0,28.126,10.0
615,21.872,0.3013,0.3500,0.2750,0.2750,crystalline,0,58.089,30.0
616,23.240,0.2708,0.3750,0.1667,0.2708,crystalline,0,34.877,30.0
617,22.446,0.1302,0.2326,0.0000,0.1628,intermediate,0,35.827,30.0
618,28.041,0.1914,0.3103,0.0000,0.2759,intermediate,0,34.976,30.0
619,29.425,0.2781,0.5000,0.0000,0.3438,crystalline,0,41.846,30.0
620,16.334,0.1314,0.1628,0.0930,0.1395,intermediate,0,44.924,20.0
621,29.747,0.0839,0.1290,0.0000,0.1290,intermediate,0,37.291,30.0
622,12.200,0.1630,0.2609,0.0000,0.2391,intermediate,0,23.929,20.0
623,15.755,0.1512,0.1905,0.1190,0.1429,intermediate,0,23.538,20.0
624,7.369,0.1000,0.1455,0.0000,0.1636,intermediate,0,20.820,10.0
625,15.469,0.0449,0.1282,0.0000,0.0000,amorphous,0,49.690,20.0
626,12.468,0.1053,0.1915,0.0000,0.1277,intermediate,0,24.328,20.0
627,7.783,0.0250,0.0714,0.0000,0.0000,amorphous,0,28.463,10.0
628,31.617,0.2500,0.5000,0.0000,0.2500,crystalline,0,42.605,40.0
629,7.243,0.0852,0.1481,0.0000,0.1111,amorphous,0,20.945,10.0
630,17.296,0.1333,0.2381,0.0000,0.1667,intermediate,0,39.007,20.0
631,22.166,0.2707,0.3913,0.1957,0.2174,crystalline,0,33.499,30.0
632,10.335,0.0390,0.0600,0.0000,0.0600,amorphous,0,40.655,20.0
633,23.724,0.2149,0.2703,0.1351,0.2432,intermediate,0,54.813,30.0
634,26.114,0.2679,0.4286,0.0000,0.3929,crystalline,0,63.332,30.0
635,16.879,0.2796,0.3265,0.2449,0.2653,crystalline,0,37.838,20.0
636,11.929,0.0690,0.0952,0.0000,0.1190,amorphous,0,21.346,20.0
637,21.260,0.1449,0.2821,0.0000,0.1538,intermediate,0,43.578,30.0
638,4.057,0.0775,0.1373,0.0000,0.0980,amorphous,0,21.837,6.0
639,22.018,0.2194,0.3889,0.0000,0.2778,intermediate,0,59.778,30.0
640,19.725,0.0812,0.1250,0.0000,0.1250,intermediate,0,51.626,20.0
641,26.083,0.2653,0.4722,0.0000,0.3333,crystalline,0,61.828,30.0
642,8.199,0.2510,0.2857,0.2041,0.2653,crystalline,0,31.941,10.0
643,9.618,0.1039,0.1176,0.0784,0.1176,amorphous,0,22.681,10.0
644,12.599,0.1427,0.2292,0.0000,0.2083,intermediate,0,38.513,20.0
645,12.019,0.2245,0.2449,0.2041,0.2245,intermediate,0,37.982,20.0
646,31.230,0.2633,0.4667,0.0000,0.3333,crystalline,0,68.202,40.0
647,20.548,0.1404,0.2553,0.0000,0.1702,intermediate,0,29.129,30.0
648,25.892,0.1812,0.3250,0.0000,0.2250,intermediate,0,31.493,30.0
649,17.342,0.2750,0.3043,0.2391,0.2826,crystalline,0,40.146,20.0
650,9.678,0.0867,0.1333,0.0000,0.1333,intermediate,0,31.796,10.0
651,2.311,0.0740,0.1042,0.0000,0.1250,amorphous,0,23.087,6.0
652,9.269,0.0939,0.1633,0.0000,0.1224,intermediate,0,39.399,10.0
653,28.693,0.1477,0.2273,0.0000,0.2273,intermediate,0,59.925,30.0
654,23.422,0.1841,0.3171,0.0000,0.2439,intermediate,0,56.847,30.0
655,7.273,0.1610,0.2000,0.1400,0.1400,intermediate,0,22.970,10.0
656,19.048,0.0923,0.1538,0.0000,0.1282,intermediate,0,45.568,20.0
657,6.477,0.2019,0.2264,0.1887,0.1887,intermediate,0,22.664,10.0
658,20.745,0.1852,0.2955,0.0000,0.2727,intermediate,0,34.196,30.0
659,29.988,0.1368,0.2105,0.0000,0.2105,intermediate,0,58.562,30.0
660,24.518,0.1141,0.2188,0.0000,0.1250,intermediate,0,46.823,30.0
661,25.851,0.2637,0.4750,0.0000,0.3250,crystalline,0,31.353,30.0
662,21.208,0.1352,0.2500,0.0000,0.1591,intermediate,0,33.382,30.0
663,5.555,0.0955,0.1636,0.0000,0.1273,intermediate,0,22.225,6.0
664,26.289,0.3545,0.4242,0.3030,0.3333,crystalline,0,64.713,30.0
665,22.859,0.2370,0.4348,0.0000,0.2826,intermediate,0,27.890,30.0
666,30.695,0.3135,0.5000,0.0000,0.4615,crystalline,0,66.456,40.0
667,5.266,0.0489,0.0851,0.0000,0.0638,amorphous,0,25.747,6.0
668,7.183,0.1320,0.2400,0.0000,0.1600,intermediate,0,24.239,10.0
669,6.177,0.1356,0.1923,0.0962,0.1154,amorphous,0,18.518,10.0
670,5.543,0.0885,0.1538,0.0000,0.1154,amorphous,0,27.291,6.0
671,18.552,0.1581,0.2326,0.0000,0.2558,intermediate,0,26.870,20.0
672,31.151,0.2091,0.3636,0.0000,0.2727,intermediate,0,38.317,40.0
673,28.410,0.2594,0.5000,0.0000,0.2812,crystalline,0,42.666,30.0
674,13.666,0.0565,0.0870,0.0000,0.0870,amorphous,0,46.065,20.0
675,29.364,0.2714,0.5000,0.0000,0.3214,crystalline,0,61.726,30.0
676,23.198,0.2778,0.3333,0.2222,0.2778,crystalline,0,56.140,30.0
677,27.975,0.2093,0.2963,0.1111,0.2222,intermediate,0,51.685,30.0
678,15.868,0.2600,0.3111,0.2222,0.2444,crystalline,0,33.849,20.0
679,11.467,0.0924,0.1522,0.0000,0.1304,intermediate,0,39.034,20.0
680,27.140,0.3460,0.3600,0.3200,0.3600,crystalline,0,61.684,30.0
681,17.510,0.1760,0.2800,0.0000,0.2600,intermediate,0,28.103,20.0
682,27.072,0.2226,0.3871,0.0000,0.2903,intermediate,0,56.745,30.0
683,29.005,0.2423,0.4615,0.0000,0.2692,intermediate,0,56.944,30.0
684,31.331,0.3935,0.5652,0.2609,0.3478,crystalline,0,61.887,40.0
685,9.269,0.0500,0.0870,0.0000,0.0652,amorphous,0,34.934,10.0
686,10.373,0.1031,0.1875,0.0000,0.1250,intermediate,0,19.998,20.0
687,5.435,0.0687,0.1250,0.0000,0.0833,amorphous,0,23.531,6.0
688,9.140,0.1000,0.1538,0.0000,0.1538,intermediate,0,23.196,10.0
689,19.328,0.2822,0.3333,0.2444,0.2667,crystalline,0,31.632,20.0
690,17.200,0.0625,0.0833,0.0000,0.1111,amorphous,0,50.655,20.0
691,21.902,0.0878,0.1351,0.0000,0.1351,intermediate,0,49.539,30.0
692,29.690,0.2173,0.4231,0.0000,0.2308,intermediate,0,45.743,30.0
693,28.570,0.3767,0.4333,0.3000,0.4000,crystalline,0,66.507,30.0
694,4.954,0.1719,0.1667,0.1458,0.2083,intermediate,0,17.776,6.0
695,16.267,0.1378,0.2222,0.0000,0.2000,intermediate,0,23.037,20.0
696,9.090,0.1367,0.2000,0.0000,0.2222,intermediate,0,34.887,10.0
697,10.740,0.0326,0.0930,0.0000,0.0000,amorphous,0,37.267,20.0
698,27.821,0.1395,0.2632,0.0000,0.1579,intermediate,0,33.390,30.0
699,14.214,0.1576,0.2826,0.0000,0.1957,intermediate,0,22.142,20.0
700,27.233,0.3538,0.5385,0.2308,0.2821,crystalline,0,36.272,30.0
701,19.335,0.1283,0.2174,0.0000,0.1739,intermediate,0,46.107,20.0
702,4.399,0.1011,0.1556,0.0000,0.1556,intermediate,0,24.620,6.0
703,17.779,0.1660,0.2553,0.0000,0.2553,intermediate,0,28.829,20.0
704,3.386,0.0793,0.0870,0.0652,0.0870,amorphous,0,28.537,6.0
705,17.979,0.2019,0.3462,0.0000,0.2692,intermediate,0,23.924,20.0
706,24.889,0.1829,0.3421,0.0000,0.2105,intermediate,0,41.494,30.0
707,32.048,0.1870,0.3478,0.0000,0.2174,intermediate,0,39.228,40.0
708,25.560,0.1866,0.3659,0.0000,0.1951,intermediate,0,38.586,30.0
709,5.573,0.1241,0.1667,0.0926,0.1111,amorphous,0,19.288,6.0
710,24.742,0.1900,0.3500,0.0000,0.2250,intermediate,0,36.040,30.0
711,6.826,0.1441,0.1765,0.1176,0.1373,intermediate,0,32.873,10.0
712,20.821,0.0887,0.1250,0.0000,0.1500,intermediate,0,50.212,30.0
713,24.157,0.2202,0.4048,0.0000,0.2619,intermediate,0,61.374,30.0
714,11.062,0.1115,0.1458,0.0833,0.1042,amorphous,0,21.112,20.0
715,16.849,0.2549,0.3137,0.1961,0.2549,crystalline,0,23.350,20.0
716,25.877,0.2625,0.4773,0.0000,0.3182,crystalline,0,33.516,30.0
717,18.360,0.0919,0.1628,0.0000,0.1163,amorphous,0,48.194,20.0
718,3.607,0.1815,0.2609,0.1087,0.1739,intermediate,0,17.344,6.0
719,24.443,0.1137,0.1750,0.0000,0.1750,intermediate,0,47.122,30.0
720,23.950,0.4025,0.5750,0.2750,0.3500,crystalline,0,36.886,30.0
721,22.821,0.1364,0.1591,0.1136,0.1364,intermediate,0,48.156,30.0
722,19.709,0.0929,0.1429,0.0000,0.1429,intermediate,0,54.427,20.0
723,31.406,0.2577,0.5385,0.0000,0.2308,crystalline,0,42.454,40.0
724,29.878,0.2413,0.3913,0.0000,0.3478,intermediate,0,66.818,30.0
725,27.312,0.2595,0.4865,0.0000,0.2973,crystalline,0,36.820,30.0
726,30.791,0.2862,0.5517,0.0000,0.3103,crystalline,0,39.066,40.0
727,19.124,0.3345,0.4286,0.2619,0.3095,crystalline,0,33.556,20.0
728,14.789,0.1745,0.3137,0.0000,0.2157,intermediate,0,34.166,20.0
729,16.536,0.1531,0.1667,0.1458,0.1458,intermediate,0,24.787,20.0
730,19.384,0.0900,0.1500,0.0000,0.1250,intermediate,0,51.617,20.0
731,20.005,0.1230,0.1892,0.0000,0.1892,intermediate,0,52.902,30.0
732,23.527,0.2694,0.3333,0.2222,0.2500,crystalline,0,61.080,30.0
733,23.196,0.1500,0.2400,0.0000,0.2200,intermediate,0,27.643,30.0
734,21.674,0.0988,0.1628,0.0000,0.1395,intermediate,0,49.577,30.0
735,11.627,0.2302,0.2917,0.1875,0.2083,intermediate,0,30.715,20.0
736,28.907,0.2578,0.4688,0.0000,0.3125,crystalline,0,34.665,30.0
737,16.903,0.1795,0.3182,0.0000,0.2273,intermediate,0,22.476,20.0
738,26.743,0.2200,0.4000,0.0000,0.2667,intermediate,0,33.260,30.0
739,31.696,0.2853,0.4118,0.0000,0.4706,crystalline,0,69.607,40.0
740,29.363,0.0855,0.1613,0.0000,0.0968,amorphous,0,33.593,30.0
741,32.010,0.2654,0.4615,0.0000,0.3462,crystalline,0,40.528,40.0
742,15.878,0.1012,0.1667,0.0000,0.1429,intermediate,0,27.048,20.0
743,28.226,0.2329,0.3714,0.0000,0.3429,intermediate,0,32.098,30.0
744,13.067,0.1707,0.2826,0.0000,0.2391,intermediate,0,25.519,20.0
745,26.866,0.3883,0.4333,0.3333,0.4000,crystalline,0,64.677,30.0
746,14.685,0.3044,0.3556,0.2667,0.2889,crystalline,0,33.634,20.0
747,8.423,0.0830,0.1591,0.0000,0.0909,amorphous,0,26.972,10.0
748,14.532,0.1311,0.2222,0.0000,0.1778,intermediate,0,40.868,20.0
749,3.442,0.1594,0.1875,0.1250,0.1667,intermediate,0,28.637,6.0
750,3.584,0.1642,0.2075,0.1321,0.1509,intermediate,0,16.628,6.0
751,8.519,0.0956,0.1111,0.0667,0.1111,amorphous,0,19.421,10.0
752,27.147,0.3911,0.3929,0.3571,0.4286,crystalline,0,63.019,30.0
753,13.921,0.2618,0.3137,0.2157,0.2549,crystalline,0,31.738,20.0
754,15.376,0.1313,0.1250,0.1250,0.1458,intermediate,0,44.596,20.0
755,11.765,0.1337,0.2245,0.0000,0.1837,intermediate,0,19.699,20.0
756,16.333,0.2989,0.3617,0.2553,0.2766,crystalline,0,31.436,20.0
757,28.542,0.2703,0.5312,0.0000,0.2812,crystalline,0,34.800,30.0
758,21.697,0.1955,0.3636,0.0000,0.2273,intermediate,0,29.309,30.0
759,22.438,0.1207,0.1957,0.0000,0.1739,intermediate,0,26.879,30.0
760,24.743,0.1204,0.2041,0.0000,0.1633,intermediate,0,28.108,30.0
761,20.484,0.2915,0.3617,0.2340,0.2766,crystalline,0,24.536,30.0
762,9.378,0.0991,0.1607,0.0000,0.1429,intermediate,0,23.999,10.0
763,13.729,0.1405,0.2381,0.0000,0.1905,intermediate,0,20.218,20.0
764,4.613,0.1020,0.1569,0.0000,0.1569,intermediate,0,17.089,6.0
765,30.836,0.2562,0.3750,0.0000,0.4167,crystalline,0,35.548,40.0
766,14.437,0.2510,0.2885,0.2308,0.2308,crystalline,0,38.006,20.0
767,7.622,0.1140,0.2400,0.0000,0.1000,amorphous,0,17.453,10.0
768,5.964,0.0389,0.0667,0.0444,0.0000,amorphous,0,29.019,10.0
769,10.142,0.1229,0.2083,0.0000,0.1667,intermediate,0,21.445,20.0
770,3.764,0.2048,0.2692,0.1346,0.2115,intermediate,0,17.580,6.0
771,12.180,0.1330,0.2340,0.0000,0.1702,intermediate,0,37.398,20.0
772,31.750,0.2654,0.4615,0.0000,0.3462,crystalline,0,44.732,40.0
773,26.348,0.1012,0.1667,0.0000,0.1429,intermediate,0,29.724,30.0
774,26.391,0.1000,0.1379,0.0000,0.1724,intermediate,0,50.888,30.0
775,27.350,0.3118,0.5526,0.0000,0.3947,crystalline,0,39.000,30.0
776,13.925,0.0644,0.0889,0.0000,0.1111,amorphous,0,44.471,20.0
777,27.242,0.1333,0.2667,0.0000,0.1333,intermediate,0,51.947,30.0
778,5.651,0.1373,0.1569,0.1176,0.1373,intermediate,0,18.964,6.0
779,5.924,0.1125,0.1667,0.0833,0.0833,amorphous,0,23.279,6.0
780,25.346,0.1645,0.2895,0.0000,0.2105,intermediate,0,55.818,30.0
781,4.055,0.1373,0.1569,0.1176,0.1373,intermediate,0,18.747,6.0
782,6.447,0.0929,0.1429,0.0000,0.1429,intermediate,0,28.934,10.0
783,5.016,0.1187,0.1250,0.1250,0.1042,intermediate,0,18.385,6.0
784,19.639,0.2900,0.3778,0.2222,0.2667,crystalline,0,24.238,20.0
785,19.684,0.2000,0.2857,0.1429,0.1667,intermediate,0,27.698,20.0
786,2.950,0.0750,0.1154,0.0000,0.1154,amorphous,0,21.952,6.0
787,10.322,0.1510,0.2708,0.0000,0.1875,intermediate,0,37.074,20.0
788,8.355,0.1407,0.2593,0.0000,0.1667,intermediate,0,22.625,10.0
789,25.392,0.1432,0.1622,0.1081,0.1622,intermediate,0,51.768,30.0
790,10.819,0.0783,0.1304,0.0000,0.1087,amorphous,0,25.616,20.0
791,28.924,0.1200,0.2000,0.0000,0.1667,intermediate,0,32.296,30.0
792,31.125,0.1278,0.2222,0.0000,0.1667,intermediate,0,50.543,40.0
793,10.085,0.0656,0.1111,0.0000,0.0889,amorphous,0,34.489,10.0
794,25.240,0.2787,0.4750,0.0000,0.3750,crystalline,0,28.484,30.0
795,12.701,0.1110,0.1707,0.0000,0.1707,intermediate,0,19.793,20.0
796,8.172,0.0933,0.1346,0.0000,0.1538,intermediate,0,22.481,10.0
797,13.133,0.0341,0.0976,0.0000,0.0000,amorphous,0,41.303,20.0
798,28.133,0.3482,0.4643,0.2857,0.2857,crystalline,0,66.350,30.0
799,29.705,0.2578,0.4688,0.0000,0.3125,crystalline,0,40.709,30.0
800,6.735,0.1378,0.2222,0.0000,0.2000,intermediate,0,17.206,10.0
801,14.574,0.1705,0.2727,0.0000,0.2500,intermediate,0,21.520,20.0
802,16.292,0.3138,0.3830,0.2766,0.2766,crystalline,0,28.754,20.0
803,23.641,0.2466,0.4318,0.0000,0.3182,intermediate,0,27.711,30.0
804,20.565,0.1656,0.1875,0.1250,0.1875,intermediate,0,25.449,30.0
805,20.819,0.1625,0.2500,0.0000,0.2500,intermediate,0,34.900,30.0
806,3.809,0.2308,0.2692,0.1923,0.2308,intermediate,0,18.630,6.0
807,17.320,0.1580,0.2800,0.0000,0.2000,intermediate,0,22.758,20.0
808,29.187,0.2048,0.3810,0.0000,0.2381,intermediate,0,59.734,30.0
809,23.968,0.3261,0.4318,0.2273,0.3182,crystalline,0,31.082,30.0
810,5.885,0.0706,0.1176,0.0000,0.0980,amorphous,0,26.673,6.0
811,5.752,0.1541,0.2653,0.0000,0.2041,intermediate,0,16.421,6.0
812,26.758,0.2598,0.5122,0.0000,0.2683,crystalline,0,35.472,30.0
813,11.179,0.1143,0.2041,0.0000,0.1429,intermediate,0,19.039,20.0
814,5.418,0.1826,0.2174,0.1739,0.1522,intermediate,0,16.283,6.0
815,14.639,0.2380,0.2609,0.1957,0.2609,intermediate,0,35.891,20.0
816,23.244,0.1912,0.2941,0.0000,0.2941,intermediate,0,57.830,30.0
817,25.948,0.2122,0.3514,0.0000,0.2973,intermediate,0,45.512,30.0
818,3.177,0.0827,0.1538,0.0000,0.0962,amorphous,0,28.960,6.0
819,2.233,0.1800,0.2200,0.1400,0.1800,intermediate,0,17.175,6.0
820,13.631,0.1710,0.3000,0.0000,0.2200,intermediate,0,22.727,20.0
821,9.658,0.1071,0.1837,0.0000,0.1429,intermediate,0,21.270,10.0
822,27.250,0.2306,0.3548,0.0000,0.3548,intermediate,0,45.204,30.0
823,19.123,0.1319,0.2128,0.0000,0.1915,intermediate,0,44.154,20.0
824,23.340,0.1167,0.1667,0.0000,0.1944,intermediate,0,47.762,30.0
825,9.649,0.0956,0.1778,0.0000,0.1111,amorphous,0,35.434,10.0
826,19.889,0.1786,0.2857,0.0000,0.2619,intermediate,0,37.046,20.0
827,27.772,0.3844,0.4375,0.3125,0.4062,crystalline,0,66.095,30.0
828,28.710,0.2851,0.5135,0.0000,0.3514,crystalline,0,31.910,30.0
829,26.812,0.1702,0.2619,0.0000,0.2619,intermediate,0,28.786,30.0
830,23.364,0.2229,0.3429,0.0000,0.3429,intermediate,0,59.808,30.0
831,24.960,0.1771,0.2857,0.0000,0.2571,intermediate,0,43.104,30.0
832,7.348,0.0691,0.1064,0.0000,0.1064,amorphous,0,33.187,10.0
833,6.340,0.1510,0.2600,0.0000,0.2000,intermediate,0,30.888,10.0
834,18.788,0.1014,0.1944,0.0000,0.1111,amorphous,0,50.908,20.0
835,10.322,0.2760,0.3269,0.2308,0.2692,crystalline,0,32.567,20.0
836,18.468,0.1964,0.3571,0.0000,0.2381,intermediate,0,25.635,20.0
837,15.872,0.1521,0.2340,0.0000,0.2340,intermediate,0,40.424,20.0
838,18.843,0.0686,0.1163,0.0000,0.0930,amorphous,0,49.046,20.0
839,26.309,0.1466,0.2414,0.0000,0.2069,intermediate,0,54.543,30.0
840,3.066,0.0433,0.0667,0.0000,0.0667,amorphous,0,25.656,6.0
841,28.597,0.2659,0.4091,0.0000,0.4091,crystalline,0,61.130,30.0
842,30.776,0.2983,0.5667,0.0000,0.3333,crystalline,0,38.932,40.0
843,23.623,0.1568,0.2727,0.0000,0.2045,intermediate,0,27.458,30.0
844,14.389,0.2559,0.3333,0.1961,0.2353,crystalline,0,26.227,20.0
845,11.951,0.1029,0.1765,0.0000,0.1373,intermediate,0,20.549,20.0
846,32.638,0.2896,0.5417,0.0000,0.3333,crystalline,0,42.400,40.0
847,22.207,0.3120,0.3913,0.2391,0.3043,crystalline,0,25.132,30.0
848,6.436,0.2060,0.2800,0.1200,0.2200,intermediate,0,18.039,10.0
849,5.150,0.1174,0.1522,0.1087,0.0870,amorphous,0,20.146,6.0
850,8.995,0.1608,0.2745,0.0000,0.2157,intermediate,0,17.619,10.0
851,24.940,0.1196,0.1429,0.1071,0.1071,amorphous,0,46.600,30.0
852,12.361,0.2730,0.3200,0.2200,0.2800,crystalline,0,32.075,20.0
853,13.452,0.1936,0.2979,0.0000,0.2979,intermediate,0,23.404,20.0
854,5.666,0.2051,0.2653,0.1633,0.1837,intermediate,0,15.827,6.0
855,32.214,0.2389,0.4444,0.0000,0.2778,intermediate,0,57.180,40.0
856,12.338,0.0867,0.1333,0.0000,0.1333,intermediate,0,18.898,20.0
857,7.381,0.2225,0.3137,0.1373,0.2157,intermediate,0,19.613,10.0
858,6.364,0.1587,0.2885,0.0000,0.1923,intermediate,0,23.593,10.0
859,16.134,0.2044,0.3556,0.0000,0.2667,intermediate,0,20.923,20.0
860,12.618,0.2940,0.3400,0.2600,0.2800,crystalline,0,34.457,20.0
861,19.731,0.3125,0.3636,0.2955,0.2727,crystalline,0,35.721,20.0
862,27.115,0.1724,0.3448,0.0000,0.1724,intermediate,0,44.191,30.0
863,28.477,0.2781,0.5000,0.0000,0.3438,crystalline,0,63.159,30.0
864,16.372,0.2638,0.3191,0.2340,0.2340,crystalline,0,26.411,20.0
865,7.613,0.1266,0.2340,0.0000,0.1489,intermediate,0,16.978,10.0
866,20.593,0.3648,0.4773,0.2727,0.3409,crystalline,0,31.211,30.0
867,6.317,0.0365,0.0625,0.0417,0.0000,amorphous,0,31.342,10.0
868,21.000,0.0951,0.1463,0.0000,0.1463,intermediate,0,55.341,30.0
869,5.963,0.0535,0.0930,0.0000,0.0698,amorphous,0,24.928,6.0
870,26.888,0.2315,0.4074,0.0000,0.2963,intermediate,0,42.829,30.0
871,29.117,0.2661,0.4839,0.0000,0.3226,crystalline,0,38.181,30.0
872,10.923,0.0989,0.1915,0.0000,0.1064,amorphous,0,37.033,20.0
873,23.755,0.1616,0.3023,0.0000,0.1860,intermediate,0,43.376,30.0
874,18.945,0.0855,0.1316,0.0000,0.1316,intermediate,0,46.680,20.0
875,16.108,0.1156,0.1778,0.0000,0.1778,intermediate,0,21.062,20.0
876,5.350,0.2151,0.3019,0.1509,0.1887,intermediate,0,16.029,6.0
877,17.684,0.1022,0.1778,0.0000,0.1333,intermediate,0,24.258,20.0
878,19.655,0.1667,0.2667,0.0000,0.2444,intermediate,0,24.871,20.0
879,23.679,0.2917,0.5476,0.0000,0.3333,crystalline,0,33.341,30.0
880,12.007,0.0691,0.1064,0.0000,0.1064,amorphous,0,22.885,20.0
881,27.165,0.2725,0.5000,0.0000,0.3250,crystalline,0,33.157,30.0
882,8.908,0.1193,0.2045,0.0000,0.1591,intermediate,0,16.595,10.0
883,28.659,0.2125,0.3929,0.0000,0.2500,intermediate,0,39.171,30.0
884,17.959,0.1739,0.1818,0.1591,0.1818,intermediate,0,49.353,20.0
885,4.885,0.2245,0.2909,0.1636,0.2182,intermediate,0,19.416,6.0
886,26.374,0.1703,0.3243,0.0000,0.1892,intermediate,0,58.261,30.0
887,15.199,0.0890,0.1707,0.0000,0.0976,amorphous,0,40.751,20.0
888,7.380,0.1500,0.2500,0.0000,0.2083,intermediate,0,32.799,10.0
889,6.858,0.2410,0.3000,0.2000,0.2200,intermediate,0,16.896,10.0
890,31.507,0.2565,0.4348,0.0000,0.3478,crystalline,0,63.097,40.0
891,17.680,0.1240,0.2292,0.0000,0.1458,intermediate,0,22.187,20.0
892,25.091,0.3029,0.3235,0.2647,0.3235,crystalline,0,56.205,30.0
893,27.145,0.2770,0.5135,0.0000,0.3243,crystalline,0,31.038,30.0
894,29.718,0.2977,0.5000,0.0000,0.4091,crystalline,0,44.921,30.0
895,23.228,0.3075,0.3500,0.2500,0.3250,crystalline,0,39.432,30.0
896,13.303,0.0805,0.1463,0.0000,0.0976,amorphous,0,40.023,20.0
897,3.279,0.1531,0.1667,0.1458,0.1458,intermediate,0,18.072,6.0
898,16.727,0.1885,0.2308,0.1538,0.1795,intermediate,0,45.639,20.0
899,8.418,0.1220,0.1463,0.0976,0.1220,intermediate,0,16.411,10.0
900,32.519,0.2214,0.4286,0.0000,0.2381,intermediate,0,37.721,40.0
901,7.582,0.1144,0.2115,0.0000,0.1346,intermediate,0,22.036,10.0
902,6.416,0.1070,0.2200,0.0000,0.1000,amorphous,0,17.745,10.0
903,16.427,0.1089,0.1778,0.0000,0.1556,intermediate,0,44.977,20.0
904,32.447,0.2325,0.4500,0.0000,0.2500,intermediate,0,42.311,40.0
905,3.016,0.1323,0.1667,0.1042,0.1250,intermediate,0,24.173,6.0
906,2.508,0.2250,0.3077,0.1538,0.2115,intermediate,0,17.951,6.0
907,20.985,0.1076,0.1957,0.0000,0.1304,intermediate,0,23.912,30.0
908,13.622,0.1636,0.2727,0.0000,0.2273,intermediate,0,28.099,20.0
909,18.783,0.0947,0.1579,0.0000,0.1316,intermediate,0,48.358,20.0
910,27.375,0.1986,0.3714,0.0000,0.2286,intermediate,0,36.500,30.0
911,22.659,0.2513,0.4474,0.0000,0.3158,crystalline,0,24.810,30.0
912,18.274,0.1280,0.2195,0.0000,0.1707,intermediate,0,49.896,20.0
913,24.740,0.1957,0.3143,0.0000,0.2857,intermediate,0,61.405,30.0
914,20.006,0.1477,0.1628,0.1395,0.1395,intermediate,0,53.511,30.0
915,21.877,0.1122,0.1951,0.0000,0.1463,intermediate,0,28.347,30.0
916,29.582,0.2269,0.3846,0.0000,0.3077,intermediate,0,58.090,30.0
917,5.464,0.1156,0.1250,0.0625,0.1667,intermediate,0,19.153,6.0
918,30.674,0.2984,0.5484,0.0000,0.3548,crystalline,0,36.827,40.0
919,11.111,0.1302,0.2264,0.0000,0.1698,intermediate,0,23.164,20.0
920,3.826,0.1450,0.1600,0.1000,0.1800,intermediate,0,19.204,6.0
921,12.328,0.2739,0.3182,0.2500,0.2500,crystalline,0,35.056,20.0
922,18.517,0.1075,0.1250,0.0750,0.1250,intermediate,0,41.258,20.0
923,31.760,0.2674,0.3913,0.0000,0.4348,crystalline,0,68.141,40.0
924,24.530,0.1603,0.2821,0.0000,0.2051,intermediate,0,32.648,30.0
925,20.328,0.0904,0.1489,0.0000,0.1277,intermediate,0,43.260,30.0
926,5.549,0.1031,0.1875,0.0000,0.1250,intermediate,0,25.248,6.0
927,24.081,0.2407,0.3023,0.1860,0.2326,intermediate,0,31.280,30.0
928,26.766,0.2515,0.4412,0.0000,0.3235,crystalline,0,62.767,30.0
929,27.906,0.2543,0.3913,0.0000,0.3913,crystalline,0,64.789,30.0
930,20.322,0.2918,0.3265,0.2449,0.3061,crystalline,0,29.627,30.0
931,30.314,0.2120,0.4000,0.0000,0.2400,intermediate,0,63.148,40.0
932,29.661,0.1750,0.3125,0.0000,0.2188,intermediate,0,31.038,30.0
933,8.296,0.1450,0.2600,0.0000,0.1800,intermediate,0,18.071,10.0
934,24.516,0.1387,0.2250,0.0000,0.2000,intermediate,0,25.275,30.0
935,23.810,0.1090,0.1795,0.0000,0.1538,intermediate,0,37.199,30.0
936,28.878,0.2750,0.5000,0.0000,0.3333,crystalline,0,36.675,30.0
937,21.986,0.1852,0.2955,0.0000,0.2727,intermediate,0,39.750,30.0
938,25.418,0.3595,0.4054,0.2973,0.3784,crystalline,0,39.138,30.0
939,17.127,0.1367,0.2000,0.0000,0.2222,intermediate,0,46.482,20.0
940,16.746,0.2833,0.3556,0.2444,0.2444,crystalline,0,27.844,20.0
941,28.096,0.2750,0.5000,0.0000,0.3333,crystalline,0,62.804,30.0
942,21.685,0.1129,0.2000,0.0000,0.1429,intermediate,0,52.694,30.0
943,13.291,0.1167,0.2000,0.0000,0.1556,intermediate,0,38.861,20.0
944,19.388,0.2822,0.3333,0.2444,0.2667,crystalline,0,21.386,20.0
945,32.615,0.2650,0.5000,0.0000,0.3000,crystalline,0,36.675,40.0
946,22.409,0.0987,0.1282,0.0000,0.1795,intermediate,0,49.937,30.0
947,3.938,0.1457,0.1957,0.1087,0.1304,intermediate,0,19.832,6.0
948,24.462,0.1950,0.3000,0.0000,0.3000,intermediate,0,59.270,30.0
949,19.769,0.3244,0.3659,0.2683,0.3415,crystalline,0,26.804,20.0
950,18.626,0.2802,0.3721,0.2093,0.2558,crystalline,0,21.464,20.0
951,22.878,0.3090,0.3590,0.2821,0.2821,crystalline,0,37.064,30.0
952,30.362,0.1735,0.2941,0.0000,0.2353,intermediate,0,52.135,40.0
953,18.220,0.3198,0.3750,0.2708,0.3125,crystalline,0,29.448,20.0
954,31.904,0.2589,0.4643,0.0000,0.3214,crystalline,0,35.224,40.0
955,23.948,0.0929,0.1429,0.0000,0.1429,intermediate,0,46.525,30.0
956,26.935,0.2764,0.5278,0.0000,0.3056,crystalline,0,32.614,30.0
957,32.533,0.2568,0.5000,0.0000,0.2727,crystalline,0,39.737,40.0
958,21.401,0.1895,0.3023,0.0000,0.2791,intermediate,0,37.355,30.0
959,8.330,0.0924,0.1522,0.0000,0.1304,intermediate,0,25.798,10.0
960,11.682,0.1128,0.2128,0.0000,0.1277,intermediate,0,22.519,20.0
961,13.325,0.0652,0.1304,0.0000,0.0652,amorphous,0,37.962,20.0
962,14.371,0.1330,0.2340,0.0000,0.1702,intermediate,0,18.600,20.0
963,24.501,0.1289,0.2105,0.0000,0.1842,intermediate,0,57.803,30.0
964,25.419,0.2314,0.4419,0.0000,0.2558,intermediate,0,29.858,30.0
965,28.173,0.2574,0.4815,0.0000,0.2963,crystalline,0,63.268,30.0
966,18.107,0.2022,0.2391,0.1522,0.2174,intermediate,0,20.808,20.0
967,12.229,0.2330,0.2830,0.1887,0.2264,intermediate,0,28.183,20.0
968,11.178,0.1010,0.1731,0.0000,0.1346,intermediate,0,24.896,20.0
969,17.525,0.3266,0.3830,0.2766,0.3191,crystalline,0,31.604,20.0
970,5.140,0.0935,0.1739,0.0000,0.1087,amorphous,0,22.756,6.0
971,21.788,0.2967,0.4222,0.1778,0.2889,crystalline,0,25.307,30.0
972,4.875,0.1354,0.2083,0.0000,0.2083,intermediate,0,13.470,6.0
973,22.561,0.1211,0.2105,0.0000,0.1579,intermediate,0,52.828,30.0
974,28.991,0.2433,0.4667,0.0000,0.2667,intermediate,0,30.897,30.0
975,14.837,0.0919,0.1628,0.0000,0.1163,amorphous,0,41.249,20.0
976,7.985,0.1065,0.1739,0.0000,0.1522,intermediate,0,15.565,10.0
977,3.451,0.1040,0.1600,0.0000,0.1600,intermediate,0,26.981,6.0
978,19.083,0.2425,0.2750,0.2250,0.2250,intermediate,0,35.109,20.0
979,21.416,0.1193,0.2045,0.0000,0.1591,intermediate,0,22.813,30.0
980,29.817,0.2386,0.4091,0.0000,0.3182,intermediate,0,42.524,30.0
981,9.930,0.0898,0.1591,0.0000,0.1136,amorphous,0,21.616,10.0
982,26.837,0.2725,0.5000,0.0000,0.3250,crystalline,0,28.286,30.0
983,10.075,0.1100,0.2000,0.0000,0.1333,intermediate,0,35.168,20.0
984,10.993,0.2432,0.3182,0.1818,0.2273,intermediate,0,28.386,20.0
985,21.008,0.1900,0.3333,0.0000,0.2444,intermediate,0,22.011,30.0
986,9.185,0.1125,0.2045,0.0000,0.1364,intermediate,0,14.260,10.0
987,23.644,0.0819,0.1389,0.0000,0.1111,amorphous,0,39.857,30.0
988,7.538,0.1424,0.2391,0.0000,0.1957,intermediate,0,31.552,10.0
989,15.249,0.1771,0.2917,0.0000,0.2500,intermediate,0,20.232,20.0
990,24.150,0.1090,0.1795,0.0000,0.1538,intermediate,0,49.839,30.0
991,10.440,0.1130,0.2200,0.0000,0.1200,intermediate,0,17.084,20.0
992,25.389,0.2919,0.3226,0.2903,0.2581,crystalline,0,57.584,30.0
993,13.047,0.1420,0.2500,0.0000,0.1818,intermediate,0,17.127,20.0
994,26.057,0.1514,0.2703,0.0000,0.1892,intermediate,0,58.212,30.0
995,24.409,0.2357,0.4286,0.0000,0.2857,intermediate,0,27.390,30.0
996,26.408,0.0943,0.1714,0.0000,0.1143,amorphous,0,50.372,30.0
997,26.999,0.1161,0.1935,0.0000,0.1613,intermediate,0,55.719,30.0
998,8.050,0.2729,0.3750,0.2083,0.2292,crystalline,0,18.134,10.0
999,9.094,0.1532,0.2553,0.0000,0.2128,intermediate,0,16.130,10.0
1000,11.795,0.0907,0.1395,0.0000,0.1395,intermediate,0,16.788,20.0
1001,30.168,0.3796,0.4444,0.2593,0.4444,crystalline,0,67.728,40.0
1002,14.138,0.1447,0.2128,0.0000,0.2340,intermediate,0,38.369,20.0
1003,15.375,0.1193,0.2045,0.0000,0.1591,intermediate,0,18.890,20.0
1004,4.291,0.1341,0.2273,0.0000,0.1818,intermediate,0,29.128,6.0
1005,6.256,0.0971,0.1765,0.0000,0.1176,amorphous,0,15.050,10.0
1006,28.736,0.2413,0.3913,0.0000,0.3478,intermediate,0,66.426,30.0
1007,21.312,0.1588,0.2000,0.1250,0.1500,intermediate,0,54.199,30.0
1008,25.245,0.2047,0.3438,0.0000,0.2812,intermediate,0,61.133,30.0
1009,17.058,0.1140,0.1860,0.0000,0.1628,intermediate,0,44.013,20.0
1010,2.484,0.2470,0.2800,0.2200,0.2400,intermediate,0,13.728,6.0
1011,31.075,0.2475,0.4500,0.0000,0.3000,intermediate,0,42.069,40.0
1012,4.847,0.1346,0.1731,0.0962,0.1346,intermediate,0,13.995,6.0
1013,14.771,0.1771,0.2917,0.0000,0.2500,intermediate,0,17.755,20.0
1014,4.238,0.2398,0.3469,0.1633,0.2041,intermediate,0,14.120,6.0
1015,19.851,0.2011,0.3409,0.0000,0.2727,intermediate,0,27.284,20.0
1016,18.113,0.1405,0.2381,0.0000,0.1905,intermediate,0,20.278,20.0
1017,8.095,0.1927,0.3542,0.0000,0.2292,intermediate,0,16.347,10.0
1018,28.953,0.0776,0.1034,0.0000,0.1379,amorphous,0,28.846,30.0
1019,29.931,0.1150,0.2000,0.0000,0.1500,intermediate,0,48.304,30.0
1020,15.270,0.1477,0.2273,0.0000,0.2273,intermediate,0,19.427,20.0
1021,22.547,0.1291,0.2093,0.0000,0.1860,intermediate,0,50.923,30.0
1022,31.388,0.2237,0.3684,0.0000,0.3158,intermediate,0,68.274,40.0
1023,6.273,0.2449,0.3265,0.1633,0.2449,intermediate,0,17.247,10.0
1024,14.801,0.2800,0.3200,0.2400,0.2800,crystalline,0,25.768,20.0
1025,18.155,0.0951,0.1463,0.0000,0.1463,intermediate,0,44.012,20.0
1026,11.410,0.0867,0.1333,0.0000,0.1333,intermediate,0,16.847,20.0
1027,10.395,0.2979,0.3404,0.2553,0.2979,crystalline,0,32.396,20.0
1028,12.591,0.2979,0.3404,0.2553,0.2979,crystalline,0,30.484,20.0
1029,22.294,0.2058,0.3488,0.0000,0.2791,intermediate,0,24.055,30.0
1030,10.607,0.1343,0.2157,0.0000,0.1961,intermediate,0,18.195,20.0
1031,11.604,0.1167,0.2000,0.0000,0.1556,intermediate,0,17.189,20.0
1032,3.361,0.0707,0.1087,0.0000,0.1087,amorphous,0,27.122,6.0
1033,5.477,0.0604,0.0833,0.0000,0.1042,amorphous,0,25.448,6.0
1034,9.893,0.1330,0.2340,0.0000,0.1702,intermediate,0,15.308,10.0
1035,7.399,0.1819,0.3191,0.0000,0.2340,intermediate,0,18.732,10.0
1036,12.870,0.1218,0.1455,0.1091,0.1091,amorphous,0,23.269,20.0
1037,20.152,0.1474,0.1579,0.1053,0.1842,intermediate,0,50.849,30.0
1038,10.052,0.0733,0.1333,0.0000,0.0889,amorphous,0,35.539,20.0
1039,20.271,0.1311,0.2222,0.0000,0.1778,intermediate,0,21.762,30.0
1040,25.079,0.1592,0.2368,0.1053,0.1316,intermediate,0,25.255,30.0
1041,19.593,0.1522,0.2444,0.0000,0.2222,intermediate,0,37.662,20.0
1042,2.890,0.0706,0.1176,0.0000,0.0980,amorphous,0,23.272,6.0
1043,11.678,0.2422,0.3137,0.1765,0.2353,intermediate,0,26.006,20.0
1044,32.008,0.2788,0.5000,0.0000,0.3462,crystalline,0,38.765,40.0
1045,10.064,0.1702,0.2885,0.0000,0.2308,intermediate,0,31.713,20.0
1046,28.056,0.1250,0.1923,0.0000,0.1923,intermediate,0,53.179,30.0
1047,17.293,0.1427,0.2195,0.0000,0.2195,intermediate,0,36.843,20.0
1048,11.517,0.0673,0.1224,0.0000,0.0816,amorphous,0,33.745,20.0
1049,4.887,0.2582,0.3673,0.1429,0.2653,crystalline,0,19.085,6.0
1050,8.143,0.1094,0.1875,0.0000,0.1458,intermediate,0,12.664,10.0
1051,27.402,0.1538,0.1923,0.1154,0.1538,intermediate,0,44.998,30.0
1052,8.457,0.1317,0.2115,0.0000,0.1923,intermediate,0,19.218,10.0
1053,32.416,0.0800,0.1000,0.0000,0.1500,amorphous,0,32.067,40.0
1054,25.707,0.2357,0.4286,0.0000,0.2857,intermediate,0,25.688,30.0
1055,26.044,0.2266,0.4062,0.0000,0.2812,intermediate,0,36.730,30.0
1056,7.927,0.0760,0.1458,0.0000,0.0833,amorphous,0,32.019,10.0
1057,17.648,0.1777,0.1915,0.1702,0.1702,intermediate,0,43.116,20.0
1058,23.705,0.1733,0.2667,0.0000,0.2667,intermediate,0,32.813,30.0
1059,25.554,0.2851,0.5135,0.0000,0.3514,crystalline,0,30.934,30.0
1060,32.489,0.2675,0.5500,0.0000,0.2500,crystalline,0,36.543,40.0
1061,24.024,0.1243,0.2162,0.0000,0.1622,intermediate,0,51.239,30.0
1062,8.227,0.3037,0.3889,0.2407,0.2778,crystalline,0,18.612,10.0
1063,19.599,0.1383,0.2128,0.0000,0.2128,intermediate,0,39.888,20.0
1064,4.907,0.1385,0.2308,0.0000,0.1923,intermediate,0,13.065,6.0
1065,21.133,0.3512,0.4651,0.2791,0.3023,crystalline,0,27.561,30.0
1066,3.441,0.2398,0.4318,0.0000,0.2955,intermediate,0,12.788,6.0
1067,24.705,0.1422,0.2188,0.0000,0.2188,intermediate,0,47.411,30.0
1068,16.458,0.1859,0.3261,0.0000,0.2391,intermediate,0,18.397,20.0
1069,20.198,0.3109,0.3478,0.2609,0.3261,crystalline,0,33.700,30.0
1070,28.871,0.2979,0.4583,0.0000,0.4583,crystalline,0,64.212,30.0
1071,11.399,0.2404,0.2553,0.2128,0.2553,intermediate,0,34.669,20.0
1072,22.126,0.1950,0.3000,0.0000,0.3000,intermediate,0,30.494,30.0
1073,29.416,0.2155,0.3793,0.0000,0.2759,intermediate,0,29.050,30.0
1074,26.151,0.0855,0.1316,0.0000,0.1316,intermediate,0,25.463,30.0
1075,2.520,0.2609,0.3043,0.2174,0.2609,crystalline,0,12.560,6.0
1076,19.336,0.0766,0.1277,0.0000,0.1064,amorphous,0,46.453,20.0
1077,23.856,0.1771,0.2857,0.0000,0.2571,intermediate,0,48.531,30.0
1078,18.534,0.1439,0.2439,0.0000,0.1951,intermediate,0,21.019,20.0
1079,19.360,0.1885,0.2292,0.1667,0.1667,intermediate,0,43.899,20.0
1080,28.361,0.2333,0.2500,0.1667,0.2917,intermediate,0,54.840,30.0
1081,20.568,0.2047,0.3256,0.0000,0.3023,intermediate,0,23.552,30.0
1082,15.381,0.1156,0.1778,0.0000,0.1778,intermediate,0,19.856,20.0
1083,27.375,0.1106,0.2121,0.0000,0.1212,intermediate,0,37.810,30.0
1084,21.497,0.1737,0.1750,0.1500,0.2000,intermediate,0,47.833,30.0
1085,9.755,0.2852,0.3704,0.2222,0.2593,crystalline,0,20.322,10.0
1086,25.775,0.1288,0.2121,0.0000,0.1818,intermediate,0,41.215,30.0
1087,16.504,0.1398,0.2245,0.0000,0.2041,intermediate,0,40.628,20.0
1088,28.969,0.3661,0.4286,0.2500,0.4286,crystalline,0,38.855,30.0
1089,18.702,0.1114,0.1818,0.0000,0.1591,intermediate,0,45.606,20.0
1090,5.290,0.0833,0.0833,0.0833,0.0833,amorphous,0,27.215,6.0
1091,22.305,0.3405,0.3810,0.2857,0.3571,crystalline,0,33.402,30.0
1092,12.989,0.1088,0.1765,0.0000,0.1569,intermediate,0,38.479,20.0
1093,18.614,0.3500,0.4286,0.2857,0.3333,crystalline,0,25.480,20.0
1094,20.532,0.1902,0.2927,0.0000,0.2927,intermediate,0,24.426,30.0
1095,4.275,0.2051,0.2857,0.1429,0.1837,intermediate,0,14.891,6.0
1096,25.384,0.1987,0.3750,0.0000,0.2250,intermediate,0,25.113,30.0
1097,6.368,0.1467,0.2667,0.0000,0.1778,intermediate,0,12.865,10.0
1098,3.053,0.1511,0.1818,0.1136,0.1591,intermediate,0,12.202,6.0
1099,29.152,0.2650,0.5000,0.0000,0.3000,crystalline,0,30.762,30.0
1100,3.659,0.2135,0.2083,0.1875,0.2500,intermediate,0,14.280,6.0
1101,26.971,0.1219,0.1875,0.0000,0.1875,intermediate,0,53.250,30.0
1102,27.050,0.1145,0.1613,0.0000,0.1935,intermediate,0,34.983,30.0
1103,27.416,0.2032,0.3871,0.0000,0.2258,intermediate,0,62.861,30.0
1104,13.864,0.0952,0.1190,0.0714,0.0952,amorphous,0,17.923,20.0
1105,29.256,0.3700,0.4000,0.2800,0.4400,crystalline,0,66.111,30.0
1106,3.741,0.1787,0.2340,0.1489,0.1489,intermediate,0,18.694,6.0
1107,32.493,0.2975,0.5500,0.0000,0.3500,crystalline,0,32.983,40.0
1108,31.332,0.2692,0.5385,0.0000,0.2692,crystalline,0,34.061,40.0
1109,5.526,0.1064,0.1277,0.0851,0.1064,amorphous,0,23.038,6.0
1110,23.357,0.1000,0.1667,0.0000,0.1389,intermediate,0,55.122,30.0
1111,12.750,0.2531,0.3061,0.2245,0.2245,crystalline,0,31.500,20.0
1112,27.044,0.1258,0.1935,0.0000,0.1935,intermediate,0,25.717,30.0
1113,28.747,0.3014,0.5429,0.0000,0.3714,crystalline,0,33.017,30.0
1114,16.148,0.2990,0.3750,0.2292,0.2917,crystalline,0,24.241,20.0
1115,4.213,0.2820,0.3800,0.2200,0.2400,crystalline,0,11.977,6.0
1116,3.383,0.1296,0.1837,0.0816,0.1224,intermediate,0,24.037,6.0
1117,23.205,0.0947,0.1579,0.0000,0.1316,intermediate,0,53.512,30.0
1118,12.219,0.1120,0.2000,0.0000,0.1400,intermediate,0,15.632,20.0
1119,32.559,0.2896,0.5417,0.0000,0.3333,crystalline,0,38.745,40.0
1120,16.482,0.0774,0.1190,0.0000,0.1190,amorphous,0,41.693,20.0
1121,6.320,0.1120,0.2000,0.0000,0.1400,intermediate,0,12.239,10.0
1122,2.587,0.2122,0.3061,0.1429,0.1837,intermediate,0,20.649,6.0
1123,16.384,0.1193,0.2045,0.0000,0.1591,intermediate,0,18.662,20.0
1124,9.123,0.1385,0.2308,0.0000,0.1923,intermediate,0,17.519,10.0
1125,4.074,0.2373,0.3137,0.1961,0.1961,intermediate,0,12.833,6.0
1126,23.331,0.1786,0.2857,0.0000,0.2619,intermediate,0,22.605,30.0
1127,15.235,0.2583,0.3125,0.2292,0.2292,crystalline,0,21.423,20.0
1128,9.343,0.2064,0.2340,0.1915,0.1915,intermediate,0,27.132,10.0
1129,20.644,0.1902,0.2927,0.0000,0.2927,intermediate,0,42.836,30.0
1130,13.515,0.1766,0.2128,0.1277,0.1915,intermediate,0,22.403,20.0
1131,27.933,0.1848,0.3043,0.0000,0.2609,intermediate,0,56.169,30.0
1132,3.060,0.2010,0.2800,0.1400,0.1800,intermediate,0,13.021,6.0
1133,30.601,0.3000,0.5625,0.0000,0.3438,crystalline,0,31.616,40.0
1134,7.313,0.2330,0.3200,0.1400,0.2400,intermediate,0,14.990,10.0
1135,8.852,0.1490,0.2745,0.0000,0.1765,intermediate,0,13.254,10.0
1136,25.358,0.1441,0.2353,0.0000,0.2059,intermediate,0,57.864,30.0
1137,30.578,0.2435,0.4348,0.0000,0.3043,intermediate,0,37.030,40.0
1138,4.798,0.1033,0.1333,0.0667,0.1111,amorphous,0,22.555,6.0
1139,28.780,0.1352,0.2593,0.0000,0.1481,intermediate,0,27.394,30.0
1140,20.346,0.2886,0.3409,0.2500,0.2727,crystalline,0,31.296,30.0
1141,9.291,0.1000,0.1633,0.0000,0.1429,intermediate,0,29.939,10.0
1142,13.146,0.1100,0.2000,0.0000,0.1333,intermediate,0,36.741,20.0
1143,20.434,0.1881,0.3333,0.0000,0.2381,intermediate,0,21.142,30.0
1144,18.974,0.1062,0.1750,0.0000,0.1500,intermediate,0,41.438,20.0
1145,18.311,0.1760,0.2708,0.0000,0.2708,intermediate,0,34.021,20.0
1146,27.329,0.3117,0.3667,0.2667,0.3000,crystalline,0,62.836,30.0
1147,27.700,0.2106,0.3939,0.0000,0.2424,intermediate,0,31.825,30.0
1148,9.780,0.2157,0.2745,0.1569,0.2157,intermediate,0,26.310,10.0
1149,9.590,0.2678,0.3333,0.2222,0.2444,crystalline,0,28.706,10.0
1150,13.220,0.1133,0.1837,0.0000,0.1633,intermediate,0,16.538,20.0
1151,30.591,0.2386,0.4091,0.0000,0.3182,intermediate,0,67.780,40.0
1152,21.905,0.1091,0.1818,0.0000,0.1515,intermediate,0,52.272,30.0
1153,26.789,0.2462,0.4615,0.0000,0.2821,intermediate,0,27.379,30.0
1154,23.627,0.1150,0.2000,0.0000,0.1500,intermediate,0,48.492,30.0
1155,18.034,0.1700,0.2000,0.1333,0.1778,intermediate,0,41.327,20.0
1156,22.345,0.0667,0.1026,0.0000,0.1026,amorphous,0,51.528,30.0
1157,17.996,0.2058,0.3488,0.0000,0.2791,intermediate,0,31.655,20.0
1158,6.309,0.1750,0.2200,0.1600,0.1400,intermediate,0,12.680,10.0
1159,21.646,0.1821,0.2143,0.1429,0.1905,intermediate,0,45.280,30.0
1160,17.215,0.0955,0.1364,0.0000,0.1591,intermediate,0,17.227,20.0
1161,4.879,0.1359,0.2391,0.0000,0.1739,intermediate,0,12.346,6.0
1162,8.215,0.2559,0.3137,0.2157,0.2353,crystalline,0,13.695,10.0
1163,2.440,0.2490,0.3200,0.2200,0.2000,intermediate,0,18.904,6.0
1164,16.923,0.0783,0.1304,0.0000,0.1087,amorphous,0,40.929,20.0
1165,6.433,0.2048,0.2692,0.1346,0.2115,intermediate,0,17.991,10.0
1166,6.600,0.3150,0.4200,0.2400,0.2800,crystalline,0,13.070,10.0
1167,25.505,0.1469,0.3125,0.0000,0.1250,intermediate,0,44.086,30.0
1168,8.307,0.1141,0.1957,0.0000,0.1522,intermediate,0,24.350,10.0
1169,13.580,0.1193,0.2045,0.0000,0.1591,intermediate,0,34.048,20.0
1170,28.815,0.2129,0.3871,0.0000,0.2581,intermediate,0,27.235,30.0
1171,5.683,0.1429,0.2041,0.0816,0.1429,intermediate,0,20.277,6.0
1172,6.237,0.1411,0.1556,0.1333,0.1333,intermediate,0,24.727,10.0
1173,29.705,0.2022,0.2609,0.1304,0.2174,intermediate,0,27.490,30.0
1174,4.073,0.2852,0.3704,0.2222,0.2593,crystalline,0,14.036,6.0
1175,19.038,0.2854,0.3333,0.2500,0.2708,crystalline,0,32.299,20.0
1176,11.421,0.1454,0.2407,0.0000,0.2037,intermediate,0,19.975,20.0
1177,15.928,0.1860,0.2326,0.1395,0.1860,intermediate,0,35.809,20.0
1178,4.979,0.2564,0.3636,0.1818,0.2182,crystalline,0,14.704,6.0
1179,23.356,0.2238,0.4250,0.0000,0.2500,intermediate,0,22.055,30.0
1180,9.447,0.1491,0.2642,0.0000,0.1887,intermediate,0,18.330,10.0
1181,16.150,0.1735,0.2857,0.0000,0.2449,intermediate,0,23.991,20.0
1182,15.747,0.2882,0.3725,0.2157,0.2745,crystalline,0,21.925,20.0
1183,17.558,0.1130,0.1739,0.0000,0.1739,intermediate,0,37.867,20.0
1184,12.067,0.0894,0.1277,0.0000,0.1489,intermediate,0,24.240,20.0
1185,2.498,0.1778,0.1778,0.1778,0.1778,intermediate,0,15.448,6.0
1186,30.683,0.0750,0.1364,0.0000,0.0909,amorphous,0,27.732,40.0
1187,30.635,0.2839,0.5357,0.0000,0.3214,crystalline,0,33.177,40.0
1188,5.945,0.3054,0.4130,0.2174,0.2826,crystalline,0,11.274,6.0
1189,11.350,0.1744,0.2889,0.0000,0.2444,intermediate,0,29.682,20.0
1190,15.557,0.2659,0.3409,0.2045,0.2500,crystalline,0,26.215,20.0
1191,26.139,0.1264,0.1944,0.0000,0.1944,intermediate,0,30.692,30.0
1192,26.739,0.1885,0.3077,0.0000,0.2692,intermediate,0,59.327,30.0
1193,21.317,0.1489,0.2500,0.0000,0.2045,intermediate,0,35.229,30.0
1194,32.432,0.2705,0.5000,0.0000,0.3182,crystalline,0,32.844,40.0
1195,12.479,0.1045,0.1818,0.0000,0.1364,intermediate,0,19.253,20.0
1196,30.102,0.2333,0.4167,0.0000,0.2917,intermediate,0,34.515,40.0
1197,30.697,0.2818,0.4545,0.0000,0.4091,crystalline,0,67.759,40.0
1198,3.672,0.2029,0.2353,0.1765,0.1961,intermediate,0,11.480,6.0
1199,17.415,0.0619,0.0952,0.0000,0.0952,amorphous,0,39.245,20.0
1200,20.209,0.3641,0.4783,0.2826,0.3261,crystalline,0,27.461,30.0
1201,28.536,0.2113,0.3548,0.0000,0.2903,intermediate,0,26.335,30.0
1202,25.997,0.2588,0.4118,0.0000,0.3824,crystalline,0,33.158,30.0
1203,21.792,0.2966,0.3864,0.2273,0.2727,crystalline,0,21.636,30.0
1204,20.612,0.1272,0.1957,0.0000,0.1957,intermediate,0,18.644,30.0
1205,9.053,0.2337,0.3256,0.1628,0.2093,intermediate,0,12.049,10.0
1206,5.391,0.1240,0.2292,0.0000,0.1458,intermediate,0,19.791,6.0
1207,11.281,0.1286,0.2449,0.0000,0.1429,intermediate,0,29.945,20.0
1208,28.513,0.1667,0.3333,0.0000,0.1667,intermediate,0,47.818,30.0
1209,7.026,0.1856,0.1778,0.2000,0.1778,intermediate,0,12.291,10.0
1210,8.626,0.0948,0.1458,0.0000,0.1458,intermediate,0,33.065,10.0
1211,23.465,0.2179,0.3590,0.0000,0.3077,intermediate,0,31.064,30.0
1212,25.448,0.2412,0.4750,0.0000,0.2500,intermediate,0,24.669,30.0
1213,13.878,0.0641,0.1087,0.0000,0.0870,amorphous,0,37.057,20.0
1214,18.451,0.2989,0.4000,0.2444,0.2444,crystalline,0,28.138,20.0
1215,19.565,0.1102,0.1591,0.0000,0.1818,intermediate,0,18.040,20.0
1216,16.214,0.1886,0.2045,0.1591,0.2045,intermediate,0,38.207,20.0
1217,20.074,0.2125,0.3500,0.0000,0.3000,intermediate,0,18.971,30.0
1218,26.923,0.1429,0.2143,0.0714,0.1429,intermediate,0,48.245,30.0
1219,31.024,0.2479,0.4583,0.0000,0.2917,intermediate,0,64.594,40.0
1220,32.569,0.2650,0.5000,0.0000,0.3000,crystalline,0,36.089,40.0
1221,27.198,0.2371,0.4571,0.0000,0.2571,intermediate,0,25.412,30.0
1222,19.104,0.2564,0.3404,0.1915,0.2340,crystalline,0,19.576,20.0
1223,23.295,0.2573,0.4634,0.0000,0.3171,crystalline,0,25.162,30.0
1224,6.155,0.3610,0.4400,0.3000,0.3400,crystalline,0,12.446,10.0
1225,26.846,0.2577,0.3462,0.1923,0.2308,crystalline,0,45.750,30.0
1226,10.309,0.0830,0.1277,0.0000,0.1277,intermediate,0,33.786,20.0
1227,24.471,0.1812,0.3250,0.0000,0.2250,intermediate,0,33.378,30.0
1228,27.061,0.3063,0.4167,0.2083,0.2917,crystalline,0,61.047,30.0
1229,25.663,0.2111,0.3889,0.0000,0.2500,intermediate,0,23.137,30.0
1230,5.406,0.1083,0.1667,0.0000,0.1667,intermediate,0,27.096,6.0
1231,15.499,0.2125,0.2273,0.2045,0.2045,intermediate,0,17.302,20.0
1232,26.750,0.2667,0.5000,0.0000,0.3056,crystalline,0,24.975,30.0
1233,18.451,0.3698,0.4792,0.2917,0.3333,crystalline,0,25.081,20.0
1234,26.040,0.3014,0.5135,0.0000,0.4054,crystalline,0,27.240,30.0
1235,16.142,0.2500,0.3256,0.2093,0.2093,crystalline,0,22.113,20.0
1236,24.551,0.1274,0.2258,0.0000,0.1613,intermediate,0,56.072,30.0
1237,17.274,0.1744,0.2791,0.0000,0.2558,intermediate,0,18.177,20.0
1238,13.213,0.0987,0.1750,0.0000,0.1250,intermediate,0,18.442,20.0
1239,30.356,0.2421,0.4211,0.0000,0.3158,intermediate,0,36.537,40.0
1240,26.881,0.1138,0.2069,0.0000,0.1379,intermediate,0,49.479,30.0
1241,11.143,0.3020,0.3800,0.2600,0.2600,crystalline,0,18.576,20.0
1242,2.805,0.0443,0.0682,0.0000,0.0682,amorphous,0,26.084,6.0
1243,12.922,0.1415,0.2766,0.0000,0.1489,intermediate,0,22.442,20.0
1244,31.590,0.2079,0.3684,0.0000,0.2632,intermediate,0,59.581,40.0
1245,5.572,0.2511,0.2955,0.2273,0.2273,crystalline,0,10.992,6.0
1246,15.539,0.2857,0.3265,0.2449,0.2857,crystalline,0,31.384,20.0
1247,18.929,0.1012,0.1667,0.0000,0.1429,intermediate,0,37.102,20.0
1248,20.052,0.1477,0.2273,0.0000,0.2273,intermediate,0,34.830,30.0
1249,6.672,0.2962,0.3585,0.2453,0.2830,crystalline,0,13.008,10.0
1250,2.948,0.2406,0.3019,0.2075,0.2075,intermediate,0,13.636,6.0
1251,16.537,0.3000,0.3673,0.2449,0.2857,crystalline,0,19.050,20.0
1252,15.471,0.1182,0.1818,0.0000,0.1818,intermediate,0,14.416,20.0
1253,28.050,0.2125,0.3500,0.0000,0.3000,intermediate,0,57.958,30.0
1254,22.205,0.1658,0.1842,0.1316,0.1842,intermediate,0,49.440,30.0
1255,13.722,0.1291,0.2093,0.0000,0.1860,intermediate,0,14.401,20.0
1256,10.467,0.1804,0.3478,0.0000,0.1957,intermediate,0,12.354,20.0
1257,5.855,0.3286,0.4490,0.2449,0.2857,crystalline,0,14.094,6.0
1258,16.154,0.1250,0.1818,0.0000,0.2045,intermediate,0,14.991,20.0
1259,7.824,0.1310,0.2200,0.0000,0.1800,intermediate,0,12.890,10.0
1260,4.027,0.2122,0.2653,0.1837,0.1837,intermediate,0,19.417,6.0
1261,22.279,0.1476,0.2381,0.0000,0.2143,intermediate,0,19.190,30.0
1262,10.730,0.1320,0.2400,0.0000,0.1600,intermediate,0,32.557,20.0
1263,5.689,0.1948,0.2292,0.1667,0.1875,intermediate,0,20.813,6.0
1264,13.474,0.1435,0.2609,0.0000,0.1739,intermediate,0,16.765,20.0
1265,29.468,0.1893,0.3571,0.0000,0.2143,intermediate,0,59.712,30.0
1266,24.887,0.1338,0.2432,0.0000,0.1622,intermediate,0,21.738,30.0
1267,23.786,0.1338,0.2432,0.0000,0.1622,intermediate,0,46.111,30.0
1268,16.466,0.1869,0.3095,0.0000,0.2619,intermediate,0,31.954,20.0
1269,29.859,0.1238,0.1905,0.0000,0.1905,intermediate,0,35.499,30.0
1270,21.585,0.1453,0.2558,0.0000,0.1860,intermediate,0,21.171,30.0
1271,24.737,0.1695,0.3171,0.0000,0.1951,intermediate,0,40.726,30.0
1272,28.569,0.2227,0.3636,0.0000,0.3182,intermediate,0,44.645,30.0
1273,24.002,0.1676,0.2703,0.0000,0.2432,intermediate,0,40.045,30.0
1274,15.176,0.0702,0.1190,0.0000,0.0952,amorphous,0,15.316,20.0
1275,8.762,0.3038,0.4151,0.2264,0.2642,crystalline,0,11.442,10.0
1276,3.219,0.2314,0.2745,0.2353,0.1765,intermediate,0,15.536,6.0
1277,8.110,0.3080,0.4400,0.2000,0.2800,crystalline,0,15.791,10.0
1278,16.391,0.1383,0.2128,0.0000,0.2128,intermediate,0,34.307,20.0
1279,8.212,0.0886,0.1364,0.0000,0.1364,intermediate,0,24.645,10.0
1280,26.468,0.2121,0.4242,0.0000,0.2121,intermediate,0,26.183,30.0
1281,9.402,0.1638,0.2128,0.1277,0.1489,intermediate,0,11.597,10.0
1282,28.075,0.2129,0.3871,0.0000,0.2581,intermediate,0,28.973,30.0
1283,25.837,0.0574,0.0882,0.0000,0.0882,amorphous,0,21.954,30.0
1284,24.788,0.1671,0.2571,0.0000,0.2571,intermediate,0,50.634,30.0
1285,22.286,0.2439,0.3415,0.1463,0.2439,intermediate,0,19.462,30.0
1286,7.291,0.2577,0.3077,0.2308,0.2308,crystalline,0,11.963,10.0
1287,21.693,0.3488,0.3902,0.2927,0.3659,crystalline,0,25.276,30.0
1288,6.496,0.1033,0.1333,0.0667,0.1111,amorphous,0,29.449,10.0
1289,8.680,0.0972,0.1667,0.0000,0.1296,intermediate,0,9.321,10.0
1290,30.604,0.2404,0.4231,0.0000,0.3077,intermediate,0,30.624,40.0
1291,29.921,0.2750,0.5000,0.0000,0.3333,crystalline,0,27.093,30.0
1292,24.264,0.1462,0.2250,0.0000,0.2250,intermediate,0,35.582,30.0
1293,19.897,0.3034,0.3636,0.2500,0.2955,crystalline,0,21.788,20.0
1294,21.988,0.1293,0.2439,0.0000,0.1463,intermediate,0,42.927,30.0
1295,9.869,0.2940,0.3600,0.2400,0.2800,crystalline,0,19.633,10.0
1296,12.254,0.1167,0.1905,0.0000,0.1667,intermediate,0,14.482,20.0
1297,18.110,0.1704,0.2245,0.1224,0.1633,intermediate,0,16.146,20.0
1298,15.025,0.1057,0.1136,0.0909,0.1136,amorphous,0,13.853,20.0
1299,23.489,0.1475,0.2500,0.0000,0.2000,intermediate,0,50.139,30.0
1300,29.099,0.1040,0.1600,0.0000,0.1600,intermediate,0,41.985,30.0
1301,30.077,0.1694,0.2778,0.1111,0.1111,intermediate,0,26.301,40.0
1302,4.845,0.2961,0.3725,0.2549,0.2549,crystalline,0,13.089,6.0
1303,9.213,0.2682,0.3864,0.2045,0.2045,crystalline,0,12.649,10.0
1304,16.965,0.1167,0.2000,0.0000,0.1556,intermediate,0,41.076,20.0
1305,12.387,0.1596,0.2553,0.0000,0.2340,intermediate,0,25.227,20.0
1306,5.999,0.2882,0.3922,0.1961,0.2745,crystalline,0,14.376,6.0
1307,25.888,0.1781,0.2500,0.1250,0.1562,intermediate,0,38.995,30.0
1308,17.794,0.2755,0.2979,0.2340,0.2979,crystalline,0,27.964,20.0
1309,7.353,0.3353,0.4314,0.2745,0.2941,crystalline,0,15.379,10.0
1310,15.735,0.0924,0.1522,0.0000,0.1304,intermediate,0,36.299,20.0
1311,10.823,0.0755,0.1064,0.0000,0.1277,amorphous,0,13.219,20.0
1312,4.413,0.1698,0.3256,0.0000,0.1860,intermediate,0,11.637,6.0
1313,22.200,0.1432,0.2703,0.0000,0.1622,intermediate,0,36.923,30.0
1314,28.747,0.1519,0.2692,0.0000,0.1923,intermediate,0,32.784,30.0
1315,16.267,0.0907,0.1395,0.0000,0.1395,intermediate,0,16.552,20.0
1316,20.910,0.2891,0.3261,0.2391,0.3043,crystalline,0,27.749,30.0
1317,5.651,0.2791,0.3273,0.2364,0.2727,crystalline,0,14.748,6.0
1318,6.523,0.2686,0.3529,0.1961,0.2549,crystalline,0,8.765,10.0
1319,10.339,0.1458,0.1875,0.1042,0.1458,intermediate,0,22.623,20.0
1320,5.237,0.3104,0.4340,0.2264,0.2642,crystalline,0,13.717,6.0
1321,25.742,0.1091,0.1818,0.0000,0.1515,intermediate,0,27.667,30.0
1322,23.440,0.1974,0.2308,0.1795,0.1795,intermediate,0,50.659,30.0
1323,25.364,0.1885,0.3846,0.0000,0.1795,intermediate,0,21.545,30.0
1324,7.738,0.1979,0.3333,0.0000,0.2708,intermediate,0,9.633,10.0
1325,27.065,0.0935,0.1290,0.0000,0.1613,intermediate,0,51.262,30.0
1326,14.140,0.1151,0.2093,0.0000,0.1395,intermediate,0,34.958,20.0
1327,31.321,0.1921,0.3684,0.0000,0.2105,intermediate,0,59.919,40.0
1328,5.911,0.1415,0.1702,0.1064,0.1489,intermediate,0,23.727,6.0
1329,23.814,0.1500,0.2308,0.0000,0.2308,intermediate,0,19.758,30.0
1330,26.047,0.1912,0.2941,0.0000,0.2941,intermediate,0,48.289,30.0
1331,15.943,0.1179,0.2143,0.0000,0.1429,intermediate,0,16.230,20.0
1332,3.553,0.1322,0.2444,0.0000,0.1556,intermediate,0,8.711,6.0
1333,21.749,0.2226,0.2381,0.2143,0.2143,intermediate,0,46.354,30.0
1334,23.792,0.3154,0.3590,0.2564,0.3333,crystalline,0,28.465,30.0
1335,22.401,0.2107,0.3571,0.0000,0.2857,intermediate,0,47.276,30.0
1336,8.787,0.2128,0.2340,0.1915,0.2128,intermediate,0,26.609,10.0
1337,8.461,0.1580,0.2800,0.0000,0.2000,intermediate,0,14.486,10.0
1338,13.656,0.1117,0.1915,0.0000,0.1489,intermediate,0,18.727,20.0
1339,18.198,0.1826,0.3023,0.0000,0.2558,intermediate,0,15.634,20.0
1340,30.353,0.2283,0.3913,0.0000,0.3043,intermediate,0,64.206,40.0
1341,31.907,0.2260,0.4400,0.0000,0.2400,intermediate,0,28.898,40.0
1342,15.362,0.1696,0.2609,0.0000,0.2609,intermediate,0,20.021,20.0
1343,23.068,0.1987,0.3750,0.0000,0.2250,intermediate,0,19.567,30.0
1344,28.885,0.1848,0.3043,0.0000,0.2609,intermediate,0,62.896,30.0
1345,31.189,0.2389,0.4444,0.0000,0.2778,intermediate,0,64.407,40.0
1346,22.065,0.1303,0.2368,0.0000,0.1579,intermediate,0,44.923,30.0
1347,21.178,0.1524,0.2683,0.0000,0.1951,intermediate,0,30.158,30.0
1348,5.546,0.2708,0.3542,0.1875,0.2708,crystalline,0,19.780,6.0
1349,26.214,0.2292,0.4167,0.0000,0.2778,intermediate,0,22.681,30.0
1350,12.311,0.1510,0.2600,0.0000,0.2000,intermediate,0,17.491,20.0
1351,20.120,0.2708,0.3125,0.2292,0.2708,crystalline,0,42.949,30.0
1352,5.223,0.0867,0.1429,0.0000,0.1224,intermediate,0,9.901,6.0
1353,17.489,0.2256,0.2791,0.1860,0.2093,intermediate,0,33.784,20.0
1354,25.995,0.0828,0.1562,0.0000,0.0938,amorphous,0,54.332,30.0
1355,21.856,0.1341,0.2273,0.0000,0.1818,intermediate,0,45.777,30.0
1356,8.486,0.0641,0.1087,0.0000,0.0870,amorphous,0,30.175,10.0
1357,31.462,0.2646,0.5417,0.0000,0.2500,crystalline,0,30.416,40.0
1358,27.604,0.2185,0.3704,0.0000,0.2963,intermediate,0,30.772,30.0
1359,29.166,0.0660,0.1200,0.0000,0.0800,amorphous,0,23.853,30.0
1360,22.345,0.2674,0.3043,0.2174,0.2826,crystalline,0,22.394,30.0
1361,24.541,0.1054,0.1622,0.0000,0.1622,intermediate,0,48.650,30.0
1362,12.137,0.1120,0.2000,0.0000,0.1400,intermediate,0,30.642,20.0
1363,4.993,0.2011,0.3696,0.0000,0.2391,intermediate,0,18.263,6.0
1364,28.455,0.2024,0.3333,0.0000,0.2857,intermediate,0,60.760,30.0
1365,4.722,0.3214,0.4286,0.2449,0.2857,crystalline,0,15.916,6.0
1366,25.970,0.1147,0.1765,0.0000,0.1765,intermediate,0,53.334,30.0
1367,26.027,0.1320,0.2400,0.0000,0.1600,intermediate,0,55.884,30.0
1368,11.215,0.1319,0.2128,0.0000,0.1915,intermediate,0,26.290,20.0
1369,5.636,0.0777,0.1064,0.0426,0.0851,amorphous,0,23.404,6.0
1370,4.615,0.0777,0.1489,0.0000,0.0851,amorphous,0,27.421,6.0
1371,5.544,0.1755,0.3191,0.0000,0.2128,intermediate,0,10.186,6.0
1372,18.380,0.2822,0.3333,0.2444,0.2667,crystalline,0,19.709,20.0
1373,17.056,0.0786,0.1429,0.0000,0.0952,amorphous,0,34.796,20.0
1374,14.305,0.1562,0.2500,0.0000,0.2292,intermediate,0,19.356,20.0
1375,20.988,0.2111,0.3556,0.0000,0.2889,intermediate,0,43.556,30.0
1376,30.117,0.1150,0.2000,0.0000,0.1500,intermediate,0,54.588,40.0
1377,30.519,0.2638,0.5172,0.0000,0.2759,crystalline,0,27.996,40.0
1378,9.582,0.1600,0.1600,0.1600,0.1600,intermediate,0,28.988,10.0
1379,7.276,0.3196,0.4130,0.2391,0.3043,crystalline,0,8.416,10.0
1380,26.899,0.1533,0.2667,0.0000,0.2000,intermediate,0,57.909,30.0
1381,5.850,0.1491,0.1852,0.1296,0.1296,intermediate,0,9.128,6.0
1382,15.847,0.1111,0.1556,0.0667,0.1111,amorphous,0,13.325,20.0
1383,8.429,0.1064,0.1489,0.0638,0.1064,amorphous,0,20.277,10.0
1384,29.001,0.2062,0.3750,0.0000,0.2500,intermediate,0,59.305,30.0
1385,11.007,0.1224,0.1633,0.0816,0.1224,intermediate,0,19.128,20.0
1386,26.060,0.0629,0.0968,0.0000,0.0968,amorphous,0,20.699,30.0
1387,25.667,0.1641,0.2812,0.0000,0.2188,intermediate,0,48.981,30.0
1388,9.877,0.2380,0.2609,0.1957,0.2609,intermediate,0,21.055,10.0
1389,9.803,0.1156,0.1875,0.0000,0.1667,intermediate,0,32.930,10.0
1390,11.343,0.1045,0.1818,0.0000,0.1364,intermediate,0,11.293,20.0
1391,11.585,0.1755,0.3265,0.0000,0.2041,intermediate,0,13.509,20.0
1392,22.124,0.3500,0.4286,0.2857,0.3333,crystalline,0,27.927,30.0
1393,26.392,0.0362,0.1034,0.0000,0.0000,amorphous,0,52.411,30.0
1394,28.765,0.1860,0.3600,0.0000,0.2000,intermediate,0,59.263,30.0
1395,11.375,0.1567,0.2500,0.0000,0.2308,intermediate,0,14.270,20.0
1396,28.334,0.1286,0.2143,0.0000,0.1786,intermediate,0,54.769,30.0
1397,2.798,0.1214,0.2245,0.0000,0.1429,intermediate,0,10.148,6.0
1398,20.934,0.2060,0.4048,0.0000,0.2143,intermediate,0,18.413,30.0
1399,8.624,0.2659,0.3636,0.1818,0.2500,crystalline,0,8.029,10.0
1400,16.055,0.1674,0.2791,0.0000,0.2326,intermediate,0,28.253,20.0
1401,23.415,0.1987,0.3750,0.0000,0.2250,intermediate,0,42.628,30.0
1402,30.349,0.3292,0.3750,0.2083,0.4167,crystalline,0,32.880,40.0
1403,22.789,0.2036,0.3571,0.0000,0.2619,intermediate,0,25.906,30.0
1404,8.134,0.0702,0.1277,0.0000,0.0851,amorphous,0,8.177,10.0
1405,24.425,0.2943,0.3143,0.2571,0.3143,crystalline,0,51.562,30.0
1406,24.040,0.2200,0.3500,0.0000,0.3250,intermediate,0,27.460,30.0
1407,7.794,0.1798,0.2500,0.1154,0.1731,intermediate,0,19.014,10.0
1408,17.496,0.3071,0.3878,0.2449,0.2857,crystalline,0,26.895,20.0
1409,29.761,0.1720,0.3200,0.0000,0.2000,intermediate,0,59.418,30.0
1410,30.204,0.1283,0.2174,0.0000,0.1739,intermediate,0,36.835,40.0
1411,25.826,0.1559,0.1765,0.1176,0.1765,intermediate,0,51.768,30.0
1412,19.228,0.2367,0.2667,0.2000,0.2444,intermediate,0,25.644,20.0
1413,23.296,0.1784,0.2955,0.0000,0.2500,intermediate,0,47.872,30.0
1414,9.528,0.1282,0.1795,0.0769,0.1282,intermediate,0,29.494,10.0
1415,17.752,0.1881,0.3333,0.0000,0.2381,intermediate,0,15.277,20.0
1416,7.194,0.2229,0.2917,0.1667,0.2083,intermediate,0,19.456,10.0
1417,6.895,0.3426,0.4468,0.2766,0.2979,crystalline,0,8.049,10.0
1418,12.121,0.1616,0.3023,0.0000,0.1860,intermediate,0,10.268,20.0
1419,22.283,0.2073,0.3415,0.0000,0.2927,intermediate,0,23.090,30.0
1420,5.404,0.1156,0.1875,0.0000,0.1667,intermediate,0,7.561,6.0
1421,28.114,0.1565,0.2609,0.0000,0.2174,intermediate,0,35.386,30.0
1422,19.824,0.1924,0.3261,0.0000,0.2609,intermediate,0,22.745,20.0
1423,7.307,0.3212,0.4038,0.2500,0.3077,crystalline,0,9.171,10.0
1424,6.203,0.0602,0.1020,0.0000,0.0816,amorphous,0,26.626,10.0
1425,9.621,0.0956,0.1778,0.0000,0.1111,amorphous,0,10.575,10.0
1426,20.800,0.1313,0.2250,0.0000,0.1750,intermediate,0,42.006,30.0
1427,12.555,0.1580,0.2800,0.0000,0.2000,intermediate,0,10.719,20.0
1428,21.890,0.3182,0.3636,0.2727,0.3182,crystalline,0,30.245,30.0
1429,15.146,0.1383,0.2128,0.0000,0.2128,intermediate,0,20.905,20.0
1430,24.879,0.1486,0.1944,0.1111,0.1389,intermediate,0,19.744,30.0
1431,19.325,0.1211,0.2105,0.0000,0.1579,intermediate,0,17.531,20.0
1432,8.978,0.2500,0.3137,0.2157,0.2157,crystalline,0,14.519,10.0
1433,13.359,0.1531,0.2449,0.0000,0.2245,intermediate,0,13.305,20.0
1434,30.249,0.2357,0.4286,0.0000,0.2857,intermediate,0,25.997,40.0
1435,20.474,0.2244,0.3023,0.1395,0.2326,intermediate,0,16.181,30.0
1436,13.388,0.0981,0.1509,0.0000,0.1509,intermediate,0,16.542,20.0
1437,13.096,0.0890,0.1707,0.0000,0.0976,amorphous,0,12.327,20.0
1438,16.782,0.1596,0.2553,0.0000,0.2340,intermediate,0,15.804,20.0
1439,29.363,0.3333,0.4444,0.2222,0.3333,crystalline,0,62.376,30.0
1440,5.104,0.0702,0.1277,0.0000,0.0851,amorphous,0,25.019,6.0
1441,12.817,0.0656,0.1111,0.0000,0.0889,amorphous,0,32.938,20.0
1442,16.300,0.1576,0.2826,0.0000,0.1957,intermediate,0,25.830,20.0
1443,16.603,0.1966,0.2500,0.1364,0.2045,intermediate,0,23.575,20.0
1444,22.428,0.1179,0.2051,0.0000,0.1538,intermediate,0,45.402,30.0
1445,12.144,0.1633,0.3333,0.0000,0.1556,intermediate,0,10.665,20.0
1446,15.145,0.2857,0.3333,0.2381,0.2857,crystalline,0,30.340,20.0
1447,13.922,0.1233,0.2326,0.0000,0.1395,intermediate,0,12.530,20.0
1448,7.167,0.2729,0.3542,0.2292,0.2292,crystalline,0,7.248,10.0
1449,18.151,0.2194,0.2857,0.1837,0.1837,intermediate,0,22.017,20.0
1450,19.630,0.1814,0.2791,0.0000,0.2791,intermediate,0,39.242,20.0
1451,9.051,0.0957,0.1277,0.0000,0.1702,intermediate,0,11.218,10.0
1452,21.110,0.1678,0.2889,0.0000,0.2222,intermediate,0,44.464,30.0
1453,2.292,0.1511,0.1304,0.1522,0.1739,intermediate,0,7.100,6.0
1454,22.251,0.1857,0.2857,0.0000,0.2857,intermediate,0,25.353,30.0
1455,18.825,0.1630,0.2609,0.0000,0.2391,intermediate,0,40.152,20.0
1456,24.731,0.1662,0.3235,0.0000,0.1765,intermediate,0,43.561,30.0
1457,15.235,0.1024,0.1463,0.0000,0.1707,intermediate,0,32.273,20.0
1458,28.597,0.3129,0.4516,0.1935,0.2903,crystalline,0,24.825,30.0
1459,24.013,0.2538,0.4615,0.0000,0.3077,crystalline,0,19.329,30.0
1460,23.224,0.1964,0.3571,0.0000,0.2381,intermediate,0,43.283,30.0
1461,8.254,0.2315,0.4565,0.0000,0.2391,intermediate,0,13.865,10.0
1462,27.046,0.1385,0.2308,0.0000,0.1923,intermediate,0,48.957,30.0
1463,27.298,0.1385,0.2308,0.0000,0.1923,intermediate,0,57.378,30.0
1464,25.453,0.2318,0.4545,0.0000,0.2424,intermediate,0,21.780,30.0
1465,24.684,0.3588,0.4500,0.2750,0.3500,crystalline,0,21.500,30.0
1466,30.732,0.0800,0.1000,0.0000,0.1500,amorphous,0,24.111,40.0
1467,19.745,0.1826,0.3023,0.0000,0.2558,intermediate,0,38.638,20.0
1468,11.497,0.2377,0.2642,0.1887,0.2642,intermediate,0,15.107,20.0
1469,29.048,0.1036,0.1429,0.0000,0.1786,intermediate,0,38.750,30.0
1470,23.779,0.1387,0.2250,0.0000,0.2000,intermediate,0,36.450,30.0
1471,9.465,0.3610,0.4600,0.2800,0.3400,crystalline,0,8.203,10.0
1472,18.319,0.3023,0.3256,0.2791,0.3023,crystalline,0,29.432,20.0
1473,6.456,0.2873,0.3529,0.2157,0.2941,crystalline,0,10.409,10.0
1474,32.251,0.1500,0.3000,0.0000,0.1500,intermediate,0,27.136,40.0
1475,18.883,0.1134,0.2195,0.0000,0.1220,intermediate,0,13.893,20.0
1476,27.331,0.1700,0.3143,0.0000,0.2000,intermediate,0,23.770,30.0
1477,18.368,0.2917,0.3750,0.2083,0.2917,crystalline,0,19.857,20.0
1478,29.995,0.1435,0.2609,0.0000,0.1739,intermediate,0,54.899,40.0
1479,22.323,0.1833,0.3333,0.0000,0.2222,intermediate,0,33.654,30.0
1480,12.660,0.1927,0.3542,0.0000,0.2292,intermediate,0,11.724,20.0
1481,8.236,0.1319,0.2128,0.0000,0.1915,intermediate,0,21.405,10.0
1482,6.457,0.1292,0.2075,0.0000,0.1887,intermediate,0,8.373,10.0
1483,2.977,0.2300,0.2667,0.2000,0.2222,intermediate,0,8.093,6.0
1484,10.282,0.3337,0.4490,0.2245,0.3265,crystalline,0,12.730,20.0
1485,10.828,0.1949,0.3469,0.0000,0.2449,intermediate,0,14.202,20.0
1486,28.241,0.2000,0.3571,0.0000,0.2500,intermediate,0,41.538,30.0
1487,16.758,0.1930,0.2000,0.1800,0.2000,intermediate,0,15.288,20.0
1488,16.359,0.2142,0.2642,0.1698,0.2075,intermediate,0,19.531,20.0
1489,8.764,0.2181,0.4043,0.0000,0.2553,intermediate,0,8.767,10.0
1490,19.661,0.1898,0.2500,0.1364,0.1818,intermediate,0,37.382,20.0
1491,27.013,0.2486,0.4722,0.0000,0.2778,intermediate,0,21.431,30.0
1492,21.834,0.1440,0.2143,0.0952,0.1190,intermediate,0,41.424,30.0
1493,22.769,0.0650,0.1000,0.0000,0.1000,amorphous,0,16.043,30.0
1494,21.938,0.1087,0.2250,0.0000,0.1000,amorphous,0,15.947,30.0
1495,13.588,0.0955,0.1364,0.0000,0.1591,intermediate,0,13.135,20.0
1496,27.919,0.1905,0.3810,0.0000,0.1905,intermediate,0,47.410,30.0
1497,5.917,0.3020,0.3725,0.2549,0.2745,crystalline,0,14.190,6.0
1498,15.859,0.1083,0.1667,0.0000,0.1667,intermediate,0,14.603,20.0
1499,28.767,0.3891,0.4348,0.3043,0.4348,crystalline,0,45.489,30.0
1500,6.712,0.2426,0.2979,0.2128,0.2128,intermediate,0,7.694,10.0
1501,4.556,0.3029,0.3654,0.2692,0.2692,crystalline,0,14.665,6.0
1502,14.511,0.1167,0.2000,0.0000,0.1556,intermediate,0,28.602,20.0
1503,4.939,0.2255,0.2857,0.1837,0.2041,intermediate,0,6.895,6.0
1504,6.750,0.2500,0.2979,0.2340,0.2128,intermediate,0,15.322,10.0
1505,27.879,0.2800,0.3600,0.2000,0.2800,crystalline,0,46.694,30.0
1506,22.583,0.3429,0.4286,0.2857,0.3095,crystalline,0,19.379,30.0
1507,8.188,0.0733,0.1333,0.0000,0.0889,amorphous,0,25.490,10.0
1508,9.788,0.1457,0.1739,0.1304,0.1304,intermediate,0,22.887,10.0
1509,13.266,0.1755,0.3265,0.0000,0.2041,intermediate,0,12.571,20.0
1510,27.267,0.2013,0.3333,0.0000,0.2821,intermediate,0,31.368,30.0
1511,20.105,0.2829,0.3947,0.2105,0.2368,crystalline,0,15.988,30.0
1512,6.348,0.3347,0.4286,0.2653,0.3061,crystalline,0,9.807,10.0
1513,27.554,0.1433,0.2667,0.0000,0.1667,intermediate,0,21.407,30.0
1514,19.310,0.1209,0.1860,0.0000,0.1860,intermediate,0,42.678,20.0
1515,21.595,0.1225,0.2000,0.0000,0.1750,intermediate,0,15.453,30.0
1516,8.678,0.3539,0.4706,0.2549,0.3333,crystalline,0,15.049,10.0
1517,25.944,0.2113,0.3548,0.0000,0.2903,intermediate,0,29.175,30.0
1518,25.917,0.2188,0.2812,0.1562,0.2188,intermediate,0,52.237,30.0
1519,31.487,0.2519,0.4231,0.0000,0.3462,crystalline,0,26.968,40.0
1520,18.261,0.2352,0.2727,0.2045,0.2273,intermediate,0,40.227,20.0
1521,14.973,0.1671,0.2105,0.1316,0.1579,intermediate,0,10.878,20.0
1522,18.664,0.1348,0.2174,0.0000,0.1957,intermediate,0,40.823,20.0
1523,10.223,0.3670,0.4600,0.2800,0.3600,crystalline,0,14.782,20.0
1524,20.535,0.1289,0.2105,0.0000,0.1842,intermediate,0,43.436,30.0
1525,15.753,0.1679,0.2821,0.0000,0.2308,intermediate,0,11.966,20.0
1526,26.658,0.1276,0.1842,0.0000,0.2105,intermediate,0,33.293,30.0
1527,8.709,0.3604,0.4717,0.2830,0.3208,crystalline,0,7.435,10.0
1528,11.679,0.2219,0.2500,0.1875,0.2292,intermediate,0,13.568,20.0
1529,3.418,0.1469,0.2449,0.0000,0.2041,intermediate,0,6.799,6.0
1530,8.730,0.0677,0.1042,0.0000,0.1042,amorphous,0,24.600,10.0
1531,20.760,0.3777,0.4894,0.2979,0.3404,crystalline,0,23.054,30.0
1532,7.849,0.1033,0.2000,0.0000,0.1111,amorphous,0,20.399,10.0
1533,7.021,0.3347,0.4082,0.2857,0.3061,crystalline,0,8.370,10.0
1534,10.888,0.1294,0.2353,0.0000,0.1569,intermediate,0,18.501,20.0
1535,24.945,0.1600,0.2857,0.0000,0.2000,intermediate,0,21.008,30.0
1536,31.861,0.2325,0.4500,0.0000,0.2500,intermediate,0,29.548,40.0
1537,7.873,0.2521,0.3125,0.2292,0.2083,crystalline,0,20.033,10.0
1538,16.157,0.1348,0.2174,0.0000,0.1957,intermediate,0,38.854,20.0
1539,5.198,0.3163,0.4038,0.2692,0.2692,crystalline,0,10.790,6.0
1540,15.519,0.3111,0.3556,0.2667,0.3111,crystalline,0,26.029,20.0
1541,23.671,0.1812,0.3250,0.0000,0.2250,intermediate,0,19.899,30.0
1542,13.732,0.1178,0.2222,0.0000,0.1333,intermediate,0,20.180,20.0
1543,12.531,0.2120,0.2609,0.1957,0.1739,intermediate,0,24.251,20.0
1544,17.887,0.1049,0.0976,0.0976,0.1220,amorphous,0,11.533,20.0
1545,19.143,0.2810,0.3600,0.2200,0.2600,crystalline,0,17.066,20.0
1546,29.399,0.1229,0.2083,0.0000,0.1667,intermediate,0,28.149,30.0
1547,22.130,0.1718,0.2564,0.1026,0.1538,intermediate,0,36.953,30.0
1548,23.793,0.2128,0.4103,0.0000,0.2308,intermediate,0,40.233,30.0
1549,6.057,0.1178,0.2222,0.0000,0.1333,intermediate,0,21.221,10.0
1550,23.038,0.1744,0.2564,0.0000,0.2821,intermediate,0,19.188,30.0
1551,28.660,0.1625,0.2500,0.0000,0.2500,intermediate,0,31.241,30.0
1552,29.030,0.1475,0.2500,0.0000,0.2000,intermediate,0,54.627,30.0
1553,29.159,0.2609,0.3043,0.2174,0.2609,crystalline,0,37.649,30.0
1554,20.515,0.1378,0.2683,0.0000,0.1463,intermediate,0,29.815,30.0
1555,18.617,0.1809,0.2979,0.0000,0.2553,intermediate,0,35.911,20.0
1556,24.947,0.2338,0.2703,0.1892,0.2432,intermediate,0,48.886,30.0
1557,5.983,0.2830,0.3800,0.2400,0.2200,crystalline,0,9.390,6.0
1558,9.056,0.2833,0.3922,0.2157,0.2353,crystalline,0,9.758,10.0
1559,28.116,0.2629,0.4194,0.0000,0.3871,crystalline,0,27.060,30.0
1560,27.993,0.0852,0.1481,0.0000,0.1111,amorphous,0,20.466,30.0
1561,26.414,0.2221,0.3824,0.0000,0.2941,intermediate,0,39.721,30.0
1562,2.904,0.2651,0.3585,0.1887,0.2453,crystalline,0,9.213,6.0
1563,21.819,0.1756,0.2927,0.0000,0.2439,intermediate,0,45.091,30.0
1564,20.628,0.1951,0.3902,0.0000,0.1951,intermediate,0,15.937,30.0
1565,8.513,0.2680,0.3800,0.1800,0.2400,crystalline,0,15.745,10.0
1566,18.296,0.1951,0.2195,0.1707,0.1951,intermediate,0,12.147,20.0
1567,31.040,0.1300,0.2000,0.0000,0.2000,intermediate,0,24.160,40.0
1568,9.375,0.3104,0.4340,0.2264,0.2642,crystalline,0,11.137,10.0
1569,25.842,0.2266,0.4062,0.0000,0.2812,intermediate,0,25.058,30.0
1570,18.092,0.2300,0.2889,0.1778,0.2222,intermediate,0,13.864,20.0
1571,12.768,0.3470,0.4400,0.2600,0.3400,crystalline,0,16.364,20.0
1572,13.903,0.1593,0.2558,0.0000,0.2326,intermediate,0,35.538,20.0
1573,25.566,0.2629,0.4571,0.0000,0.3429,crystalline,0,40.981,30.0
1574,6.684,0.2048,0.2500,0.1538,0.2115,intermediate,0,7.635,10.0
1575,15.891,0.1265,0.2041,0.0000,0.1837,intermediate,0,38.090,20.0
1576,20.433,0.2369,0.2619,0.1905,0.2619,intermediate,0,41.008,30.0
1577,23.531,0.1625,0.2500,0.0000,0.2500,intermediate,0,44.841,30.0
1578,15.097,0.1283,0.2174,0.0000,0.1739,intermediate,0,26.176,20.0
1579,27.191,0.1276,0.2759,0.0000,0.1034,amorphous,0,19.333,30.0
1580,17.221,0.2184,0.2653,0.1837,0.2041,intermediate,0,18.389,20.0
1581,22.994,0.1750,0.3500,0.0000,0.1750,intermediate,0,15.798,30.0
1582,26.631,0.1724,0.2069,0.1379,0.1724,intermediate,0,52.405,30.0
1583,15.512,0.1809,0.2979,0.0000,0.2553,intermediate,0,36.331,20.0
1584,17.445,0.1689,0.3111,0.0000,0.2000,intermediate,0,36.585,20.0
1585,20.498,0.1600,0.2667,0.0000,0.2222,intermediate,0,13.721,30.0
1586,17.296,0.0789,0.1111,0.0000,0.1333,amorphous,0,10.973,20.0
1587,24.820,0.1351,0.1622,0.1081,0.1351,intermediate,0,31.092,30.0
1588,8.106,0.3074,0.4043,0.2553,0.2553,crystalline,0,8.220,10.0
1589,15.666,0.1500,0.3000,0.0000,0.1500,intermediate,0,28.386,20.0
1590,14.800,0.0944,0.1556,0.0000,0.1333,intermediate,0,28.605,20.0
1591,8.484,0.3556,0.4667,0.2444,0.3556,crystalline,0,16.513,10.0
1592,24.226,0.1921,0.3684,0.0000,0.2105,intermediate,0,19.006,30.0
1593,15.172,0.0991,0.1698,0.0000,0.1321,intermediate,0,17.859,20.0
1594,6.401,0.3120,0.3913,0.2391,0.3043,crystalline,0,16.247,10.0
1595,16.974,0.1167,0.1905,0.0000,0.1667,intermediate,0,16.353,20.0
1596,19.912,0.3561,0.4694,0.2857,0.3061,crystalline,0,20.501,20.0
1597,8.382,0.2618,0.3091,0.2364,0.2364,crystalline,0,8.799,10.0
1598,8.982,0.3360,0.4186,0.3023,0.2791,crystalline,0,6.413,10.0
1599,19.252,0.3556,0.4444,0.2667,0.3556,crystalline,0,17.712,20.0
1600,21.716,0.1987,0.3750,0.0000,0.2250,intermediate,0,36.505,30.0
1601,30.284,0.1825,0.3500,0.0000,0.2000,intermediate,0,59.577,40.0
1602,25.311,0.1803,0.3333,0.0000,0.2121,intermediate,0,48.448,30.0
1603,21.973,0.0857,0.1429,0.0000,0.1190,amorphous,0,37.724,30.0
1604,19.475,0.2286,0.2857,0.1714,0.2286,intermediate,0,12.758,20.0
1605,31.087,0.2152,0.3913,0.0000,0.2609,intermediate,0,23.434,40.0
1606,10.848,0.3687,0.4792,0.2708,0.3542,crystalline,0,6.702,20.0
1607,30.706,0.2083,0.4167,0.0000,0.2083,intermediate,0,25.273,40.0
1608,28.662,0.2360,0.4000,0.0000,0.3200,intermediate,0,24.404,30.0
1609,12.535,0.2628,0.3488,0.1628,0.2791,crystalline,0,7.460,20.0
1610,19.689,0.1302,0.2326,0.0000,0.1628,intermediate,0,35.028,20.0
1611,18.193,0.1750,0.3421,0.0000,0.1842,intermediate,0,12.544,20.0
1612,7.487,0.3561,0.4694,0.2857,0.3061,crystalline,0,15.121,10.0
1613,18.555,0.1869,0.3095,0.0000,0.2619,intermediate,0,37.703,20.0
1614,29.037,0.1261,0.1739,0.0000,0.2174,intermediate,0,32.087,30.0
1615,6.807,0.3406,0.4583,0.2292,0.3333,crystalline,0,10.495,10.0
1616,11.958,0.3028,0.4151,0.2075,0.2830,crystalline,0,13.437,20.0
1617,20.416,0.2239,0.2609,0.1739,0.2391,intermediate,0,21.991,30.0
1618,27.547,0.1724,0.3448,0.0000,0.1724,intermediate,0,19.190,30.0
1619,11.541,0.1717,0.3043,0.0000,0.2174,intermediate,0,7.035,20.0
1620,28.057,0.2156,0.3750,0.0000,0.2812,intermediate,0,38.271,30.0
1621,8.662,0.0888,0.1224,0.0612,0.0816,amorphous,0,21.359,10.0
1622,17.248,0.2925,0.3500,0.2500,0.2750,crystalline,0,28.341,20.0
1623,20.039,0.2352,0.2727,0.2045,0.2273,intermediate,0,16.056,30.0
1624,12.334,0.2271,0.4167,0.0000,0.2708,intermediate,0,8.474,20.0
1625,21.253,0.2787,0.3704,0.2037,0.2593,crystalline,0,22.564,30.0
1626,25.669,0.2750,0.3500,0.2000,0.2750,crystalline,0,29.337,30.0
1627,31.515,0.0917,0.1667,0.0000,0.1111,amorphous,0,36.624,40.0
1628,9.869,0.3690,0.5000,0.2800,0.3200,crystalline,0,9.468,10.0
1629,30.112,0.1737,0.3158,0.0000,0.2105,intermediate,0,59.242,40.0
1630,12.595,0.1567,0.2500,0.0000,0.2308,intermediate,0,14.390,20.0
1631,13.441,0.1167,0.2000,0.0000,0.1556,intermediate,0,34.182,20.0
1632,17.504,0.1117,0.1915,0.0000,0.1489,intermediate,0,22.258,20.0
1633,11.523,0.1755,0.3333,0.0000,0.1961,intermediate,0,15.212,20.0
1634,17.322,0.1220,0.1707,0.0732,0.1220,intermediate,0,10.256,20.0
1635,7.045,0.1771,0.2917,0.0000,0.2500,intermediate,0,4.667,10.0
1636,25.190,0.1690,0.2759,0.0000,0.2414,intermediate,0,45.651,30.0
1637,14.434,0.1600,0.2545,0.0000,0.2364,intermediate,0,16.040,20.0
1638,28.993,0.1238,0.1905,0.0000,0.1905,intermediate,0,56.066,30.0
1639,24.884,0.1456,0.2647,0.0000,0.1765,intermediate,0,16.817,30.0
1640,14.579,0.2889,0.3111,0.2667,0.2889,crystalline,0,33.055,20.0
1641,8.158,0.3343,0.4314,0.2549,0.3137,crystalline,0,9.861,10.0
1642,10.308,0.2894,0.3462,0.2500,0.2692,crystalline,0,7.996,20.0
1643,12.389,0.2341,0.2500,0.2045,0.2500,intermediate,0,20.353,20.0
1644,23.406,0.1965,0.3023,0.0000,0.3023,intermediate,0,21.649,30.0
1645,7.150,0.3357,0.4286,0.2857,0.2857,crystalline,0,9.205,10.0
1646,24.119,0.1512,0.2439,0.0000,0.2195,intermediate,0,31.160,30.0
1647,20.915,0.3061,0.3673,0.2449,0.3061,crystalline,0,24.882,30.0
1648,5.981,0.2058,0.2308,0.1923,0.1923,intermediate,0,6.652,6.0
1649,27.946,0.0958,0.1667,0.0000,0.1250,intermediate,0,49.610,30.0
1650,20.498,0.1333,0.1667,0.0714,0.1667,intermediate,0,34.439,30.0
1651,16.595,0.1181,0.1915,0.0000,0.1702,intermediate,0,19.967,20.0
1652,30.113,0.0886,0.1364,0.0000,0.1364,intermediate,0,20.316,40.0
1653,8.382,0.1429,0.1837,0.1020,0.1429,intermediate,0,21.752,10.0
1654,11.933,0.2000,0.3415,0.0000,0.2683,intermediate,0,31.718,20.0
1655,25.973,0.2218,0.4359,0.0000,0.2308,intermediate,0,34.439,30.0
1656,24.855,0.3643,0.4524,0.2619,0.3810,crystalline,0,25.889,30.0
1657,7.899,0.3404,0.4423,0.2500,0.3269,crystalline,0,9.005,10.0
1658,6.632,0.3480,0.4510,0.2745,0.3137,crystalline,0,10.922,10.0
1659,23.220,0.2757,0.3143,0.2286,0.2857,crystalline,0,42.376,30.0
1660,15.942,0.1228,0.2391,0.0000,0.1304,intermediate,0,11.735,20.0
1661,27.883,0.1440,0.2400,0.0000,0.2000,intermediate,0,26.634,30.0
1662,8.066,0.0894,0.1277,0.0000,0.1489,intermediate,0,5.664,10.0
1663,13.307,0.1104,0.1698,0.0000,0.1698,intermediate,0,10.494,20.0
1664,28.294,0.1317,0.2333,0.0000,0.1667,intermediate,0,22.474,30.0
1665,28.877,0.2000,0.3636,0.0000,0.2424,intermediate,0,22.381,30.0
1666,13.876,0.2071,0.2619,0.1667,0.1905,intermediate,0,6.902,20.0
1667,19.574,0.2175,0.2750,0.1750,0.2000,intermediate,0,33.927,20.0
1668,9.116,0.1713,0.2128,0.1489,0.1489,intermediate,0,7.330,10.0
1669,23.339,0.3817,0.4634,0.2927,0.3902,crystalline,0,23.750,30.0
1670,28.419,0.3321,0.3929,0.2500,0.3571,crystalline,0,48.799,30.0
1671,11.260,0.2857,0.3333,0.2381,0.2857,crystalline,0,17.154,20.0
1672,26.264,0.1750,0.3235,0.0000,0.2059,intermediate,0,49.420,30.0
1673,29.867,0.1180,0.2000,0.0000,0.1600,intermediate,0,25.323,30.0
1674,26.429,0.0697,0.1212,0.0000,0.0909,amorphous,0,16.020,30.0
1675,24.715,0.1762,0.2500,0.1250,0.1500,intermediate,0,33.881,30.0
1676,11.428,0.3755,0.4898,0.2857,0.3469,crystalline,0,7.830,20.0
1677,18.029,0.1255,0.2128,0.0000,0.1702,intermediate,0,32.196,20.0
1678,2.900,0.1478,0.2889,0.0000,0.1556,intermediate,0,5.646,6.0
1679,20.049,0.1103,0.2051,0.0000,0.1282,intermediate,0,14.784,30.0
1680,5.271,0.2102,0.2449,0.1633,0.2245,intermediate,0,6.140,6.0
1681,15.174,0.1412,0.2000,0.0750,0.1500,intermediate,0,8.547,20.0
1682,26.538,0.2379,0.3939,0.0000,0.3333,intermediate,0,19.172,30.0
1683,8.954,0.2796,0.3469,0.2245,0.2653,crystalline,0,3.929,10.0
1684,11.365,0.1744,0.2889,0.0000,0.2444,intermediate,0,30.937,20.0
1685,7.056,0.3356,0.4231,0.2885,0.2885,crystalline,0,11.438,10.0
1686,13.136,0.1011,0.1556,0.0000,0.1556,intermediate,0,23.912,20.0
1687,10.270,0.2186,0.2941,0.1961,0.1569,intermediate,0,5.937,20.0
1688,27.838,0.1393,0.2143,0.0000,0.2143,intermediate,0,28.220,30.0
1689,16.584,0.2159,0.3659,0.0000,0.2927,intermediate,0,33.889,20.0
1690,28.583,0.2260,0.2400,0.2000,0.2400,intermediate,0,51.549,30.0
1691,24.018,0.2000,0.3415,0.0000,0.2683,intermediate,0,35.249,30.0
1692,25.256,0.2459,0.3784,0.0000,0.3784,intermediate,0,23.917,30.0
1693,20.594,0.2882,0.3421,0.2105,0.3158,crystalline,0,38.489,30.0
1694,29.022,0.2589,0.4643,0.0000,0.3214,crystalline,0,21.261,30.0
1695,30.752,0.1980,0.3600,0.0000,0.2400,intermediate,0,24.351,40.0
1696,18.904,0.1413,0.2174,0.0000,0.2174,intermediate,0,31.640,20.0
1697,12.746,0.0867,0.1333,0.0000,0.1333,intermediate,0,9.976,20.0
1698,14.462,0.0971,0.1765,0.0000,0.1176,amorphous,0,33.359,20.0
1699,20.285,0.2600,0.3556,0.1778,0.2444,crystalline,0,14.538,30.0
1700,15.252,0.1891,0.2826,0.1087,0.1739,intermediate,0,7.805,20.0
1701,18.974,0.1822,0.3111,0.0000,0.2444,intermediate,0,13.852,20.0
1702,24.808,0.2287,0.3750,0.0000,0.3250,intermediate,0,21.130,30.0
1703,27.867,0.1429,0.2857,0.0000,0.1429,intermediate,0,18.371,30.0
1704,17.893,0.1167,0.1795,0.0000,0.1795,intermediate,0,13.032,20.0
1705,9.845,0.3266,0.3830,0.2766,0.3191,crystalline,0,16.813,10.0
1706,27.276,0.2621,0.4828,0.0000,0.3103,crystalline,0,41.113,30.0
1707,21.305,0.2477,0.2791,0.2093,0.2558,intermediate,0,30.130,30.0
1708,11.002,0.0750,0.1250,0.0000,0.1042,amorphous,0,20.862,20.0
1709,29.720,0.1340,0.1600,0.1200,0.1200,intermediate,0,54.598,30.0
1710,24.526,0.1243,0.2162,0.0000,0.1622,intermediate,0,42.638,30.0
1711,9.023,0.3538,0.4423,0.2885,0.3269,crystalline,0,10.207,10.0
1712,16.851,0.1067,0.1731,0.0000,0.1538,intermediate,0,14.448,20.0
1713,16.204,0.0786,0.1429,0.0000,0.0952,amorphous,0,7.461,20.0
1714,5.150,0.2990,0.4000,0.1800,0.3200,crystalline,0,5.503,6.0
1715,25.629,0.1138,0.2069,0.0000,0.1379,intermediate,0,16.126,30.0
1716,24.921,0.2695,0.3659,0.1951,0.2439,crystalline,0,15.690,30.0
1717,9.946,0.0833,0.1373,0.0000,0.1176,amorphous,0,7.991,10.0
1718,14.744,0.1571,0.2857,0.0000,0.1905,intermediate,0,11.873,20.0
1719,21.896,0.2250,0.4091,0.0000,0.2727,intermediate,0,33.179,30.0
1720,11.433,0.3691,0.4681,0.2766,0.3617,crystalline,0,4.152,20.0
1721,22.403,0.1648,0.2955,0.0000,0.2045,intermediate,0,19.639,30.0
1722,13.867,0.2990,0.4167,0.1875,0.2917,crystalline,0,6.914,20.0
1723,19.201,0.1311,0.2222,0.0000,0.1778,intermediate,0,19.882,20.0
1724,18.418,0.1383,0.2128,0.0000,0.2128,intermediate,0,14.006,20.0
1725,12.015,0.0840,0.1489,0.0000,0.1064,amorphous,0,25.358,20.0
1726,16.301,0.1333,0.1778,0.0889,0.1333,intermediate,0,22.563,20.0
1727,27.102,0.1179,0.2143,0.0000,0.1429,intermediate,0,16.734,30.0
1728,10.210,0.3412,0.4510,0.2549,0.3137,crystalline,0,5.136,20.0
1729,8.987,0.2200,0.2400,0.2000,0.2200,intermediate,0,7.250,10.0
1730,22.565,0.2683,0.3659,0.1707,0.2683,crystalline,0,13.529,30.0
1731,23.974,0.1608,0.2973,0.0000,0.1892,intermediate,0,46.065,30.0
1732,21.518,0.1830,0.3404,0.0000,0.2128,intermediate,0,26.499,30.0
1733,11.218,0.1095,0.1905,0.0000,0.1429,intermediate,0,23.314,20.0
1734,17.193,0.1211,0.2105,0.0000,0.1579,intermediate,0,9.087,20.0
1735,11.099,0.2283,0.3913,0.0000,0.3043,intermediate,0,28.396,20.0
1736,29.261,0.1833,0.3333,0.0000,0.2222,intermediate,0,18.957,30.0
1737,12.083,0.1694,0.1837,0.1429,0.1837,intermediate,0,20.789,20.0
1738,13.304,0.0898,0.1591,0.0000,0.1136,amorphous,0,8.428,20.0
1739,14.534,0.3010,0.3958,0.2500,0.2500,crystalline,0,14.689,20.0
1740,15.593,0.1061,0.1633,0.0000,0.1633,intermediate,0,32.145,20.0
1741,18.615,0.2940,0.3810,0.2143,0.2857,crystalline,0,24.020,20.0
1742,29.353,0.2660,0.3200,0.2000,0.2800,crystalline,0,38.210,30.0
1743,21.659,0.0488,0.0750,0.0000,0.0750,amorphous,0,11.004,30.0
1744,20.889,0.1847,0.1944,0.1667,0.1944,intermediate,0,31.010,30.0
1745,9.767,0.2261,0.2826,0.1957,0.1957,intermediate,0,2.926,10.0
1746,29.869,0.1523,0.1818,0.1364,0.1364,intermediate,0,54.291,30.0
1747,12.457,0.3960,0.5200,0.3200,0.3400,crystalline,0,11.770,20.0
1748,26.491,0.2263,0.4211,0.0000,0.2632,intermediate,0,43.094,30.0
1749,13.131,0.2011,0.3696,0.0000,0.2391,intermediate,0,29.191,20.0
1750,20.453,0.0961,0.1842,0.0000,0.1053,amorphous,0,10.195,30.0
1751,5.394,0.2420,0.3000,0.2200,0.2000,intermediate,0,3.753,6.0
1752,30.443,0.1341,0.2273,0.0000,0.1818,intermediate,0,22.337,40.0
1753,23.626,0.2057,0.3429,0.0000,0.2857,intermediate,0,15.845,30.0
1754,19.319,0.2489,0.3191,0.1915,0.2340,intermediate,0,17.606,20.0
1755,3.990,0.1792,0.3333,0.0000,0.2083,intermediate,0,3.945,6.0
1756,6.818,0.1644,0.2444,0.1111,0.1333,intermediate,0,3.722,10.0
1757,10.709,0.3736,0.4906,0.3019,0.3208,crystalline,0,8.563,20.0
1758,25.197,0.1375,0.2500,0.0000,0.1667,intermediate,0,18.150,30.0
1759,28.900,0.1580,0.2800,0.0000,0.2000,intermediate,0,49.713,30.0
1760,12.549,0.2989,0.3913,0.2391,0.2609,crystalline,0,10.528,20.0
1761,11.297,0.3687,0.4792,0.2708,0.3542,crystalline,0,10.182,20.0
1762,8.654,0.2000,0.2885,0.1346,0.1731,intermediate,0,5.124,10.0
1763,24.737,0.1387,0.2581,0.0000,0.1613,intermediate,0,13.986,30.0
1764,10.444,0.3610,0.4600,0.2800,0.3400,crystalline,0,10.394,20.0
1765,16.298,0.2420,0.2727,0.2045,0.2500,intermediate,0,24.895,20.0
1766,11.972,0.2489,0.2766,0.2340,0.2340,intermediate,0,7.734,20.0
1767,16.632,0.1633,0.1837,0.1429,0.1633,intermediate,0,15.602,20.0
1768,26.597,0.1091,0.1818,0.0000,0.1515,intermediate,0,45.852,30.0
1769,24.713,0.1081,0.1622,0.0541,0.1081,amorphous,0,13.538,30.0
1770,27.976,0.1646,0.2917,0.0000,0.2083,intermediate,0,23.947,30.0
1771,30.405,0.2795,0.4091,0.0000,0.4545,crystalline,0,46.439,40.0
1772,26.324,0.1592,0.2368,0.1053,0.1316,intermediate,0,27.752,30.0
1773,19.133,0.1380,0.2400,0.0000,0.1800,intermediate,0,39.208,20.0
1774,16.480,0.1302,0.2326,0.0000,0.1628,intermediate,0,36.627,20.0
1775,21.148,0.1313,0.2250,0.0000,0.1750,intermediate,0,42.311,30.0
1776,11.194,0.2231,0.4231,0.0000,0.2500,intermediate,0,14.868,20.0
1777,27.350,0.2167,0.3333,0.0000,0.3333,intermediate,0,21.354,30.0
1778,17.539,0.1094,0.1875,0.0000,0.1458,intermediate,0,11.723,20.0
1779,11.870,0.3114,0.4091,0.2273,0.2955,crystalline,0,2.818,20.0
1780,18.315,0.0890,0.1707,0.0000,0.0976,amorphous,0,8.056,20.0
1781,7.540,0.0920,0.1600,0.0000,0.1200,intermediate,0,3.528,10.0
1782,8.953,0.3745,0.4902,0.2941,0.3333,crystalline,0,9.735,10.0
1783,11.068,0.3679,0.4906,0.3019,0.3019,crystalline,0,11.493,20.0
1784,13.578,0.0702,0.1190,0.0000,0.0952,amorphous,0,8.694,20.0
1785,25.334,0.3059,0.3824,0.2647,0.2647,crystalline,0,21.551,30.0
1786,14.138,0.3344,0.4222,0.2667,0.3111,crystalline,0,15.451,20.0
1787,25.677,0.2857,0.3571,0.2143,0.2857,crystalline,0,43.152,30.0
1788,18.305,0.1097,0.1944,0.0000,0.1389,intermediate,0,8.358,20.0
1789,8.553,0.1266,0.2340,0.0000,0.1489,intermediate,0,20.497,10.0
1790,27.451,0.2214,0.3571,0.0000,0.3214,intermediate,0,48.035,30.0
1791,28.071,0.2267,0.3333,0.0000,0.3667,intermediate,0,27.125,30.0
1792,15.758,0.1760,0.2800,0.0000,0.2600,intermediate,0,9.298,20.0
1793,15.114,0.0730,0.1400,0.0000,0.0800,amorphous,0,17.339,20.0
1794,17.152,0.0987,0.1750,0.0000,0.1250,intermediate,0,20.205,20.0
1795,26.278,0.1466,0.2414,0.0000,0.2069,intermediate,0,23.333,30.0
1796,16.265,0.0968,0.1489,0.0000,0.1489,intermediate,0,28.847,20.0
1797,31.193,0.2295,0.3182,0.1818,0.1818,intermediate,0,37.414,40.0
1798,15.727,0.1547,0.3023,0.0000,0.1628,intermediate,0,5.756,20.0
1799,32.667,0.1567,0.2667,0.0667,0.1333,intermediate,0,21.538,40.0
1800,15.842,0.2178,0.3556,0.0000,0.3111,intermediate,0,30.584,20.0
1801,20.541,0.1866,0.3659,0.0000,0.1951,intermediate,0,29.366,30.0
1802,14.811,0.0920,0.1600,0.0000,0.1200,intermediate,0,14.542,20.0
1803,28.810,0.1288,0.2692,0.0000,0.1154,amorphous,0,19.234,30.0
1804,6.413,0.1633,0.2041,0.1224,0.1633,intermediate,0,3.180,10.0
1805,19.873,0.2774,0.3333,0.2143,0.2857,crystalline,0,35.193,20.0
1806,6.621,0.2353,0.3137,0.1569,0.2353,intermediate,0,3.985,10.0
1807,10.871,0.2641,0.4565,0.0000,0.3478,crystalline,0,3.507,20.0
1808,22.783,0.1603,0.2821,0.0000,0.2051,intermediate,0,15.447,30.0
1809,11.737,0.1021,0.1667,0.0000,0.1458,intermediate,0,21.147,20.0
1810,4.286,0.3214,0.4082,0.2653,0.2857,crystalline,0,6.180,6.0
1811,9.354,0.3223,0.4468,0.2553,0.2553,crystalline,0,9.297,10.0
1812,30.054,0.2125,0.3500,0.0000,0.3000,intermediate,0,47.452,40.0
1813,12.389,0.3620,0.4600,0.3000,0.3200,crystalline,0,3.449,20.0
1814,13.635,0.2608,0.2941,0.2157,0.2745,crystalline,0,10.308,20.0
1815,19.336,0.1163,0.2326,0.0000,0.1163,amorphous,0,12.285,20.0
1816,25.767,0.1816,0.3158,0.0000,0.2368,intermediate,0,19.211,30.0
1817,26.068,0.2158,0.3684,0.0000,0.2895,intermediate,0,17.949,30.0
1818,25.792,0.3153,0.3611,0.2778,0.3056,crystalline,0,43.741,30.0
1819,10.288,0.3298,0.4468,0.2766,0.2553,crystalline,0,3.145,20.0
1820,22.214,0.1674,0.2791,0.0000,0.2326,intermediate,0,13.720,30.0
1821,10.690,0.2136,0.2727,0.1818,0.1818,intermediate,0,27.077,20.0
1822,14.431,0.0786,0.1429,0.0000,0.0952,amorphous,0,17.602,20.0
1823,11.637,0.2857,0.3469,0.2245,0.2857,crystalline,0,8.342,20.0
1824,13.345,0.1888,0.3469,0.0000,0.2245,intermediate,0,14.441,20.0
1825,26.229,0.3417,0.3889,0.2778,0.3611,crystalline,0,44.315,30.0
1826,9.911,0.3429,0.4694,0.2653,0.2857,crystalline,0,15.473,10.0
1827,21.691,0.3119,0.4048,0.2619,0.2619,crystalline,0,18.881,30.0
1828,2.109,0.2541,0.3673,0.1837,0.2041,crystalline,0,4.470,6.0
1829,10.455,0.3472,0.4528,0.2642,0.3208,crystalline,0,11.970,20.0
1830,5.419,0.2271,0.4167,0.0000,0.2708,intermediate,0,5.912,6.0
1831,9.762,0.3000,0.3750,0.2500,0.2708,crystalline,0,2.421,10.0
1832,27.234,0.2135,0.3462,0.0000,0.3077,intermediate,0,24.859,30.0
1833,26.420,0.2905,0.4324,0.1892,0.2432,crystalline,0,31.145,30.0
1834,13.585,0.0735,0.1224,0.0000,0.1020,amorphous,0,29.517,20.0
1835,32.577,0.1767,0.2667,0.0667,0.2000,intermediate,0,20.516,40.0
1836,11.644,0.3340,0.4200,0.2600,0.3200,crystalline,0,15.756,20.0
1837,17.891,0.1490,0.2292,0.0000,0.2292,intermediate,0,12.329,20.0
1838,28.137,0.2296,0.3704,0.0000,0.3333,intermediate,0,48.675,30.0
1839,17.055,0.1225,0.2157,0.0000,0.1569,intermediate,0,12.940,20.0
1840,25.477,0.1292,0.2500,0.0000,0.1389,intermediate,0,13.391,30.0
1841,22.429,0.1316,0.2632,0.0000,0.1316,intermediate,0,13.209,30.0
1842,19.945,0.1107,0.2143,0.0000,0.1190,amorphous,0,10.193,20.0
1843,28.314,0.0963,0.1481,0.0000,0.1481,intermediate,0,20.050,30.0
1844,28.536,0.2891,0.5312,0.0000,0.3438,crystalline,0,40.721,30.0
1845,27.224,0.1606,0.3030,0.0000,0.1818,intermediate,0,44.084,30.0
1846,31.620,0.2524,0.4762,0.0000,0.2857,crystalline,0,39.092,40.0
1847,12.625,0.3760,0.5000,0.3000,0.3200,crystalline,0,2.570,20.0
1848,27.323,0.2867,0.5333,0.0000,0.3333,crystalline,0,37.840,30.0
1849,22.024,0.1325,0.2500,0.0000,0.1500,intermediate,0,10.050,30.0
1850,16.180,0.1421,0.2105,0.1053,0.1053,intermediate,0,8.960,20.0
1851,25.897,0.1686,0.2857,0.0000,0.2286,intermediate,0,18.729,30.0
1852,13.522,0.2159,0.3636,0.0000,0.2955,intermediate,0,25.910,20.0
1853,23.274,0.1786,0.3143,0.0000,0.2286,intermediate,0,44.419,30.0
1854,24.515,0.1592,0.2368,0.1053,0.1316,intermediate,0,23.395,30.0
1855,32.357,0.1656,0.3125,0.0000,0.1875,intermediate,0,22.003,40.0
1856,17.315,0.1674,0.2609,0.0870,0.1522,intermediate,0,6.089,20.0
1857,14.824,0.0750,0.1250,0.0000,0.1042,amorphous,0,23.138,20.0
1858,17.045,0.1477,0.2273,0.0000,0.2273,intermediate,0,15.309,20.0
1859,25.311,0.3514,0.4054,0.2973,0.3514,crystalline,0,45.269,30.0
1860,9.988,0.3539,0.4510,0.2745,0.3333,crystalline,0,5.872,10.0
1861,17.957,0.1061,0.1633,0.0000,0.1633,intermediate,0,14.038,20.0
1862,23.749,0.1162,0.2059,0.0000,0.1471,intermediate,0,15.364,30.0
1863,24.733,0.2034,0.3448,0.0000,0.2759,intermediate,0,39.847,30.0
1864,6.584,0.2190,0.3810,0.0000,0.2857,intermediate,0,2.618,10.0
1865,9.536,0.3625,0.4583,0.2917,0.3333,crystalline,0,10.112,10.0
1866,14.189,0.1070,0.1860,0.0000,0.1395,intermediate,0,20.181,20.0
1867,16.812,0.1674,0.1957,0.1522,0.1522,intermediate,0,9.987,20.0
1868,12.645,0.3837,0.5102,0.3061,0.3265,crystalline,0,4.602,20.0
1869,10.782,0.1643,0.2857,0.0000,0.2143,intermediate,0,24.564,20.0
1870,16.627,0.2326,0.2791,0.1860,0.2326,intermediate,0,20.635,20.0
1871,28.998,0.0825,0.1500,0.0000,0.1000,amorphous,0,16.061,30.0
1872,26.984,0.2958,0.3611,0.2222,0.3056,crystalline,0,26.622,30.0
1873,24.878,0.1141,0.2188,0.0000,0.1250,intermediate,0,15.700,30.0
1874,9.126,0.1889,0.3333,0.0000,0.2407,intermediate,0,3.365,10.0
1875,11.003,0.1955,0.3636,0.0000,0.2273,intermediate,0,4.676,20.0
1876,18.665,0.1100,0.2000,0.0000,0.1333,intermediate,0,16.386,20.0
1877,23.346,0.2791,0.3488,0.2093,0.2791,crystalline,0,25.732,30.0
1878,9.869,0.3412,0.4510,0.2549,0.3137,crystalline,0,4.311,10.0
1879,22.962,0.3789,0.4889,0.2889,0.3556,crystalline,0,18.521,30.0
1880,16.528,0.1330,0.2340,0.0000,0.1702,intermediate,0,8.892,20.0
1881,14.822,0.2636,0.2955,0.2045,0.2955,crystalline,0,17.081,20.0
1882,28.396,0.1519,0.2692,0.0000,0.1923,intermediate,0,48.357,30.0
1883,18.346,0.2202,0.4048,0.0000,0.2619,intermediate,0,31.356,20.0
1884,10.406,0.3422,0.4902,0.2353,0.2941,crystalline,0,6.570,20.0
1885,21.060,0.1523,0.3182,0.0000,0.1364,intermediate,0,22.716,30.0
1886,22.786,0.2186,0.3023,0.1628,0.1860,intermediate,0,11.878,30.0
1887,23.862,0.2593,0.4419,0.0000,0.3488,crystalline,0,40.907,30.0
1888,14.504,0.3190,0.4048,0.2619,0.2857,crystalline,0,3.517,20.0
1889,6.845,0.3287,0.4681,0.2340,0.2766,crystalline,0,4.861,10.0
1890,11.817,0.1481,0.1923,0.1154,0.1346,intermediate,0,26.270,20.0
1891,27.542,0.1621,0.2121,0.1212,0.1515,intermediate,0,32.438,30.0
1892,28.290,0.2375,0.4375,0.0000,0.2812,intermediate,0,41.725,30.0
1893,6.877,0.2840,0.3962,0.1887,0.2642,crystalline,0,4.412,10.0
1894,22.367,0.3360,0.4651,0.2558,0.2791,crystalline,0,15.712,30.0
1895,12.225,0.1728,0.3261,0.0000,0.1957,intermediate,0,16.545,20.0
1896,8.935,0.1891,0.2391,0.1522,0.1739,intermediate,0,3.951,10.0
1897,25.814,0.0971,0.1765,0.0000,0.1176,amorphous,0,17.205,30.0
1898,20.441,0.1233,0.2326,0.0000,0.1395,intermediate,0,7.933,30.0
1899,20.872,0.1488,0.2619,0.0000,0.1905,intermediate,0,28.799,30.0
1900,15.194,0.2479,0.2553,0.2340,0.2553,intermediate,0,8.695,20.0
1901,19.164,0.1667,0.2143,0.1190,0.1667,intermediate,0,27.124,20.0
1902,13.184,0.1578,0.2222,0.1333,0.1111,intermediate,0,4.977,20.0
1903,10.172,0.1795,0.3182,0.0000,0.2273,intermediate,0,23.789,20.0
1904,28.424,0.1362,0.2414,0.0000,0.1724,intermediate,0,18.498,30.0
1905,25.556,0.2803,0.5526,0.0000,0.2895,crystalline,0,33.971,30.0
1906,14.911,0.1826,0.3023,0.0000,0.2558,intermediate,0,26.760,20.0
1907,27.126,0.2093,0.4074,0.0000,0.2222,intermediate,0,14.610,30.0
1908,26.101,0.0676,0.1176,0.0000,0.0882,amorphous,0,12.272,30.0
1909,23.713,0.2347,0.4082,0.0000,0.3061,intermediate,0,20.498,30.0
1910,25.467,0.2105,0.2791,0.1628,0.1860,intermediate,0,37.402,30.0
1911,26.156,0.1724,0.3448,0.0000,0.1724,intermediate,0,46.704,30.0
1912,25.540,0.2262,0.3810,0.0000,0.3095,intermediate,0,39.983,30.0
1913,20.253,0.1500,0.2500,0.0833,0.1111,intermediate,0,9.648,30.0
1914,5.827,0.1655,0.3095,0.0000,0.1905,intermediate,0,3.002,6.0
1915,12.252,0.0977,0.1818,0.0000,0.1136,amorphous,0,19.874,20.0
1916,29.896,0.1300,0.2000,0.0000,0.2000,intermediate,0,22.308,30.0
1917,27.064,0.1886,0.3429,0.0000,0.2286,intermediate,0,29.174,30.0
1918,28.278,0.1179,0.2143,0.0000,0.1429,intermediate,0,46.859,30.0
1919,19.174,0.1478,0.2174,0.0000,0.2391,intermediate,0,16.771,20.0
1920,14.883,0.3489,0.4681,0.2553,0.3191,crystalline,0,3.622,20.0
1921,11.601,0.3472,0.4528,0.2642,0.3208,crystalline,0,9.576,20.0
1922,15.362,0.2233,0.4186,0.0000,0.2558,intermediate,0,4.837,20.0
1923,22.162,0.3191,0.4043,0.2340,0.3191,crystalline,0,18.345,30.0
1924,19.632,0.1930,0.2326,0.1395,0.2093,intermediate,0,11.536,20.0
1925,21.097,0.0776,0.1316,0.0000,0.1053,amorphous,0,7.770,30.0
1926,31.443,0.1472,0.2778,0.0000,0.1667,intermediate,0,32.433,40.0
1927,16.429,0.1280,0.2195,0.0000,0.1707,intermediate,0,9.115,20.0
1928,22.726,0.2225,0.4000,0.0000,0.2750,intermediate,0,36.031,30.0
1929,24.657,0.1797,0.3514,0.0000,0.1892,intermediate,0,11.833,30.0
1930,15.224,0.1133,0.1837,0.0000,0.1633,intermediate,0,7.680,20.0
1931,13.801,0.1111,0.2222,0.0000,0.1111,amorphous,0,15.915,20.0
1932,25.227,0.2238,0.4250,0.0000,0.2500,intermediate,0,27.264,30.0
1933,14.119,0.2648,0.2963,0.2222,0.2778,crystalline,0,11.079,20.0
1934,9.655,0.3736,0.4906,0.3019,0.3208,crystalline,0,10.589,10.0
1935,23.420,0.3488,0.3902,0.2927,0.3659,crystalline,0,41.549,30.0
1936,29.201,0.2417,0.3889,0.1111,0.2222,intermediate,0,50.403,30.0
1937,31.430,0.1435,0.2609,0.0000,0.1739,intermediate,0,21.594,40.0
1938,17.292,0.0756,0.1282,0.0000,0.1026,amorphous,0,5.162,20.0
1939,13.722,0.1781,0.3125,0.0000,0.2292,intermediate,0,10.956,20.0
1940,20.318,0.1612,0.2857,0.0000,0.2041,intermediate,0,17.210,30.0
1941,28.253,0.2437,0.3750,0.0000,0.3750,intermediate,0,49.602,30.0
1942,8.128,0.2824,0.3529,0.2353,0.2549,crystalline,0,2.079,10.0
1943,14.341,0.1137,0.1750,0.0000,0.1750,intermediate,0,7.572,20.0
1944,25.855,0.1854,0.3415,0.0000,0.2195,intermediate,0,39.367,30.0
1945,8.115,0.2459,0.3061,0.2041,0.2245,intermediate,0,3.345,10.0
1946,25.639,0.3529,0.3824,0.3235,0.3529,crystalline,0,45.874,30.0
1947,29.601,0.1283,0.2174,0.0000,0.1739,intermediate,0,24.943,30.0
1948,12.053,0.3663,0.4615,0.2885,0.3462,crystalline,0,5.294,20.0
1949,11.375,0.3711,0.4889,0.2667,0.3556,crystalline,0,11.624,20.0
1950,10.468,0.2696,0.3478,0.2174,0.2391,crystalline,0,2.710,20.0
1951,21.764,0.2558,0.3256,0.1860,0.2558,crystalline,0,19.455,30.0
1952,21.161,0.1029,0.1765,0.0000,0.1373,intermediate,0,16.180,30.0
1953,29.107,0.1860,0.3600,0.0000,0.2000,intermediate,0,16.169,30.0
1954,11.018,0.2321,0.3333,0.1667,0.1905,intermediate,0,17.218,20.0
1955,17.818,0.0961,0.1842,0.0000,0.1053,amorphous,0,5.793,20.0
1956,24.172,0.2226,0.2857,0.1667,0.2143,intermediate,0,28.058,30.0
1957,13.658,0.2415,0.2766,0.2128,0.2340,intermediate,0,17.547,20.0
1958,27.505,0.1790,0.2903,0.0000,0.2581,intermediate,0,15.519,30.0
1959,12.646,0.3265,0.4118,0.2353,0.3333,crystalline,0,4.739,20.0
1960,18.419,0.2310,0.2857,0.1905,0.2143,intermediate,0,22.912,20.0
1961,13.845,0.1700,0.2800,0.0000,0.2400,intermediate,0,9.440,20.0
1962,24.149,0.1778,0.2444,0.1111,0.1778,intermediate,0,19.740,30.0
1963,7.495,0.2814,0.3529,0.2157,0.2745,crystalline,0,2.560,10.0
1964,16.047,0.1617,0.2979,0.0000,0.1915,intermediate,0,9.659,20.0
1965,17.694,0.1167,0.2000,0.0000,0.1556,intermediate,0,34.700,20.0
1966,18.298,0.1400,0.2667,0.0000,0.1556,intermediate,0,7.175,20.0
1967,15.864,0.2283,0.3913,0.0000,0.3043,intermediate,0,8.131,20.0
1968,27.275,0.1783,0.2667,0.1000,0.1667,intermediate,0,15.405,30.0
1969,14.587,0.3808,0.5000,0.3077,0.3269,crystalline,0,2.858,20.0
1970,11.218,0.3220,0.4200,0.2600,0.2800,crystalline,0,6.851,20.0
1971,13.377,0.0691,0.1064,0.0000,0.1064,amorphous,0,4.622,20.0
1972,10.949,0.3622,0.4898,0.2653,0.3265,crystalline,0,5.724,20.0
1973,25.959,0.3769,0.4872,0.2821,0.3590,crystalline,0,21.714,30.0
1974,12.538,0.3735,0.4706,0.2941,0.3529,crystalline,0,3.850,20.0
1975,19.740,0.1167,0.1905,0.0000,0.1667,intermediate,0,10.846,20.0
1976,12.788,0.2806,0.4082,0.1837,0.2449,crystalline,0,11.172,20.0
1977,13.306,0.1659,0.3182,0.0000,0.1818,intermediate,0,2.773,20.0
1978,21.565,0.1439,0.2439,0.0000,0.1951,intermediate,0,29.910,30.0
1979,24.293,0.1548,0.2381,0.0000,0.2381,intermediate,0,15.958,30.0
1980,26.023,0.1792,0.2083,0.1250,0.2083,intermediate,0,43.138,30.0
1981,23.239,0.3500,0.4773,0.2500,0.3182,crystalline,0,16.166,30.0
1982,14.453,0.3641,0.4565,0.3043,0.3261,crystalline,0,1.842,20.0
1983,13.456,0.3062,0.3750,0.2500,0.2917,crystalline,0,16.196,20.0
1984,25.684,0.2391,0.2812,0.1875,0.2500,intermediate,0,13.418,30.0
1985,27.402,0.1647,0.2941,0.0000,0.2059,intermediate,0,13.129,30.0
1986,22.021,0.2356,0.4444,0.0000,0.2667,intermediate,0,26.018,30.0
1987,13.699,0.1564,0.3191,0.0000,0.1489,intermediate,0,14.650,20.0
1988,24.954,0.1059,0.1765,0.0000,0.1471,intermediate,0,9.524,30.0
1989,14.247,0.3820,0.5000,0.3000,0.3400,crystalline,0,10.890,20.0
1990,21.704,0.3158,0.3947,0.2368,0.3158,crystalline,0,24.716,30.0
1991,24.237,0.3651,0.4419,0.3023,0.3488,crystalline,0,36.650,30.0
1992,24.600,0.1712,0.3333,0.0000,0.1818,intermediate,0,10.180,30.0
1993,7.813,0.3959,0.4898,0.3265,0.3673,crystalline,0,5.575,10.0
1994,27.136,0.2125,0.4167,0.0000,0.2222,intermediate,0,35.045,30.0
1995,30.337,0.1895,0.3158,0.0000,0.2632,intermediate,0,17.370,40.0
1996,9.408,0.3686,0.4902,0.2941,0.3137,crystalline,0,6.900,10.0
1997,12.298,0.2266,0.2553,0.1915,0.2340,intermediate,0,21.252,20.0
1998,22.899,0.2096,0.3617,0.0000,0.2766,intermediate,0,12.486,30.0
1999,28.042,0.1463,0.2593,0.0000,0.1852,intermediate,0,17.045,30.0
2000,22.972,0.3717,0.4565,0.3261,0.3261,crystalline,0,37.300,30.0
2001,14.486,0.3760,0.4583,0.3125,0.3542,crystalline,0,10.747,20.0
2002,18.637,0.3349,0.4186,0.2791,0.3023,crystalline,0,28.088,20.0
2003,26.517,0.1243,0.2162,0.0000,0.1622,intermediate,0,38.361,30.0
2004,16.041,0.2610,0.3415,0.1951,0.2439,crystalline,0,2.439,20.0
2005,7.082,0.3422,0.4706,0.2549,0.2941,crystalline,0,5.157,10.0
2006,14.049,0.1643,0.2857,0.0000,0.2143,intermediate,0,22.116,20.0
2007,19.120,0.1440,0.2143,0.0952,0.1190,intermediate,0,16.494,20.0
2008,32.443,0.2118,0.3529,0.0000,0.2941,intermediate,0,17.712,40.0
2009,32.342,0.1147,0.1765,0.0000,0.1765,intermediate,0,21.918,40.0
2010,31.862,0.2105,0.4211,0.0000,0.2105,intermediate,0,35.781,40.0
2011,20.450,0.0756,0.1282,0.0000,0.1026,amorphous,0,10.405,30.0
2012,28.057,0.2000,0.2857,0.1143,0.2000,intermediate,0,24.481,30.0
2013,25.201,0.3608,0.4595,0.2703,0.3514,crystalline,0,19.411,30.0
2014,15.288,0.0909,0.1136,0.0682,0.0909,amorphous,0,6.730,20.0
2015,4.063,0.2116,0.2791,0.1860,0.1628,intermediate,0,0.860,6.0
2016,8.949,0.2740,0.3400,0.2200,0.2600,crystalline,0,-0.067,10.0
2017,11.390,0.3796,0.5000,0.3148,0.3148,crystalline,0,7.175,20.0
2018,24.752,0.1703,0.3243,0.0000,0.1892,intermediate,0,43.289,30.0
2019,24.235,0.1559,0.2941,0.0000,0.1765,intermediate,0,9.883,30.0
2020,11.253,0.3663,0.4615,0.2885,0.3462,crystalline,0,12.211,20.0
2021,27.717,0.2413,0.3913,0.0000,0.3478,intermediate,0,40.658,30.0
2022,30.809,0.2304,0.4348,0.0000,0.2609,intermediate,0,38.859,40.0
2023,23.565,0.2073,0.3415,0.0000,0.2927,intermediate,0,42.487,30.0
2024,13.451,0.2261,0.4318,0.0000,0.2500,intermediate,0,1.417,20.0
2025,2.497,0.2898,0.3864,0.2273,0.2500,crystalline,0,-0.393,6.0
2026,13.766,0.3436,0.4468,0.2979,0.2766,crystalline,0,6.336,20.0
2027,19.238,0.1674,0.2791,0.0000,0.2326,intermediate,0,35.906,20.0
2028,31.876,0.2227,0.3636,0.0000,0.3182,intermediate,0,37.953,40.0
2029,12.691,0.0889,0.1111,0.0667,0.0889,amorphous,0,22.502,20.0
2030,18.130,0.1535,0.2791,0.0000,0.1860,intermediate,0,35.018,20.0
2031,11.321,0.3610,0.4600,0.2800,0.3400,crystalline,0,5.294,20.0
2032,23.764,0.2302,0.4186,0.0000,0.2791,intermediate,0,13.302,30.0
2033,21.672,0.2349,0.3721,0.0000,0.3488,intermediate,0,38.212,30.0
2034,11.652,0.2378,0.2857,0.1837,0.2449,intermediate,0,4.000,20.0
2035,16.661,0.3489,0.4565,0.2609,0.3261,crystalline,0,2.132,20.0
2036,17.582,0.2476,0.3571,0.1667,0.2143,intermediate,0,2.876,20.0
2037,9.149,0.2480,0.3265,0.2245,0.1837,intermediate,0,-0.170,10.0
2038,27.078,0.1949,0.3590,0.0000,0.2308,intermediate,0,36.016,30.0
2039,11.296,0.3150,0.4200,0.2400,0.2800,crystalline,0,6.793,20.0
2040,13.291,0.0650,0.1000,0.0000,0.1000,amorphous,0,4.843,20.0
2041,9.036,0.3351,0.4468,0.2553,0.2979,crystalline,0,0.216,10.0
2042,22.826,0.2342,0.4211,0.0000,0.2895,intermediate,0,32.730,30.0
2043,21.676,0.1692,0.3077,0.0000,0.2051,intermediate,0,37.214,30.0
2044,29.214,0.2386,0.4091,0.0000,0.3182,intermediate,0,50.243,30.0
2045,15.993,0.3105,0.3721,0.2558,0.3023,crystalline,0,23.430,20.0
2046,30.104,0.2333,0.4444,0.0000,0.2593,intermediate,0,31.948,40.0
2047,32.504,0.1967,0.3333,0.0000,0.2667,intermediate,0,16.687,40.0
2048,8.123,0.2094,0.3125,0.1250,0.1875,intermediate,0,0.564,10.0
2049,17.333,0.3469,0.4082,0.2857,0.3469,crystalline,0,12.206,20.0
2050,26.431,0.2943,0.5714,0.0000,0.3143,crystalline,0,30.723,30.0
2051,13.142,0.3969,0.5000,0.3125,0.3750,crystalline,0,4.127,20.0
2052,30.949,0.3022,0.5652,0.0000,0.3478,crystalline,0,38.644,40.0
2053,9.333,0.3424,0.4565,0.2609,0.3043,crystalline,0,4.809,10.0
2054,25.745,0.2197,0.3939,0.0000,0.2727,intermediate,0,16.875,30.0
2055,17.913,0.1089,0.1778,0.0000,0.1556,intermediate,0,12.135,20.0
2056,15.620,0.2023,0.2791,0.1395,0.1860,intermediate,0,2.170,20.0
2057,30.508,0.1937,0.3750,0.0000,0.2083,intermediate,0,14.476,40.0
2058,11.786,0.3827,0.4898,0.3061,0.3469,crystalline,0,6.884,20.0
2059,29.495,0.1000,0.1739,0.0000,0.1304,intermediate,0,21.037,30.0
2060,22.555,0.1132,0.2105,0.0000,0.1316,intermediate,0,7.725,30.0
2061,23.149,0.1829,0.3421,0.0000,0.2105,intermediate,0,7.463,30.0
2062,14.663,0.3979,0.4894,0.3191,0.3830,crystalline,0,12.503,20.0
2063,19.718,0.1830,0.2500,0.1364,0.1591,intermediate,0,8.743,20.0
2064,11.893,0.0966,0.1591,0.0000,0.1364,intermediate,0,19.932,20.0
2065,17.189,0.2266,0.2553,0.1915,0.2340,intermediate,0,16.755,20.0
2066,25.697,0.1795,0.2051,0.1538,0.1795,intermediate,0,35.732,30.0
2067,22.551,0.1400,0.2500,0.0000,0.1750,intermediate,0,39.662,30.0
2068,11.745,0.3827,0.4898,0.3061,0.3469,crystalline,0,6.471,20.0
2069,20.593,0.1549,0.3171,0.0000,0.1463,intermediate,0,18.653,30.0
2070,16.098,0.0878,0.1556,0.0000,0.1111,amorphous,0,24.908,20.0
2071,23.399,0.1100,0.2000,0.0000,0.1333,intermediate,0,13.888,30.0
2072,13.557,0.3745,0.4902,0.2941,0.3333,crystalline,0,11.166,20.0
2073,12.347,0.3071,0.4082,0.2245,0.2857,crystalline,0,3.099,20.0
2074,24.500,0.1083,0.1667,0.0000,0.1667,intermediate,0,12.759,30.0
2075,13.103,0.3367,0.4490,0.2857,0.2653,crystalline,0,-0.391,20.0
2076,14.625,0.3755,0.4694,0.3061,0.3469,crystalline,0,-0.682,20.0
2077,19.718,0.2600,0.3250,0.2250,0.2250,crystalline,0,18.585,20.0
2078,9.276,0.2564,0.3617,0.1702,0.2340,crystalline,0,-0.333,10.0
2079,17.058,0.2029,0.3654,0.0000,0.2500,intermediate,0,8.861,20.0
2080,12.852,0.3810,0.4800,0.3000,0.3600,crystalline,0,5.813,20.0
2081,20.791,0.0702,0.1190,0.0000,0.0952,amorphous,0,4.452,30.0
2082,13.260,0.3600,0.4727,0.2909,0.3091,crystalline,0,4.578,20.0
2083,23.289,0.2276,0.2895,0.1579,0.2368,intermediate,0,26.815,30.0
2084,11.545,0.3170,0.4151,0.2642,0.2642,crystalline,0,-0.870,20.0
2085,26.969,0.2446,0.3929,0.0000,0.3571,intermediate,0,46.829,30.0
2086,20.825,0.1315,0.2174,0.0652,0.1087,amorphous,0,14.126,30.0
2087,12.573,0.3676,0.4706,0.2941,0.3333,crystalline,0,6.316,20.0
2088,28.254,0.3306,0.3871,0.2258,0.3871,crystalline,0,19.562,30.0
2089,21.496,0.1192,0.2308,0.0000,0.1282,intermediate,0,9.624,30.0
2090,18.260,0.1713,0.2750,0.0000,0.2500,intermediate,0,32.614,20.0
2091,30.486,0.1521,0.2917,0.0000,0.1667,intermediate,0,13.439,40.0
2092,31.844,0.1300,0.2000,0.0000,0.2000,intermediate,0,15.535,40.0
2093,23.917,0.1527,0.1622,0.1351,0.1622,intermediate,0,10.142,30.0
2094,21.265,0.3265,0.3878,0.2653,0.3265,crystalline,0,33.888,30.0
2095,5.701,0.2570,0.3400,0.2400,0.1800,crystalline,0,-1.023,6.0
2096,15.180,0.0830,0.1277,0.0000,0.1277,intermediate,0,26.157,20.0
2097,26.293,0.1076,0.1515,0.0000,0.1818,intermediate,0,12.630,30.0
2098,24.837,0.1513,0.2564,0.0000,0.2051,intermediate,0,13.075,30.0
2099,17.285,0.1235,0.2353,0.0000,0.1373,intermediate,0,10.668,20.0
2100,26.665,0.3439,0.4878,0.2439,0.2927,crystalline,0,21.174,30.0
2101,29.000,0.1475,0.2500,0.0000,0.2000,intermediate,0,12.280,30.0
2102,22.025,0.2189,0.3778,0.0000,0.2889,intermediate,0,38.858,30.0
2103,23.975,0.2027,0.3243,0.0000,0.2973,intermediate,0,38.101,30.0
2104,11.702,0.3854,0.5208,0.3125,0.3125,crystalline,0,4.843,20.0
2105,7.732,0.3622,0.4694,0.2857,0.3265,crystalline,0,1.022,10.0
2106,5.041,0.2938,0.4167,0.2083,0.2500,crystalline,0,1.238,6.0
2107,25.032,0.1162,0.2162,0.0000,0.1351,intermediate,0,8.065,30.0
2108,21.581,0.3436,0.4615,0.2564,0.3077,crystalline,0,28.934,30.0
2109,18.418,0.1964,0.3571,0.0000,0.2381,intermediate,0,3.887,20.0
2110,23.257,0.2427,0.3333,0.1458,0.2500,intermediate,0,19.339,30.0
2111,16.471,0.1852,0.2955,0.0000,0.2727,intermediate,0,10.430,20.0
2112,16.025,0.2417,0.4583,0.0000,0.2708,intermediate,0,4.893,20.0
2113,28.423,0.2293,0.3103,0.1379,0.2414,intermediate,0,25.997,30.0
2114,24.044,0.1382,0.2368,0.0000,0.1842,intermediate,0,6.380,30.0
2115,27.462,0.1241,0.2069,0.0000,0.1724,intermediate,0,15.331,30.0
2116,22.023,0.2848,0.3913,0.2174,0.2391,crystalline,0,22.246,30.0
2117,14.688,0.2064,0.2553,0.1702,0.1915,intermediate,0,17.703,20.0
2118,23.962,0.3513,0.4500,0.2750,0.3250,crystalline,0,32.933,30.0
2119,18.373,0.3107,0.3810,0.2619,0.2857,crystalline,0,24.260,20.0
2120,13.738,0.1686,0.3023,0.0000,0.2093,intermediate,0,15.877,20.0
2121,14.995,0.0553,0.0851,0.0000,0.0851,amorphous,0,21.678,20.0
2122,18.725,0.0800,0.1333,0.0000,0.1111,amorphous,0,12.869,20.0
2123,20.203,0.2037,0.3250,0.0000,0.3000,intermediate,0,33.489,30.0
2124,21.479,0.2364,0.3182,0.1818,0.2045,intermediate,0,10.348,30.0
2125,24.685,0.2974,0.3421,0.2368,0.3158,crystalline,0,43.091,30.0
2126,28.231,0.2125,0.3929,0.0000,0.2500,intermediate,0,12.471,30.0
2127,26.727,0.2324,0.4324,0.0000,0.2703,intermediate,0,23.702,30.0
2128,17.345,0.1380,0.2400,0.0000,0.1800,intermediate,0,9.701,20.0
2129,30.415,0.1071,0.1429,0.0000,0.1905,intermediate,0,18.118,40.0
2130,18.263,0.2489,0.2500,0.2273,0.2727,intermediate,0,12.034,20.0
2131,11.488,0.1605,0.2791,0.0000,0.2093,intermediate,0,1.663,20.0
2132,29.913,0.2900,0.3600,0.1600,0.3600,crystalline,0,22.768,30.0
2133,27.690,0.2333,0.4167,0.0000,0.2917,intermediate,0,37.375,30.0
2134,16.219,0.1115,0.1538,0.0769,0.1026,amorphous,0,2.192,20.0
2135,20.130,0.0784,0.1081,0.0000,0.1351,amorphous,0,8.823,30.0
2136,19.853,0.1107,0.1429,0.0714,0.1190,amorphous,0,8.253,20.0
2137,16.981,0.1554,0.2391,0.0000,0.2391,intermediate,0,31.313,20.0
2138,5.799,0.3276,0.4082,0.2653,0.3061,crystalline,0,1.592,6.0
2139,27.759,0.1986,0.2973,0.1081,0.1892,intermediate,0,20.601,30.0
2140,20.670,0.3054,0.3696,0.2609,0.2826,crystalline,0,34.473,30.0
2141,25.615,0.3882,0.5789,0.2368,0.3421,crystalline,0,26.866,30.0
2142,12.495,0.2224,0.4082,0.0000,0.2653,intermediate,0,-1.696,20.0
2143,17.725,0.1189,0.1333,0.1111,0.1111,amorphous,0,19.540,20.0
2144,25.596,0.2186,0.4286,0.0000,0.2286,intermediate,0,9.728,30.0
2145,18.884,0.1029,0.1714,0.0000,0.1429,intermediate,0,6.063,20.0
2146,12.691,0.3873,0.4902,0.3137,0.3529,crystalline,0,7.334,20.0
2147,29.935,0.1435,0.1739,0.0870,0.1739,intermediate,0,17.183,30.0
2148,17.280,0.1229,0.2083,0.0000,0.1667,intermediate,0,6.257,20.0
2149,28.587,0.2375,0.4375,0.0000,0.2812,intermediate,0,22.187,30.0
2150,11.594,0.3292,0.4375,0.2708,0.2708,crystalline,0,-1.506,20.0
2151,17.881,0.1462,0.2250,0.0000,0.2250,intermediate,0,16.505,20.0
2152,24.704,0.2105,0.4211,0.0000,0.2105,intermediate,0,8.025,30.0
2153,26.883,0.2538,0.4615,0.0000,0.3077,crystalline,0,24.019,30.0
2154,25.016,0.2381,0.2857,0.1905,0.2381,intermediate,0,32.325,30.0
2155,30.192,0.3217,0.4000,0.2333,0.3333,crystalline,0,24.533,40.0
2156,15.295,0.3576,0.4783,0.2826,0.3043,crystalline,0,2.675,20.0
2157,7.436,0.3350,0.4400,0.2600,0.3000,crystalline,0,-0.560,10.0
2158,30.662,0.1917,0.3333,0.0000,0.2500,intermediate,0,43.817,40.0
2159,30.991,0.1639,0.2778,0.0000,0.2222,intermediate,0,17.082,40.0
2160,28.745,0.2031,0.3125,0.0000,0.3125,intermediate,0,16.634,30.0
2161,22.478,0.0667,0.1026,0.0000,0.1026,amorphous,0,4.398,30.0
2162,11.022,0.2092,0.3878,0.0000,0.2449,intermediate,0,-1.145,20.0
2163,24.201,0.2872,0.3721,0.2093,0.2791,crystalline,0,20.331,30.0
2164,21.877,0.0977,0.1818,0.0000,0.1136,amorphous,0,11.330,30.0
2165,23.430,0.1770,0.2973,0.0000,0.2432,intermediate,0,9.012,30.0
2166,17.382,0.1088,0.1765,0.0000,0.1569,intermediate,0,21.619,20.0
2167,19.800,0.2267,0.2791,0.2093,0.1860,intermediate,0,17.454,20.0
2168,19.944,0.1865,0.2292,0.1250,0.2083,intermediate,0,10.724,20.0
2169,10.630,0.3511,0.4565,0.3043,0.2826,crystalline,0,5.096,20.0
2170,14.098,0.2156,0.2889,0.1556,0.2000,intermediate,0,1.133,20.0
2171,19.635,0.1595,0.2381,0.0952,0.1429,intermediate,0,1.675,20.0
2172,14.079,0.1345,0.1667,0.0952,0.1429,intermediate,0,2.524,20.0
2173,32.504,0.1219,0.1875,0.0000,0.1875,intermediate,0,30.152,40.0
2174,17.229,0.3633,0.4667,0.2667,0.3556,crystalline,0,3.264,20.0
2175,29.247,0.2083,0.3667,0.0000,0.2667,intermediate,0,33.152,30.0
2176,6.938,0.3054,0.4565,0.1739,0.2826,crystalline,0,-0.315,10.0
2177,3.156,0.3056,0.4000,0.2444,0.2667,crystalline,0,-0.161,6.0
2178,30.235,0.1722,0.3333,0.0000,0.1852,intermediate,0,32.236,40.0
2179,15.660,0.3811,0.5111,0.3111,0.3111,crystalline,0,0.992,20.0
2180,15.789,0.2886,0.3864,0.2045,0.2727,crystalline,0,18.840,20.0
2181,16.709,0.3888,0.4898,0.3061,0.3673,crystalline,0,-0.422,20.0
2182,12.277,0.2930,0.4000,0.1800,0.3000,crystalline,0,0.125,20.0
2183,19.994,0.1726,0.3095,0.0000,0.2143,intermediate,0,4.500,30.0
2184,17.212,0.1193,0.2045,0.0000,0.1591,intermediate,0,30.462,20.0
2185,13.915,0.3736,0.4906,0.3019,0.3208,crystalline,0,0.579,20.0
2186,10.400,0.2924,0.3696,0.2609,0.2391,crystalline,0,-0.069,20.0
2187,13.919,0.3859,0.5217,0.2826,0.3478,crystalline,0,10.877,20.0
2188,20.371,0.1075,0.2000,0.0000,0.1250,intermediate,0,3.193,30.0
2189,23.080,0.1500,0.2727,0.0000,0.1818,intermediate,0,10.102,30.0
2190,15.394,0.3344,0.4222,0.2667,0.3111,crystalline,0,12.919,20.0
2191,15.394,0.2296,0.4286,0.0000,0.2653,intermediate,0,10.304,20.0
2192,9.672,0.3500,0.4898,0.2653,0.2857,crystalline,0,1.146,10.0
2193,26.843,0.1614,0.3143,0.0000,0.1714,intermediate,0,8.262,30.0
2194,17.097,0.1390,0.1951,0.0976,0.1220,intermediate,0,5.488,20.0
2195,26.085,0.2697,0.4848,0.0000,0.3333,crystalline,0,33.523,30.0
2196,30.561,0.2632,0.5263,0.0000,0.2632,crystalline,0,13.177,40.0
2197,19.859,0.1278,0.2222,0.0000,0.1667,intermediate,0,3.047,20.0
2198,31.632,0.2640,0.4800,0.0000,0.3200,crystalline,0,41.475,40.0
2199,22.834,0.0744,0.1026,0.0000,0.1282,amorphous,0,7.991,30.0
2200,22.472,0.1244,0.2222,0.0000,0.1556,intermediate,0,9.696,30.0
2201,22.885,0.1068,0.1892,0.0000,0.1351,intermediate,0,4.267,30.0
2202,22.399,0.2548,0.3571,0.1667,0.2381,crystalline,0,15.050,30.0
2203,31.540,0.2690,0.5238,0.0000,0.2857,crystalline,0,35.343,40.0
2204,17.635,0.1120,0.2000,0.0000,0.1400,intermediate,0,12.106,20.0
2205,17.794,0.2510,0.2857,0.2041,0.2653,crystalline,0,5.425,20.0
2206,23.200,0.1676,0.2703,0.0000,0.2432,intermediate,0,34.787,30.0
2207,17.319,0.2141,0.3696,0.0000,0.2826,intermediate,0,28.783,20.0
2208,31.472,0.0800,0.1000,0.0000,0.1500,amorphous,0,12.478,40.0
2209,26.623,0.1621,0.3333,0.0000,0.1515,intermediate,0,29.320,30.0
2210,15.701,0.3429,0.4694,0.2653,0.2857,crystalline,0,-1.424,20.0
2211,16.236,0.1907,0.3256,0.0000,0.2558,intermediate,0,27.971,20.0
2212,29.545,0.2100,0.3600,0.0000,0.2800,intermediate,0,20.219,30.0
2213,12.824,0.3610,0.4600,0.2800,0.3400,crystalline,0,6.126,20.0
2214,22.012,0.2105,0.2791,0.1628,0.1860,intermediate,0,23.415,30.0
2215,24.739,0.3420,0.4773,0.2273,0.3182,crystalline,0,16.359,30.0
2216,26.469,0.1514,0.2857,0.0000,0.1714,intermediate,0,7.316,30.0
2217,27.506,0.1980,0.3600,0.0000,0.2400,intermediate,0,43.887,30.0
2218,10.478,0.3102,0.4074,0.2407,0.2778,crystalline,0,-1.158,20.0
2219,13.526,0.1844,0.2000,0.1556,0.2000,intermediate,0,2.329,20.0
2220,13.982,0.1193,0.2045,0.0000,0.1591,intermediate,0,16.678,20.0
2221,19.675,0.2721,0.3721,0.1860,0.2558,crystalline,0,2.281,20.0
2222,20.910,0.1889,0.3111,0.0000,0.2667,intermediate,0,12.931,30.0
2223,17.085,0.3195,0.4146,0.2683,0.2683,crystalline,0,19.669,20.0
2224,23.055,0.2243,0.4324,0.0000,0.2432,intermediate,0,5.265,30.0
2225,20.176,0.2073,0.3415,0.0000,0.2927,intermediate,0,30.127,30.0
2226,29.209,0.2062,0.3750,0.0000,0.2500,intermediate,0,17.397,30.0
2227,21.549,0.0750,0.1500,0.0000,0.0750,amorphous,0,4.499,30.0
2228,20.847,0.1211,0.2105,0.0000,0.1579,intermediate,0,2.270,30.0
2229,23.383,0.2405,0.3333,0.1905,0.1905,intermediate,0,15.871,30.0
2230,15.637,0.3833,0.4792,0.3125,0.3542,crystalline,0,-2.186,20.0
2231,22.382,0.3267,0.4186,0.2558,0.3023,crystalline,0,29.556,30.0
2232,22.131,0.2771,0.3333,0.2083,0.2917,crystalline,0,10.772,30.0
2233,24.859,0.2833,0.4103,0.1795,0.2564,crystalline,0,22.655,30.0
2234,14.096,0.1500,0.2727,0.0000,0.1818,intermediate,0,16.471,20.0
2235,20.963,0.3105,0.3721,0.2558,0.3023,crystalline,0,30.161,30.0
2236,22.065,0.2102,0.2273,0.1591,0.2500,intermediate,0,36.189,30.0
2237,10.507,0.3163,0.4490,0.2449,0.2449,crystalline,0,3.175,20.0
2238,31.800,0.1955,0.3636,0.0000,0.2273,intermediate,0,25.341,40.0
2239,17.657,0.1290,0.1800,0.0000,0.2200,intermediate,0,4.403,20.0
2240,20.830,0.2178,0.3556,0.0000,0.3111,intermediate,0,35.461,30.0
2241,10.289,0.3217,0.4151,0.2453,0.3019,crystalline,0,-1.868,20.0
2242,28.628,0.3333,0.4167,0.2500,0.3333,crystalline,0,47.407,30.0
2243,21.223,0.1535,0.2791,0.0000,0.1860,intermediate,0,7.061,30.0
2244,17.404,0.1860,0.2326,0.1395,0.1860,intermediate,0,16.694,20.0
2245,17.219,0.2333,0.4167,0.0000,0.2917,intermediate,0,5.613,20.0
2246,15.141,0.1110,0.1800,0.0000,0.1600,intermediate,0,23.177,20.0
2247,28.413,0.1031,0.1875,0.0000,0.1250,intermediate,0,9.307,30.0
2248,30.332,0.2548,0.3810,0.1429,0.2381,crystalline,0,14.012,40.0
2249,30.157,0.3083,0.5667,0.0000,0.3667,crystalline,0,31.515,40.0
2250,16.841,0.3481,0.4615,0.2692,0.3077,crystalline,0,4.033,20.0
2251,18.109,0.3500,0.4792,0.2708,0.2917,crystalline,0,-1.130,20.0
2252,14.627,0.3888,0.4898,0.3061,0.3673,crystalline,0,-1.066,20.0
2253,15.046,0.3537,0.4630,0.2778,0.3148,crystalline,0,6.272,20.0
2254,15.882,0.3810,0.4800,0.3000,0.3600,crystalline,0,7.640,20.0
2255,31.269,0.2304,0.4348,0.0000,0.2609,intermediate,0,28.631,40.0
2256,26.009,0.0952,0.1613,0.0000,0.1290,intermediate,0,5.768,30.0
2257,23.050,0.1465,0.2791,0.0000,0.1628,intermediate,0,8.762,30.0
2258,11.118,0.3140,0.4200,0.2200,0.3000,crystalline,0,-0.627,20.0
2259,19.100,0.1378,0.2683,0.0000,0.1463,intermediate,0,12.854,20.0
2260,26.672,0.1808,0.2821,0.1026,0.1538,intermediate,0,30.311,30.0
2261,20.251,0.0977,0.1818,0.0000,0.1136,amorphous,0,21.642,30.0
2262,23.589,0.2024,0.3333,0.0000,0.2857,intermediate,0,39.761,30.0
2263,23.885,0.3400,0.4222,0.2444,0.3556,crystalline,0,13.982,30.0
2264,16.572,0.3043,0.3404,0.2553,0.3191,crystalline,0,6.206,20.0
2265,11.718,0.3537,0.4630,0.2778,0.3148,crystalline,0,2.020,20.0
2266,19.637,0.2826,0.3261,0.2391,0.2826,crystalline,0,31.089,20.0
2267,31.878,0.2556,0.4444,0.0000,0.3333,crystalline,0,42.118,40.0
2268,28.109,0.2120,0.4000,0.0000,0.2400,intermediate,0,8.723,30.0
2269,13.238,0.3480,0.4510,0.2745,0.3137,crystalline,0,-2.447,20.0
2270,9.067,0.3627,0.5098,0.2745,0.2941,crystalline,0,2.291,10.0
2271,14.575,0.3810,0.4800,0.3000,0.3600,crystalline,0,5.837,20.0
2272,14.833,0.3733,0.4651,0.3023,0.3488,crystalline,0,11.613,20.0
2273,23.838,0.2533,0.3778,0.1556,0.2222,crystalline,0,15.559,30.0
2274,9.268,0.3356,0.4423,0.2692,0.2885,crystalline,0,0.271,10.0
2275,25.874,0.1125,0.1875,0.0000,0.1562,intermediate,0,11.639,30.0
2276,14.695,0.2989,0.3830,0.2340,0.2766,crystalline,0,-1.855,20.0
2277,17.635,0.0722,0.1111,0.0000,0.1111,amorphous,0,17.884,20.0
2278,28.461,0.1983,0.3667,0.0000,0.2333,intermediate,0,13.625,30.0
2279,12.247,0.3840,0.5106,0.2766,0.3617,crystalline,0,-0.470,20.0
2280,22.829,0.2609,0.3478,0.1739,0.2609,crystalline,0,7.850,30.0
2281,18.300,0.1450,0.2600,0.0000,0.1800,intermediate,0,9.881,20.0
2282,22.867,0.2500,0.4634,0.0000,0.2927,crystalline,0,25.585,30.0
2283,7.476,0.2439,0.4694,0.0000,0.2653,intermediate,0,0.520,10.0
2284,17.410,0.1738,0.3333,0.0000,0.1905,intermediate,0,11.940,20.0
2285,21.953,0.2111,0.3556,0.0000,0.2889,intermediate,0,30.937,30.0
2286,26.602,0.2855,0.5000,0.0000,0.3684,crystalline,0,14.152,30.0
2287,16.388,0.3680,0.4600,0.3000,0.3400,crystalline,0,7.460,20.0
2288,21.903,0.2474,0.3590,0.1282,0.2564,intermediate,0,5.767,30.0
2289,14.558,0.3735,0.4706,0.2941,0.3529,crystalline,0,5.565,20.0
2290,17.443,0.2159,0.3659,0.0000,0.2927,intermediate,0,25.507,20.0
2291,26.726,0.2395,0.4651,0.0000,0.2558,intermediate,0,20.182,30.0
2292,15.845,0.2098,0.3902,0.0000,0.2439,intermediate,0,12.631,20.0
2293,14.056,0.1037,0.1707,0.0000,0.1463,intermediate,0,1.285,20.0
2294,26.821,0.1621,0.2424,0.0909,0.1515,intermediate,0,31.335,30.0
2295,18.597,0.3745,0.4902,0.2941,0.3333,crystalline,0,-2.033,20.0
2296,22.628,0.1439,0.2439,0.0000,0.1951,intermediate,0,13.968,30.0
2297,14.475,0.3820,0.5000,0.3000,0.3400,crystalline,0,5.985,20.0
2298,20.480,0.2162,0.3000,0.1250,0.2250,intermediate,0,5.455,30.0
2299,26.595,0.1859,0.3438,0.0000,0.2188,intermediate,0,10.656,30.0
2300,15.178,0.3735,0.4706,0.2941,0.3529,crystalline,0,1.301,20.0
2301,16.234,0.1233,0.1628,0.0698,0.1395,intermediate,0,1.137,20.0
2302,9.816,0.3924,0.5000,0.3043,0.3696,crystalline,0,1.888,10.0
2303,19.636,0.2927,0.3542,0.2500,0.2708,crystalline,0,11.423,20.0
2304,22.618,0.2207,0.3171,0.1463,0.1951,intermediate,0,13.886,30.0
2305,25.237,0.1118,0.1842,0.0000,0.1579,intermediate,0,28.530,30.0
2306,25.368,0.2061,0.3030,0.0000,0.3333,intermediate,0,35.583,30.0
2307,16.832,0.1095,0.1905,0.0000,0.1429,intermediate,0,26.550,20.0
2308,31.672,0.1553,0.2632,0.0000,0.2105,intermediate,0,16.354,40.0
2309,23.352,0.0923,0.1538,0.0000,0.1282,intermediate,0,8.860,30.0
2310,28.307,0.1109,0.1562,0.0000,0.1875,intermediate,0,13.161,30.0
2311,19.141,0.1456,0.2444,0.0000,0.2000,intermediate,0,3.705,20.0
2312,31.074,0.2714,0.4762,0.0952,0.2381,crystalline,0,10.625,40.0
2313,12.345,0.3490,0.4706,0.2745,0.2941,crystalline,0,-1.523,20.0
2314,30.024,0.1611,0.3333,0.0000,0.1481,intermediate,0,38.092,30.0
2315,20.401,0.4187,0.5250,0.3500,0.3750,crystalline,0,20.973,30.0
2316,19.518,0.3405,0.3810,0.2857,0.3571,crystalline,0,26.266,20.0
2317,29.686,0.2042,0.3333,0.0000,0.2917,intermediate,0,13.254,30.0
2318,20.888,0.1221,0.2093,0.0000,0.1628,intermediate,0,6.658,30.0
2319,13.931,0.3536,0.4643,0.2857,0.3036,crystalline,0,-0.309,20.0
2320,22.850,0.2716,0.3784,0.1892,0.2432,crystalline,0,19.332,30.0
2321,9.470,0.3549,0.4510,0.2941,0.3137,crystalline,0,0.956,10.0
2322,16.593,0.3810,0.4800,0.3000,0.3600,crystalline,0,7.904,20.0
2323,28.313,0.2788,0.4848,0.0000,0.3636,crystalline,0,17.373,30.0
2324,17.620,0.1811,0.2889,0.0000,0.2667,intermediate,0,4.672,20.0
2325,16.143,0.1716,0.2955,0.0000,0.2273,intermediate,0,24.139,20.0
2326,26.737,0.2609,0.5312,0.0000,0.2500,crystalline,0,30.280,30.0
2327,20.034,0.1429,0.1429,0.1429,0.1429,intermediate,0,17.596,30.0
2328,24.402,0.1969,0.3750,0.0000,0.2188,intermediate,0,3.693,30.0
2329,17.823,0.3261,0.3864,0.2727,0.3182,crystalline,0,11.884,20.0
2330,27.207,0.2444,0.4444,0.0000,0.2963,intermediate,0,43.978,30.0
2331,20.053,0.1745,0.2979,0.0000,0.2340,intermediate,0,31.743,30.0
2332,20.590,0.2349,0.3256,0.1860,0.1860,intermediate,0,-0.872,30.0
2333,26.460,0.1750,0.3333,0.0000,0.1944,intermediate,0,4.988,30.0
2334,9.967,0.3844,0.5208,0.2917,0.3333,crystalline,0,0.245,10.0
2335,13.010,0.3673,0.4808,0.2885,0.3269,crystalline,0,2.583,20.0
2336,32.299,0.1735,0.2941,0.0000,0.2353,intermediate,0,11.627,40.0
2337,22.370,0.1352,0.2500,0.0000,0.1591,intermediate,0,10.936,30.0
2338,27.063,0.2538,0.4615,0.0000,0.3077,crystalline,0,11.276,30.0
2339,22.100,0.2023,0.3636,0.0000,0.2500,intermediate,0,35.970,30.0
2340,24.029,0.2453,0.4419,0.0000,0.3023,intermediate,0,18.937,30.0
2341,32.077,0.1353,0.2353,0.0000,0.1765,intermediate,0,16.659,40.0
2342,27.218,0.1000,0.1538,0.0000,0.1538,intermediate,0,7.868,30.0
2343,25.967,0.1514,0.2857,0.0000,0.1714,intermediate,0,3.980,30.0
2344,31.274,0.1921,0.3684,0.0000,0.2105,intermediate,0,9.556,40.0
2345,11.997,0.3649,0.4894,0.2979,0.2979,crystalline,0,-0.589,20.0
2346,25.049,0.0819,0.1389,0.0000,0.1111,amorphous,0,8.494,30.0
2347,30.476,0.2692,0.5385,0.0000,0.2692,crystalline,0,35.799,40.0
2348,18.424,0.3878,0.5333,0.2889,0.3333,crystalline,0,0.039,20.0
2349,29.301,0.2404,0.4231,0.0000,0.3077,intermediate,0,41.598,30.0
2350,14.477,0.2511,0.3182,0.2045,0.2273,crystalline,0,-1.868,20.0
2351,20.295,0.1535,0.2791,0.0000,0.1860,intermediate,0,0.224,30.0
2352,16.120,0.3417,0.4583,0.2500,0.3125,crystalline,0,7.055,20.0
2353,16.434,0.3432,0.4318,0.2955,0.2955,crystalline,0,6.679,20.0
2354,30.576,0.2732,0.5357,0.0000,0.2857,crystalline,0,24.869,40.0
2355,27.170,0.2944,0.5556,0.0000,0.3333,crystalline,0,23.578,30.0
2356,30.038,0.0727,0.0909,0.0000,0.1364,amorphous,0,10.391,40.0
2357,27.066,0.2019,0.3462,0.0000,0.2692,intermediate,0,40.549,30.0
2358,26.392,0.0819,0.1389,0.0000,0.1111,amorphous,0,27.987,30.0
2359,21.052,0.1278,0.2222,0.0000,0.1667,intermediate,0,11.160,30.0
2360,16.248,0.1330,0.2340,0.0000,0.1702,intermediate,0,23.327,20.0
2361,18.437,0.1387,0.2250,0.0000,0.2000,intermediate,0,2.674,20.0
2362,17.977,0.1384,0.2558,0.0000,0.1628,intermediate,0,14.920,20.0
2363,13.583,0.2548,0.3571,0.1667,0.2381,crystalline,0,-0.705,20.0
2364,16.417,0.3979,0.5208,0.3125,0.3542,crystalline,0,0.862,20.0
2365,28.646,0.2325,0.3000,0.1500,0.2500,intermediate,0,40.389,30.0
2366,21.217,0.1000,0.1667,0.0000,0.1389,intermediate,0,-0.448,30.0
2367,15.352,0.3833,0.4792,0.3125,0.3542,crystalline,0,7.618,20.0
2368,31.484,0.1771,0.2917,0.0000,0.2500,intermediate,0,40.893,40.0
2369,25.492,0.2712,0.5152,0.0000,0.3030,crystalline,0,5.890,30.0
2370,20.565,0.2939,0.3673,0.2449,0.2653,crystalline,0,26.768,30.0
2371,22.144,0.2989,0.3696,0.2609,0.2609,crystalline,0,14.259,30.0
2372,25.863,0.1048,0.1613,0.0000,0.1613,intermediate,0,2.978,30.0
2373,24.895,0.1031,0.1875,0.0000,0.1250,intermediate,0,3.685,30.0
2374,28.768,0.2885,0.4615,0.0000,0.4231,crystalline,0,42.271,30.0
2375,28.916,0.2355,0.4516,0.0000,0.2581,intermediate,0,20.079,30.0
2376,29.763,0.1352,0.2593,0.0000,0.1481,intermediate,0,26.507,30.0
2377,17.280,0.1083,0.1667,0.0000,0.1667,intermediate,0,18.825,20.0
2378,17.790,0.2382,0.4118,0.0000,0.3137,intermediate,0,4.964,20.0
2379,28.951,0.1833,0.3333,0.0000,0.2222,intermediate,0,27.424,30.0
2380,7.728,0.3277,0.4468,0.2340,0.2979,crystalline,0,-4.123,10.0
2381,22.031,0.2107,0.3571,0.0000,0.2857,intermediate,0,27.674,30.0
2382,27.387,0.1700,0.3143,0.0000,0.2000,intermediate,0,12.705,30.0
2383,28.980,0.3735,0.5000,0.2647,0.3529,crystalline,0,19.156,30.0
2384,27.334,0.2770,0.5135,0.0000,0.3243,crystalline,0,16.802,30.0
2385,27.954,0.1707,0.3103,0.0000,0.2069,intermediate,0,6.094,30.0
2386,15.584,0.3745,0.4902,0.2941,0.3333,crystalline,0,6.598,20.0
2387,20.555,0.2214,0.2143,0.2143,0.2381,intermediate,0,13.165,30.0
2388,30.224,0.1867,0.3333,0.0000,0.2333,intermediate,0,17.392,40.0
2389,20.803,0.2202,0.4048,0.0000,0.2619,intermediate,0,-1.013,30.0
2390,15.699,0.3557,0.4545,0.2500,0.3636,crystalline,0,-0.141,20.0
2391,23.291,0.2439,0.2927,0.1951,0.2439,intermediate,0,25.801,30.0
2392,28.144,0.2424,0.4848,0.0000,0.2424,intermediate,0,14.811,30.0
2393,25.457,0.2443,0.4286,0.0000,0.3143,intermediate,0,40.362,30.0
2394,25.878,0.3110,0.4634,0.1951,0.2683,crystalline,0,15.767,30.0
2395,30.464,0.2548,0.5238,0.0000,0.2381,crystalline,0,9.384,40.0
2396,29.869,0.0762,0.0952,0.0000,0.1429,amorphous,0,11.004,30.0
2397,15.430,0.3146,0.3958,0.2708,0.2708,crystalline,0,-4.915,20.0
2398,18.258,0.2830,0.3864,0.2273,0.2273,crystalline,0,-3.191,20.0
2399,16.930,0.2432,0.3182,0.1818,0.2273,intermediate,0,13.173,20.0
2400,20.174,0.3273,0.4091,0.2727,0.2955,crystalline,0,-2.747,30.0
2401,19.461,0.3479,0.4468,0.2553,0.3404,crystalline,0,16.339,20.0
2402,27.671,0.2426,0.4412,0.0000,0.2941,intermediate,0,11.991,30.0
2403,11.629,0.3684,0.4490,0.3061,0.3469,crystalline,0,-4.734,20.0
2404,24.530,0.0382,0.0588,0.0000,0.0588,amorphous,0,4.266,30.0
2405,25.329,0.1903,0.3226,0.0000,0.2581,intermediate,0,32.281,30.0
2406,24.411,0.2186,0.2857,0.1429,0.2286,intermediate,0,21.420,30.0
2407,13.655,0.2989,0.4043,0.2128,0.2766,crystalline,0,-2.888,20.0
2408,7.408,0.3490,0.4510,0.2941,0.2941,crystalline,0,-3.760,10.0
2409,19.882,0.2646,0.3125,0.2292,0.2500,crystalline,0,27.353,20.0
2410,25.238,0.1750,0.3125,0.0000,0.2188,intermediate,0,36.820,30.0
2411,18.837,0.2617,0.2979,0.2128,0.2766,crystalline,0,7.157,20.0
2412,22.924,0.2171,0.3947,0.0000,0.2632,intermediate,0,34.008,30.0
2413,27.739,0.2919,0.4324,0.2162,0.2162,crystalline,0,18.331,30.0
2414,30.301,0.2463,0.4815,0.0000,0.2593,intermediate,0,7.463,40.0
2415,29.585,0.2152,0.3913,0.0000,0.2609,intermediate,0,10.294,30.0
2416,18.142,0.3810,0.4800,0.3000,0.3600,crystalline,0,0.721,20.0
2417,26.121,0.3103,0.5588,0.0000,0.3824,crystalline,0,26.424,30.0
2418,13.705,0.3479,0.4255,0.2766,0.3404,crystalline,0,-4.956,20.0
2419,14.948,0.4053,0.5106,0.3191,0.3830,crystalline,0,1.588,20.0
2420,31.604,0.2568,0.5000,0.0000,0.2727,crystalline,0,11.024,40.0
2421,24.766,0.1524,0.2683,0.0000,0.1951,intermediate,0,25.252,30.0
2422,23.179,0.3854,0.5122,0.3171,0.3171,crystalline,0,21.813,30.0
2423,18.226,0.1904,0.3617,0.0000,0.2128,intermediate,0,6.641,20.0
2424,21.588,0.1575,0.3000,0.0000,0.1750,intermediate,0,4.659,30.0
2425,21.437,0.2051,0.2564,0.1538,0.2051,intermediate,0,-2.141,30.0
2426,14.148,0.2114,0.2727,0.1364,0.2273,intermediate,0,-1.570,20.0
2427,30.942,0.2114,0.4091,0.0000,0.2273,intermediate,0,36.397,40.0
2428,18.050,0.2872,0.3256,0.2558,0.2791,crystalline,0,5.422,20.0
2429,28.666,0.0920,0.1600,0.0000,0.1200,intermediate,0,11.892,30.0
2430,28.422,0.2942,0.5769,0.0000,0.3077,crystalline,0,6.571,30.0
2431,31.234,0.1711,0.2632,0.0000,0.2632,intermediate,0,14.594,40.0
2432,20.663,0.1163,0.2326,0.0000,0.1163,amorphous,0,4.272,30.0
2433,26.901,0.2156,0.3750,0.0000,0.2812,intermediate,0,7.544,30.0
2434,20.909,0.1346,0.2308,0.0000,0.1795,intermediate,0,7.726,30.0
2435,17.047,0.0859,0.1522,0.0000,0.1087,amorphous,0,19.429,20.0
2436,19.732,0.2118,0.2895,0.1579,0.1842,intermediate,0,-2.450,20.0
2437,18.039,0.2860,0.3023,0.2558,0.3023,crystalline,0,21.620,20.0
2438,31.110,0.2800,0.5600,0.0000,0.2800,crystalline,0,28.177,40.0
2439,15.579,0.2310,0.3095,0.1667,0.2143,intermediate,0,-2.134,20.0
2440,13.348,0.3012,0.4048,0.1905,0.3095,crystalline,0,-2.246,20.0
2441,23.720,0.2513,0.4474,0.0000,0.3158,crystalline,0,3.113,30.0
2442,17.641,0.0989,0.1915,0.0000,0.1064,amorphous,0,14.639,20.0
2443,17.065,0.1533,0.2667,0.0000,0.2000,intermediate,0,20.837,20.0
2444,27.365,0.1768,0.3214,0.0000,0.2143,intermediate,0,9.894,30.0
2445,31.629,0.1283,0.2174,0.0000,0.1739,intermediate,0,39.339,40.0
2446,28.315,0.2640,0.4800,0.0000,0.3200,crystalline,0,43.162,30.0
2447,20.356,0.2011,0.3409,0.0000,0.2727,intermediate,0,22.963,30.0
2448,20.705,0.3576,0.4783,0.2826,0.3043,crystalline,0,-1.723,30.0
2449,18.624,0.3810,0.4800,0.3000,0.3600,crystalline,0,-0.763,20.0
2450,21.430,0.3171,0.4146,0.2195,0.3171,crystalline,0,2.305,30.0
2451,5.880,0.3641,0.4783,0.2826,0.3261,crystalline,0,-3.317,6.0
2452,31.424,0.3136,0.5455,0.0000,0.4091,crystalline,0,20.201,40.0
2453,24.058,0.1909,0.3636,0.0000,0.2121,intermediate,0,0.920,30.0
2454,24.542,0.1378,0.2683,0.0000,0.1463,intermediate,0,8.030,30.0
2455,30.215,0.2000,0.4000,0.0000,0.2000,intermediate,0,6.434,40.0
2456,24.655,0.2541,0.3243,0.2162,0.2162,crystalline,0,7.119,30.0
2457,19.533,0.2205,0.2727,0.1818,0.2045,intermediate,0,13.414,20.0
2458,16.409,0.3810,0.4800,0.3000,0.3600,crystalline,0,0.693,20.0
2459,31.629,0.1818,0.3636,0.0000,0.1818,intermediate,0,8.467,40.0
2460,13.155,0.3404,0.4468,0.2340,0.3404,crystalline,0,-4.440,20.0
2461,23.005,0.0797,0.1351,0.0000,0.1081,amorphous,0,3.887,30.0
2462,13.677,0.3110,0.4146,0.2439,0.2683,crystalline,0,-5.166,20.0
2463,14.707,0.3735,0.4706,0.2941,0.3529,crystalline,0,1.193,20.0
2464,28.809,0.2278,0.3333,0.0000,0.3704,intermediate,0,38.005,30.0
2465,21.831,0.1122,0.1951,0.0000,0.1463,intermediate,0,5.108,30.0
2466,16.385,0.3576,0.4565,0.3043,0.3043,crystalline,0,3.863,20.0
2467,18.991,0.2659,0.3182,0.2273,0.2500,crystalline,0,12.094,20.0
2468,9.953,0.3500,0.5000,0.2500,0.2917,crystalline,0,-3.442,10.0
2469,30.117,0.1896,0.2917,0.0000,0.2917,intermediate,0,37.421,40.0
2470,32.430,0.2800,0.5000,0.0000,0.3500,crystalline,0,32.939,40.0
2471,27.261,0.2635,0.4231,0.0000,0.3846,crystalline,0,38.905,30.0
2472,27.779,0.1581,0.2581,0.0000,0.2258,intermediate,0,10.181,30.0
2473,21.837,0.1636,0.2727,0.0000,0.2273,intermediate,0,3.570,30.0
2474,17.531,0.3489,0.4681,0.2553,0.3191,crystalline,0,-0.891,20.0
2475,12.858,0.3735,0.4706,0.2941,0.3529,crystalline,0,1.558,20.0
2476,17.714,0.3882,0.5098,0.3137,0.3333,crystalline,0,-5.459,20.0
2477,21.711,0.2111,0.3556,0.0000,0.2889,intermediate,0,32.614,30.0
2478,27.486,0.1562,0.2188,0.0938,0.1562,intermediate,0,23.540,30.0
2479,21.494,0.4012,0.5366,0.3171,0.3415,crystalline,0,17.124,30.0
2480,16.930,0.3793,0.5000,0.3043,0.3261,crystalline,0,8.330,20.0
2481,13.747,0.3820,0.5000,0.3000,0.3400,crystalline,0,-4.319,20.0
2482,24.409,0.2632,0.5000,0.0000,0.2941,crystalline,0,1.541,30.0
2483,30.665,0.2458,0.4167,0.0000,0.3333,intermediate,0,18.035,40.0
2484,24.310,0.3500,0.3947,0.2895,0.3684,crystalline,0,28.459,30.0
2485,16.537,0.3827,0.4898,0.3061,0.3469,crystalline,0,2.324,20.0
2486,17.688,0.2760,0.3800,0.2200,0.2200,crystalline,0,5.114,20.0
2487,26.135,0.1542,0.2500,0.0000,0.2222,intermediate,0,8.030,30.0
2488,12.648,0.3888,0.4898,0.3061,0.3673,crystalline,0,1.232,20.0
2489,19.811,0.1221,0.2093,0.0000,0.1628,intermediate,0,19.097,20.0
2490,17.597,0.2287,0.3191,0.1702,0.1915,intermediate,0,-3.397,20.0
2491,30.610,0.2190,0.3810,0.0000,0.2857,intermediate,0,12.889,40.0
2492,16.258,0.4141,0.5217,0.3261,0.3913,crystalline,0,0.097,20.0
2493,21.956,0.2225,0.2941,0.1569,0.2157,intermediate,0,9.606,30.0
2494,14.533,0.3808,0.5000,0.3077,0.3269,crystalline,0,2.886,20.0
2495,9.468,0.3350,0.4200,0.2800,0.3000,crystalline,0,-5.362,10.0
2496,27.158,0.2808,0.5385,0.0000,0.3077,crystalline,0,19.730,30.0
2497,24.622,0.3354,0.4878,0.2195,0.2927,crystalline,0,15.118,30.0
2498,21.532,0.2233,0.2558,0.1628,0.2558,intermediate,0,29.123,30.0
2499,25.171,0.1908,0.3421,0.0000,0.2368,intermediate,0,14.922,30.0
2500,26.146,0.2703,0.3438,0.1875,0.2812,crystalline,0,6.833,30.0
2501,11.234,0.3625,0.4792,0.2708,0.3333,crystalline,0,-5.776,20.0
2502,30.229,0.2760,0.4800,0.0000,0.3600,crystalline,0,31.061,40.0
2503,19.518,0.3690,0.4800,0.3000,0.3200,crystalline,0,6.865,20.0
2504,20.118,0.1989,0.3261,0.0000,0.2826,intermediate,0,28.363,30.0
2505,27.590,0.1750,0.3235,0.0000,0.2059,intermediate,0,8.770,30.0
2506,29.570,0.2976,0.5238,0.0000,0.3810,crystalline,0,44.628,30.0
2507,28.414,0.1317,0.2333,0.0000,0.1667,intermediate,0,9.415,30.0
2508,23.359,0.1486,0.1944,0.1111,0.1389,intermediate,0,-1.726,30.0
2509,23.931,0.2659,0.3409,0.2045,0.2500,crystalline,0,10.970,30.0
2510,32.315,0.2548,0.5238,0.0000,0.2381,crystalline,0,34.175,40.0
2511,7.002,0.3500,0.4894,0.2553,0.2979,crystalline,0,-4.871,10.0
2512,28.756,0.2071,0.4286,0.0000,0.1905,intermediate,0,4.888,30.0
2513,22.015,0.3405,0.3810,0.2857,0.3571,crystalline,0,23.824,30.0
2514,19.610,0.1352,0.2500,0.0000,0.1591,intermediate,0,11.300,20.0
2515,19.385,0.3143,0.4082,0.2449,0.2857,crystalline,0,6.585,20.0
2516,17.064,0.3888,0.4898,0.3061,0.3673,crystalline,0,2.728,20.0
2517,22.513,0.2786,0.3333,0.2381,0.2619,crystalline,0,-2.456,30.0
2518,15.702,0.3594,0.4528,0.2830,0.3396,crystalline,0,3.034,20.0
2519,29.880,0.0780,0.1200,0.0000,0.1200,intermediate,0,7.085,30.0
2520,27.132,0.0591,0.0909,0.0000,0.0909,amorphous,0,4.709,30.0
2521,23.197,0.1375,0.2000,0.0000,0.2250,intermediate,0,4.991,30.0
2522,16.576,0.1439,0.2439,0.0000,0.1951,intermediate,0,-0.915,20.0
2523,19.992,0.2000,0.2750,0.1250,0.2000,intermediate,0,1.930,20.0
2524,18.067,0.4233,0.5333,0.3333,0.4000,crystalline,0,-5.292,20.0
2525,9.259,0.3760,0.4583,0.3125,0.3542,crystalline,0,-2.978,10.0
2526,29.079,0.2484,0.4688,0.0000,0.2812,intermediate,0,16.926,30.0
2527,21.419,0.1360,0.2093,0.0000,0.2093,intermediate,0,5.362,30.0
2528,20.038,0.2500,0.3250,0.1750,0.2500,crystalline,0,-0.269,30.0
2529,17.616,0.0904,0.1489,0.0000,0.1277,intermediate,0,19.433,20.0
2530,25.423,0.2625,0.4500,0.0000,0.3500,crystalline,0,8.747,30.0
2531,13.733,0.3550,0.4600,0.2800,0.3200,crystalline,0,-5.148,20.0
2532,14.989,0.3694,0.4694,0.3061,0.3265,crystalline,0,-6.326,20.0
2533,27.365,0.2629,0.4194,0.0000,0.3871,crystalline,0,39.602,30.0
2534,29.113,0.3000,0.4800,0.0000,0.4400,crystalline,0,43.843,30.0
2535,26.839,0.2308,0.4615,0.0000,0.2308,intermediate,0,12.218,30.0
2536,29.939,0.1423,0.1923,0.1154,0.1154,intermediate,0,32.313,30.0
2537,23.879,0.3056,0.3889,0.2222,0.3056,crystalline,0,4.006,30.0
2538,28.049,0.2250,0.3462,0.0000,0.3462,intermediate,0,33.098,30.0
2539,24.942,0.2311,0.4054,0.0000,0.2973,intermediate,0,36.968,30.0
2540,15.249,0.3620,0.4800,0.2800,0.3200,crystalline,0,-5.708,20.0
2541,20.348,0.1678,0.2889,0.0000,0.2222,intermediate,0,11.684,30.0
2542,30.602,0.3097,0.5806,0.0000,0.3548,crystalline,0,24.423,40.0
2543,13.089,0.3810,0.4800,0.3000,0.3600,crystalline,0,-3.543,20.0
2544,30.894,0.1125,0.1500,0.0000,0.2000,intermediate,0,5.430,40.0
2545,20.454,0.1907,0.3256,0.0000,0.2558,intermediate,0,-1.907,30.0
2546,25.961,0.2044,0.3824,0.0000,0.2353,intermediate,0,17.274,30.0
2547,16.861,0.2500,0.3182,0.1818,0.2500,crystalline,0,-1.673,20.0
2548,27.071,0.0742,0.1290,0.0000,0.0968,amorphous,0,24.232,30.0
2549,18.334,0.2284,0.3182,0.1591,0.2045,intermediate,0,11.921,20.0
2550,27.379,0.2586,0.4138,0.0000,0.3793,crystalline,0,34.624,30.0
2551,12.039,0.4053,0.5106,0.3191,0.3830,crystalline,0,-5.055,20.0
2552,18.697,0.3356,0.4615,0.2500,0.2885,crystalline,0,1.730,20.0
2553,8.356,0.3627,0.4706,0.3137,0.2941,crystalline,0,-4.644,10.0
2554,23.168,0.2674,0.3261,0.1957,0.2826,crystalline,0,8.591,30.0
2555,23.303,0.1917,0.3333,0.0000,0.2500,intermediate,0,22.483,30.0
2556,20.884,0.1191,0.2128,0.0000,0.1489,intermediate,0,5.241,30.0
2557,30.806,0.1917,0.3333,0.0000,0.2500,intermediate,0,13.534,40.0
2558,19.420,0.3740,0.4808,0.3077,0.3269,crystalline,0,0.039,20.0
2559,27.040,0.2795,0.5128,0.0000,0.3333,crystalline,0,11.971,30.0
2560,16.637,0.3473,0.4545,0.2727,0.3091,crystalline,0,1.703,20.0
2561,30.275,0.2058,0.4231,0.0000,0.1923,intermediate,0,30.074,40.0
2562,15.774,0.3420,0.4400,0.2800,0.3000,crystalline,0,1.080,20.0
2563,20.864,0.1065,0.1739,0.0000,0.1522,intermediate,0,14.548,30.0
2564,22.010,0.2977,0.3864,0.2500,0.2500,crystalline,0,23.125,30.0
2565,15.402,0.3760,0.4792,0.2917,0.3542,crystalline,0,-6.449,20.0
2566,22.068,0.2979,0.3404,0.2553,0.2979,crystalline,0,8.200,30.0
2567,16.965,0.3745,0.4902,0.2941,0.3333,crystalline,0,2.588,20.0
2568,30.176,0.1825,0.3500,0.0000,0.2000,intermediate,0,41.117,40.0
2569,10.722,0.3698,0.5000,0.2708,0.3333,crystalline,0,-2.709,20.0
2570,21.035,0.0966,0.1591,0.0000,0.1364,intermediate,0,14.492,30.0
2571,23.530,0.1014,0.1944,0.0000,0.1111,amorphous,0,18.040,30.0
2572,26.040,0.0986,0.1351,0.0541,0.1081,amorphous,0,4.632,30.0
2573,19.736,0.3687,0.4583,0.2917,0.3542,crystalline,0,7.287,20.0
2574,23.760,0.1870,0.3478,0.0000,0.2174,intermediate,0,10.472,30.0
2575,25.525,0.1737,0.3158,0.0000,0.2105,intermediate,0,33.423,30.0
2576,19.162,0.3220,0.4400,0.2400,0.2800,crystalline,0,6.312,20.0
2577,20.884,0.3204,0.3878,0.2653,0.3061,crystalline,0,8.599,30.0
2578,26.676,0.2758,0.4242,0.0000,0.4242,crystalline,0,35.239,30.0
2579,21.365,0.2171,0.3902,0.0000,0.2683,intermediate,0,12.544,30.0
2580,26.195,0.2233,0.4186,0.0000,0.2558,intermediate,0,5.926,30.0
2581,20.037,0.1477,0.2273,0.0000,0.2273,intermediate,0,18.329,20.0
2582,15.911,0.4125,0.5417,0.3333,0.3542,crystalline,0,-6.058,20.0
2583,27.433,0.1519,0.2692,0.0000,0.1923,intermediate,0,33.462,30.0
2584,15.337,0.4178,0.5556,0.3333,0.3556,crystalline,0,-3.729,20.0
2585,23.917,0.2389,0.4444,0.0000,0.2778,intermediate,0,-1.241,30.0
2586,13.015,0.3810,0.4800,0.3000,0.3600,crystalline,0,-5.072,20.0
2587,27.913,0.2520,0.4800,0.0000,0.2800,crystalline,0,2.265,30.0
2588,10.742,0.3760,0.5000,0.3000,0.3200,crystalline,0,-2.292,20.0
2589,22.703,0.1354,0.2083,0.0000,0.2083,intermediate,0,4.364,30.0
2590,16.246,0.4000,0.5319,0.3191,0.3404,crystalline,0,0.837,20.0
2591,15.095,0.4125,0.5417,0.3333,0.3542,crystalline,0,-6.047,20.0
2592,27.749,0.1886,0.3429,0.0000,0.2286,intermediate,0,8.920,30.0
2593,32.508,0.2524,0.4762,0.0000,0.2857,crystalline,0,21.557,40.0
2594,30.374,0.0565,0.0870,0.0000,0.0870,amorphous,0,7.233,40.0
2595,20.651,0.3070,0.3600,0.2600,0.3000,crystalline,0,24.054,30.0
2596,27.700,0.1125,0.1875,0.0000,0.1562,intermediate,0,8.113,30.0
2597,29.977,0.1625,0.2500,0.0000,0.2500,intermediate,0,33.708,30.0
2598,21.521,0.2137,0.3750,0.0000,0.2750,intermediate,0,28.923,30.0
2599,18.609,0.1537,0.1951,0.0976,0.1707,intermediate,0,-0.675,20.0
2600,32.318,0.2357,0.4286,0.0000,0.2857,intermediate,0,20.032,40.0
2601,25.922,0.1606,0.3030,0.0000,0.1818,intermediate,0,-1.311,30.0
2602,19.392,0.2750,0.3500,0.2000,0.2750,crystalline,0,-1.037,20.0
2603,23.750,0.2244,0.3902,0.0000,0.2927,intermediate,0,33.238,30.0
2604,25.221,0.1329,0.2571,0.0000,0.1429,intermediate,0,-2.327,30.0
2605,18.238,0.3727,0.4773,0.2955,0.3409,crystalline,0,7.012,20.0
2606,8.850,0.3793,0.5217,0.2826,0.3261,crystalline,0,-4.060,10.0
2607,21.574,0.2779,0.3256,0.2093,0.3023,crystalline,0,19.195,30.0
2608,24.102,0.1243,0.2162,0.0000,0.1622,intermediate,0,2.671,30.0
2609,28.224,0.2355,0.4516,0.0000,0.2581,intermediate,0,1.204,30.0
2610,25.563,0.1591,0.3182,0.0000,0.1591,intermediate,0,7.672,30.0
2611,10.831,0.3990,0.5417,0.3125,0.3333,crystalline,0,-4.351,20.0
2612,16.077,0.3896,0.5000,0.2917,0.3750,crystalline,0,-4.723,20.0
2613,21.450,0.1442,0.2326,0.0000,0.2093,intermediate,0,6.395,30.0
2614,28.030,0.2741,0.5172,0.0000,0.3103,crystalline,0,23.134,30.0
2615,18.890,0.1140,0.1860,0.0000,0.1628,intermediate,0,17.035,20.0
2616,20.660,0.1989,0.3261,0.0000,0.2826,intermediate,0,1.655,30.0
2617,25.427,0.2833,0.5000,0.0000,0.3611,crystalline,0,18.488,30.0
2618,22.197,0.2207,0.2927,0.1707,0.1951,intermediate,0,0.329,30.0
2619,18.669,0.3888,0.4898,0.3061,0.3673,crystalline,0,3.317,20.0
2620,24.193,0.1629,0.2286,0.1143,0.1429,intermediate,0,-0.647,30.0
2621,22.011,0.1895,0.3023,0.0000,0.2791,intermediate,0,0.405,30.0
2622,31.355,0.2650,0.5000,0.0000,0.3000,crystalline,0,7.246,40.0
2623,25.297,0.2971,0.3714,0.2571,0.2571,crystalline,0,25.129,30.0
2624,17.280,0.3344,0.4222,0.2667,0.3111,crystalline,0,-7.133,20.0
2625,21.614,0.3512,0.4524,0.2857,0.3095,crystalline,0,-6.020,30.0
2626,20.466,0.2140,0.3000,0.1400,0.2000,intermediate,0,5.743,30.0
2627,28.066,0.1707,0.3103,0.0000,0.2069,intermediate,0,0.085,30.0
2628,25.721,0.1591,0.2727,0.0000,0.2121,intermediate,0,21.587,30.0
2629,18.522,0.2663,0.3721,0.2093,0.2093,crystalline,0,-6.102,20.0
2630,21.492,0.1211,0.2105,0.0000,0.1579,intermediate,0,25.596,30.0
2631,18.866,0.1446,0.1739,0.1087,0.1522,intermediate,0,16.113,20.0
2632,26.269,0.2437,0.3750,0.0000,0.3750,intermediate,0,36.175,30.0
2633,29.096,0.2333,0.4167,0.0000,0.2917,intermediate,0,41.300,30.0
2634,20.786,0.2860,0.3256,0.2326,0.3023,crystalline,0,1.405,30.0
2635,12.473,0.3837,0.5116,0.3256,0.3023,crystalline,0,-2.048,20.0
2636,19.136,0.3848,0.4783,0.3043,0.3696,crystalline,0,-7.067,20.0
2637,26.928,0.3716,0.5405,0.2432,0.3243,crystalline,0,9.414,30.0
2638,28.116,0.2583,0.4167,0.0000,0.3750,crystalline,0,40.519,30.0
2639,13.562,0.4233,0.5333,0.3333,0.4000,crystalline,0,-3.004,20.0
2640,20.044,0.2221,0.3953,0.0000,0.2791,intermediate,0,-6.449,30.0
2641,22.991,0.1471,0.2353,0.0000,0.2157,intermediate,0,7.941,30.0
2642,31.050,0.1977,0.3182,0.0909,0.1818,intermediate,0,30.634,40.0
2643,20.707,0.4156,0.5111,0.3333,0.4000,crystalline,0,-6.772,30.0
2644,21.167,0.3789,0.4889,0.2889,0.3556,crystalline,0,-4.994,30.0
2645,29.201,0.2839,0.5357,0.0000,0.3214,crystalline,0,4.443,30.0
2646,17.634,0.3357,0.4048,0.3095,0.2857,crystalline,0,2.867,20.0
2647,26.651,0.2462,0.4615,0.0000,0.2821,intermediate,0,6.593,30.0
2648,18.962,0.3673,0.4808,0.2885,0.3269,crystalline,0,-4.008,20.0
2649,27.049,0.3132,0.4412,0.1765,0.3235,crystalline,0,3.740,30.0
2650,22.318,0.1037,0.1707,0.0000,0.1463,intermediate,0,1.856,30.0
2651,30.335,0.2643,0.3929,0.1786,0.2143,crystalline,0,18.990,40.0
2652,28.447,0.1980,0.3600,0.0000,0.2400,intermediate,0,29.845,30.0
2653,29.933,0.1404,0.2692,0.0000,0.1538,intermediate,0,21.695,40.0
2654,18.896,0.0674,0.0930,0.0000,0.1163,amorphous,0,16.196,20.0
2655,19.729,0.3511,0.4468,0.3191,0.2766,crystalline,0,3.712,20.0
2656,27.056,0.3345,0.3103,0.3793,0.3103,crystalline,0,6.408,30.0
2657,29.612,0.2130,0.3478,0.0000,0.3043,intermediate,0,2.327,30.0
2658,12.753,0.3284,0.4091,0.2955,0.2727,crystalline,0,-3.569,20.0
2659,19.676,0.3511,0.4545,0.2955,0.2955,crystalline,0,6.209,20.0
2660,26.388,0.1065,0.1935,0.0000,0.1290,intermediate,0,5.243,30.0
2661,21.058,0.2926,0.3617,0.2553,0.2553,crystalline,0,24.716,30.0
2662,20.349,0.1698,0.3256,0.0000,0.1860,intermediate,0,8.016,30.0
2663,29.210,0.2692,0.5385,0.0000,0.2692,crystalline,0,2.740,30.0
2664,27.281,0.1138,0.2069,0.0000,0.1379,intermediate,0,-0.263,30.0
2665,24.028,0.4132,0.5263,0.3158,0.3947,crystalline,0,13.871,30.0
2666,24.744,0.3264,0.4167,0.2778,0.2778,crystalline,0,3.328,30.0
2667,31.524,0.2325,0.4500,0.0000,0.2500,intermediate,0,27.725,40.0
2668,24.634,0.1553,0.2632,0.0000,0.2105,intermediate,0,29.747,30.0
2669,27.245,0.3532,0.3871,0.2903,0.3871,crystalline,0,30.885,30.0
2670,23.910,0.0952,0.1613,0.0000,0.1290,intermediate,0,-4.292,30.0
2671,28.333,0.3242,0.4545,0.2121,0.3030,crystalline,0,13.769,30.0
2672,23.284,0.2628,0.3023,0.2093,0.2791,crystalline,0,-1.301,30.0
2673,28.574,0.2183,0.3667,0.0000,0.3000,intermediate,0,30.296,30.0
2674,25.661,0.1351,0.2703,0.0000,0.1351,intermediate,0,4.194,30.0
2675,23.605,0.3054,0.3243,0.2703,0.3243,crystalline,0,20.538,30.0
2676,15.659,0.3960,0.5200,0.3200,0.3400,crystalline,0,-2.564,20.0
2677,25.608,0.3735,0.4412,0.3235,0.3529,crystalline,0,31.845,30.0
2678,30.235,0.1955,0.3636,0.0000,0.2273,intermediate,0,8.516,40.0
2679,26.813,0.2372,0.4359,0.0000,0.2821,intermediate,0,11.439,30.0
2680,32.370,0.2056,0.4444,0.0000,0.1667,intermediate,0,27.203,40.0
2681,21.337,0.3133,0.4000,0.2667,0.2667,crystalline,0,8.907,30.0
2682,24.864,0.2931,0.5278,0.0000,0.3611,crystalline,0,-0.610,30.0
2683,30.110,0.2967,0.5333,0.0000,0.3667,crystalline,0,14.807,40.0
2684,24.719,0.1289,0.2105,0.0000,0.1842,intermediate,0,25.660,30.0
2685,26.866,0.1048,0.1613,0.0000,0.1613,intermediate,0,20.935,30.0
2686,29.868,0.2375,0.4375,0.0000,0.2812,intermediate,0,13.031,30.0
2687,24.848,0.1515,0.2121,0.0909,0.1515,intermediate,0,13.954,30.0
2688,31.811,0.2675,0.5500,0.0000,0.2500,crystalline,0,3.595,40.0
2689,12.125,0.3755,0.4694,0.3061,0.3469,crystalline,0,-3.619,20.0
2690,16.458,0.2269,0.3846,0.0000,0.3077,intermediate,0,-6.176,20.0
2691,14.269,0.3898,0.5102,0.3061,0.3469,crystalline,0,-4.281,20.0
2692,19.286,0.3960,0.5200,0.3200,0.3400,crystalline,0,1.421,20.0
2693,27.496,0.2515,0.4412,0.0000,0.3235,crystalline,0,37.577,30.0
2694,18.074,0.4213,0.5532,0.3404,0.3617,crystalline,0,-5.483,20.0
2695,25.195,0.3595,0.4865,0.2162,0.3784,crystalline,0,0.969,30.0
2696,14.802,0.3882,0.5098,0.3137,0.3333,crystalline,0,-2.010,20.0
2697,15.821,0.3062,0.3958,0.2292,0.2917,crystalline,0,-6.783,20.0
2698,25.218,0.3143,0.3143,0.3143,0.3143,crystalline,0,3.602,30.0
2699,24.109,0.2866,0.3902,0.2195,0.2439,crystalline,0,-5.716,30.0
2700,32.513,0.3000,0.5455,0.0000,0.3636,crystalline,0,17.733,40.0
2701,19.199,0.1103,0.1282,0.0769,0.1282,intermediate,0,-2.522,20.0
2702,20.671,0.1221,0.2093,0.0000,0.1628,intermediate,0,-1.065,30.0
2703,15.137,0.4330,0.5455,0.3409,0.4091,crystalline,0,-4.482,20.0
2704,29.258,0.2703,0.5312,0.0000,0.2812,crystalline,0,16.485,30.0
2705,22.094,0.0956,0.1778,0.0000,0.1111,amorphous,0,7.383,30.0
2706,31.567,0.2875,0.5000,0.0000,0.3750,crystalline,0,12.799,40.0
2707,18.760,0.2087,0.3000,0.1250,0.2000,intermediate,0,-3.784,20.0
2708,17.910,0.3820,0.5000,0.3000,0.3400,crystalline,0,2.014,20.0
2709,21.921,0.1167,0.1905,0.0000,0.1667,intermediate,0,-0.831,30.0
2710,28.151,0.1341,0.2273,0.0000,0.1818,intermediate,0,-0.899,30.0
2711,19.651,0.3888,0.4898,0.3061,0.3673,crystalline,0,-5.624,20.0
2712,25.134,0.1703,0.3243,0.0000,0.1892,intermediate,0,2.658,30.0
2713,29.341,0.3179,0.5714,0.0000,0.3929,crystalline,0,12.634,30.0
2714,32.316,0.2071,0.4286,0.0000,0.1905,intermediate,0,28.459,40.0
2715,31.195,0.2589,0.4643,0.0000,0.3214,crystalline,0,9.955,40.0
2716,23.262,0.1549,0.2195,0.0976,0.1463,intermediate,0,5.854,30.0
2717,21.023,0.2185,0.2609,0.1957,0.1957,intermediate,0,17.361,30.0
2718,31.805,0.2000,0.4000,0.0000,0.2000,intermediate,0,2.574,40.0
2719,27.023,0.2773,0.4545,0.0000,0.3939,crystalline,0,36.799,30.0
2720,20.331,0.2570,0.3488,0.1860,0.2326,crystalline,0,8.579,30.0
2721,22.949,0.3250,0.3947,0.2632,0.3158,crystalline,0,0.552,30.0
2722,22.400,0.1354,0.2195,0.0000,0.1951,intermediate,0,-0.203,30.0
2723,17.929,0.2898,0.3864,0.2273,0.2500,crystalline,0,-7.489,20.0
2724,30.428,0.1738,0.3333,0.0000,0.1905,intermediate,0,37.781,40.0
2725,26.601,0.2071,0.3714,0.0000,0.2571,intermediate,0,22.862,30.0
2726,26.020,0.1960,0.3200,0.0000,0.2800,intermediate,0,-2.899,30.0
2727,20.535,0.3189,0.4000,0.2444,0.3111,crystalline,0,3.900,30.0
2728,16.882,0.2761,0.3696,0.1957,0.2609,crystalline,0,-5.517,20.0
2729,20.283,0.3551,0.4490,0.2857,0.3265,crystalline,0,0.978,30.0
2730,25.699,0.3865,0.4324,0.3243,0.4054,crystalline,0,32.448,30.0
2731,23.162,0.1453,0.2558,0.0000,0.1860,intermediate,0,1.071,30.0
2732,21.146,0.3023,0.3409,0.2500,0.3182,crystalline,0,2.189,30.0
2733,20.311,0.3024,0.3810,0.2381,0.2857,crystalline,0,3.103,30.0
2734,26.379,0.1810,0.3333,0.0000,0.2143,intermediate,0,10.372,30.0
2735,28.354,0.2222,0.4444,0.0000,0.2222,intermediate,0,8.468,30.0
2736,27.417,0.2447,0.4737,0.0000,0.2632,intermediate,0,11.781,30.0
2737,28.173,0.2983,0.5667,0.0000,0.3333,crystalline,0,0.144,30.0
2738,23.126,0.1026,0.1579,0.0000,0.1579,intermediate,0,12.177,30.0
2739,31.227,0.2024,0.3333,0.0000,0.2857,intermediate,0,9.454,40.0
2740,19.517,0.3906,0.5000,0.3125,0.3542,crystalline,0,2.009,20.0
2741,26.714,0.1829,0.3421,0.0000,0.2105,intermediate,0,3.344,30.0
2742,22.647,0.3271,0.3958,0.2708,0.3125,crystalline,0,19.681,30.0
2743,26.029,0.1121,0.1515,0.0909,0.0909,amorphous,0,-2.502,30.0
2744,22.972,0.2543,0.2979,0.1915,0.2766,crystalline,0,-0.491,30.0
2745,19.211,0.2226,0.3095,0.1429,0.2143,intermediate,0,-6.680,20.0
2746,28.039,0.3417,0.4000,0.2333,0.4000,crystalline,0,25.972,30.0
2747,28.457,0.2250,0.4412,0.0000,0.2353,intermediate,0,12.911,30.0
2748,20.532,0.3193,0.4091,0.2500,0.2955,crystalline,0,7.574,30.0
2749,19.640,0.3808,0.5000,0.3077,0.3269,crystalline,0,2.265,20.0
2750,13.535,0.4053,0.5106,0.3191,0.3830,crystalline,0,-3.332,20.0
2751,28.376,0.2912,0.5294,0.0000,0.3529,crystalline,0,19.300,30.0
2752,21.971,0.1821,0.2143,0.1429,0.1905,intermediate,0,23.875,30.0
2753,15.044,0.3808,0.5000,0.3077,0.3269,crystalline,0,-1.693,20.0
2754,29.523,0.2100,0.3600,0.0000,0.2800,intermediate,0,5.374,30.0
2755,22.976,0.3886,0.5227,0.2955,0.3409,crystalline,0,-6.617,30.0
2756,20.018,0.3888,0.4898,0.3061,0.3673,crystalline,0,-3.271,20.0
2757,29.469,0.2860,0.4400,0.0000,0.4400,crystalline,0,41.128,30.0
2758,32.417,0.2690,0.5238,0.0000,0.2857,crystalline,0,21.108,40.0
2759,11.392,0.3979,0.5000,0.3333,0.3542,crystalline,0,-8.622,20.0
2760,21.746,0.1360,0.2093,0.0000,0.2093,intermediate,0,14.517,30.0
2761,20.577,0.3644,0.4667,0.2889,0.3333,crystalline,0,3.043,30.0
2762,25.199,0.1756,0.3023,0.0000,0.2326,intermediate,0,18.772,30.0
2763,29.059,0.1771,0.2917,0.0000,0.2500,intermediate,0,6.692,30.0
2764,20.636,0.3904,0.4894,0.2979,0.3830,crystalline,0,3.594,30.0
2765,20.942,0.1195,0.1951,0.0000,0.1707,intermediate,0,13.678,30.0
2766,24.413,0.3618,0.4737,0.2895,0.3158,crystalline,0,0.196,30.0
2767,25.792,0.2378,0.3784,0.0000,0.3514,intermediate,0,21.338,30.0
2768,26.432,0.3097,0.5278,0.0000,0.4167,crystalline,0,14.660,30.0
2769,17.289,0.3337,0.4348,0.2391,0.3261,crystalline,0,-6.238,20.0
2770,19.509,0.3556,0.4444,0.2667,0.3556,crystalline,0,1.835,20.0
2771,28.921,0.1867,0.3333,0.0000,0.2333,intermediate,0,34.046,30.0
2772,23.214,0.2027,0.3243,0.0000,0.2973,intermediate,0,15.853,30.0
2773,22.180,0.3149,0.4043,0.2766,0.2553,crystalline,0,20.295,30.0
2774,21.507,0.2537,0.3171,0.2195,0.2195,crystalline,0,0.530,30.0
2775,30.864,0.1795,0.3182,0.0000,0.2273,intermediate,0,7.141,40.0
2776,15.641,0.4152,0.5435,0.3261,0.3696,crystalline,0,-2.007,20.0
2777,24.142,0.3514,0.5135,0.1892,0.3514,crystalline,0,-3.383,30.0
2778,19.318,0.3667,0.4815,0.2963,0.3148,crystalline,0,-4.899,20.0
2779,31.357,0.2788,0.5000,0.0000,0.3462,crystalline,0,23.951,40.0
2780,24.369,0.2221,0.3953,0.0000,0.2791,intermediate,0,29.813,30.0
2781,13.806,0.4065,0.5000,0.3261,0.3913,crystalline,0,-9.037,20.0
2782,28.799,0.2140,0.4400,0.0000,0.2000,intermediate,0,-2.066,30.0
2783,14.555,0.3888,0.4898,0.3061,0.3673,crystalline,0,-3.046,20.0
2784,25.891,0.1632,0.2632,0.0000,0.2368,intermediate,0,18.175,30.0
2785,28.198,0.1229,0.2083,0.0000,0.1667,intermediate,0,29.933,30.0
2786,20.961,0.3330,0.4255,0.2340,0.3404,crystalline,0,-4.158,30.0
2787,21.271,0.1968,0.3617,0.0000,0.2340,intermediate,0,2.487,30.0
2788,10.616,0.3777,0.5106,0.2766,0.3404,crystalline,0,-8.041,20.0
2789,21.104,0.3187,0.3958,0.2292,0.3333,crystalline,0,3.330,30.0
2790,23.534,0.1606,0.3030,0.0000,0.1818,intermediate,0,-6.427,30.0
2791,24.386,0.2927,0.3902,0.1951,0.2927,crystalline,0,9.187,30.0
2792,28.681,0.1500,0.2727,0.0000,0.1818,intermediate,0,17.687,30.0
2793,21.794,0.3171,0.4146,0.2195,0.3171,crystalline,0,-4.096,30.0
2794,18.280,0.2205,0.2955,0.1591,0.2045,intermediate,0,-5.128,20.0
2795,16.007,0.3589,0.4889,0.2889,0.2889,crystalline,0,-8.113,20.0
2796,22.623,0.2990,0.3542,0.2500,0.2917,crystalline,0,25.617,30.0
2797,26.718,0.2379,0.3939,0.0000,0.3333,intermediate,0,27.469,30.0
2798,16.234,0.4053,0.5106,0.3191,0.3830,crystalline,0,-9.585,20.0
2799,25.227,0.1197,0.1842,0.0000,0.1842,intermediate,0,7.351,30.0
2800,28.433,0.1460,0.2800,0.0000,0.1600,intermediate,0,-3.123,30.0
2801,30.789,0.1238,0.1905,0.0000,0.1905,intermediate,0,26.630,40.0
2802,19.342,0.4193,0.5682,0.3182,0.3636,crystalline,0,-3.155,20.0
2803,15.239,0.4213,0.5532,0.3404,0.3617,crystalline,0,-3.760,20.0
2804,26.514,0.1321,0.2143,0.0714,0.1071,amorphous,0,-5.455,30.0
2805,22.076,0.1577,0.2308,0.0000,0.2564,intermediate,0,-1.398,30.0
2806,32.018,0.2114,0.4091,0.0000,0.2273,intermediate,0,10.369,40.0
2807,23.784,0.2611,0.3333,0.2222,0.2222,crystalline,0,-7.746,30.0
2808,27.338,0.1411,0.2500,0.0000,0.1786,intermediate,0,-4.411,30.0
2809,20.335,0.3739,0.5000,0.2955,0.3182,crystalline,0,3.738,30.0
2810,17.468,0.3810,0.4800,0.3000,0.3600,crystalline,0,-1.540,20.0
2811,22.757,0.3760,0.4792,0.2917,0.3542,crystalline,0,4.012,30.0
2812,23.480,0.1000,0.1538,0.0000,0.1538,intermediate,0,10.249,30.0
2813,28.185,0.0793,0.1379,0.0000,0.1034,amorphous,0,0.733,30.0
2814,25.573,0.1581,0.2432,0.0000,0.2432,intermediate,0,7.587,30.0
2815,10.448,0.3684,0.4694,0.2857,0.3469,crystalline,0,-7.883,20.0
2816,31.579,0.2975,0.5500,0.0000,0.3500,crystalline,0,0.338,40.0
2817,26.047,0.3986,0.4286,0.3429,0.4286,crystalline,0,28.124,30.0
2818,25.119,0.1812,0.3250,0.0000,0.2250,intermediate,0,3.333,30.0
2819,16.378,0.4141,0.5217,0.3261,0.3913,crystalline,0,-9.316,20.0
2820,22.978,0.3688,0.4750,0.3000,0.3250,crystalline,0,-2.421,30.0
2821,13.533,0.3736,0.4906,0.3019,0.3208,crystalline,0,-8.308,20.0
2822,31.410,0.0886,0.1364,0.0000,0.1364,intermediate,0,24.365,40.0
2823,26.985,0.2026,0.3590,0.0000,0.2564,intermediate,0,7.170,30.0
2824,24.687,0.3237,0.3684,0.2632,0.3421,crystalline,0,16.682,30.0
2825,30.188,0.1659,0.3182,0.0000,0.1818,intermediate,0,-1.016,40.0
2826,26.806,0.1529,0.3143,0.0000,0.1429,intermediate,0,3.790,30.0
2827,32.038,0.0868,0.1053,0.0526,0.1053,amorphous,0,5.910,40.0
2828,29.424,0.2185,0.3704,0.0000,0.2963,intermediate,0,26.571,30.0
2829,27.565,0.2424,0.4848,0.0000,0.2424,intermediate,0,34.193,30.0
2830,26.455,0.2529,0.4286,0.0000,0.3429,crystalline,0,33.396,30.0
2831,22.464,0.1645,0.2895,0.0000,0.2105,intermediate,0,-8.050,30.0
2832,21.533,0.1122,0.1951,0.0000,0.1463,intermediate,0,18.115,30.0
2833,24.488,0.2714,0.3571,0.2143,0.2381,crystalline,0,-4.560,30.0
2834,18.261,0.4041,0.5306,0.3265,0.3469,crystalline,0,-9.728,20.0
2835,24.042,0.2973,0.3514,0.2432,0.2973,crystalline,0,7.842,30.0
2836,21.333,0.1477,0.1628,0.1395,0.1395,intermediate,0,12.380,30.0
2837,31.533,0.2079,0.3684,0.0000,0.2632,intermediate,0,-0.684,40.0
2838,25.478,0.1320,0.1600,0.0800,0.1600,intermediate,0,-6.918,30.0
2839,30.269,0.0762,0.0952,0.0000,0.1429,amorphous,0,0.490,40.0
2840,24.082,0.1012,0.1667,0.0000,0.1429,intermediate,0,7.439,30.0
2841,26.686,0.3000,0.4103,0.2051,0.2821,crystalline,0,6.570,30.0
2842,21.617,0.0900,0.1500,0.0000,0.1250,intermediate,0,12.469,30.0
2843,32.649,0.2079,0.3684,0.0000,0.2632,intermediate,0,8.884,40.0
2844,20.211,0.2354,0.3171,0.1463,0.2439,intermediate,0,-4.499,30.0
2845,19.125,0.1650,0.3000,0.0000,0.2000,intermediate,0,-8.114,20.0
2846,25.878,0.2671,0.3143,0.2286,0.2571,crystalline,0,-7.324,30.0
2847,15.318,0.4304,0.5652,0.3478,0.3696,crystalline,0,-8.313,20.0
2848,22.331,0.3185,0.3696,0.2609,0.3261,crystalline,0,21.310,30.0
2849,31.923,0.2088,0.2941,0.0000,0.3529,intermediate,0,7.728,40.0
2850,26.013,0.2914,0.5143,0.0000,0.3714,crystalline,0,10.007,30.0
2851,20.374,0.1767,0.3256,0.0000,0.2093,intermediate,0,-4.881,30.0
2852,18.283,0.4053,0.5106,0.3191,0.3830,crystalline,0,-3.328,20.0
2853,21.602,0.3969,0.5000,0.3125,0.3750,crystalline,0,2.666,30.0
2854,26.280,0.1400,0.2286,0.0000,0.2000,intermediate,0,1.528,30.0
2855,21.955,0.1886,0.2045,0.1591,0.2045,intermediate,0,17.787,30.0
2856,23.941,0.1848,0.3043,0.0000,0.2609,intermediate,0,0.384,30.0
2857,26.106,0.2574,0.4815,0.0000,0.2963,crystalline,0,-5.049,30.0
2858,25.787,0.1514,0.2703,0.0000,0.1892,intermediate,0,0.549,30.0
2859,29.519,0.1960,0.3200,0.0000,0.2800,intermediate,0,4.962,30.0
2860,27.291,0.1597,0.2903,0.0000,0.1935,intermediate,0,9.508,30.0
2861,29.930,0.2130,0.3478,0.0000,0.3043,intermediate,0,4.690,30.0
2862,14.400,0.4020,0.5200,0.3200,0.3600,crystalline,0,-10.345,20.0
2863,24.624,0.1500,0.2195,0.0000,0.2439,intermediate,0,22.559,30.0
2864,30.160,0.2750,0.5000,0.0000,0.3333,crystalline,0,12.626,40.0
2865,11.255,0.3924,0.5000,0.3043,0.3696,crystalline,0,-9.360,20.0
2866,22.888,0.1942,0.2558,0.1395,0.1860,intermediate,0,9.047,30.0
2867,31.775,0.2568,0.5000,0.0000,0.2727,crystalline,0,14.673,40.0
2868,25.607,0.2603,0.4412,0.0000,0.3529,crystalline,0,29.030,30.0
2869,32.488,0.3000,0.5455,0.0000,0.3636,crystalline,0,17.285,40.0
2870,28.530,0.1200,0.1600,0.0800,0.1200,intermediate,0,-3.440,30.0
2871,12.893,0.4191,0.5106,0.3404,0.4043,crystalline,0,-9.658,20.0
2872,26.729,0.1440,0.2400,0.0000,0.2000,intermediate,0,-5.613,30.0
2873,30.491,0.2038,0.3846,0.0000,0.2308,intermediate,0,5.639,40.0
2874,28.930,0.2565,0.4348,0.0000,0.3478,crystalline,0,37.732,30.0
2875,29.821,0.2646,0.5417,0.0000,0.2500,crystalline,0,0.606,30.0
2876,25.867,0.0892,0.1622,0.0000,0.1081,amorphous,0,2.139,30.0
2877,26.246,0.1865,0.3243,0.0000,0.2432,intermediate,0,26.397,30.0
2878,21.045,0.4100,0.5333,0.3333,0.3556,crystalline,0,-10.032,30.0
2879,22.552,0.1321,0.2143,0.0000,0.1905,intermediate,0,20.345,30.0
2880,18.682,0.4141,0.5217,0.3261,0.3913,crystalline,0,-9.313,20.0
2881,26.877,0.1362,0.2414,0.0000,0.1724,intermediate,0,-5.559,30.0
2882,11.923,0.4011,0.5111,0.3111,0.3778,crystalline,0,-7.311,20.0
2883,27.554,0.1000,0.1538,0.0000,0.1538,intermediate,0,-2.016,30.0
2884,21.162,0.2712,0.4750,0.0000,0.3500,crystalline,0,-4.778,30.0
2885,27.962,0.1393,0.2143,0.0000,0.2143,intermediate,0,26.336,30.0
2886,26.586,0.1697,0.3030,0.0000,0.2121,intermediate,0,-6.619,30.0
2887,19.325,0.4089,0.5333,0.3111,0.3778,crystalline,0,-2.424,20.0
2888,24.062,0.1512,0.1905,0.1190,0.1429,intermediate,0,2.109,30.0
2889,13.538,0.3811,0.5111,0.3111,0.3111,crystalline,0,-5.946,20.0
2890,27.894,0.3233,0.4333,0.2333,0.3000,crystalline,0,1.886,30.0
2891,20.908,0.3562,0.4583,0.2917,0.3125,crystalline,0,-10.327,30.0
2892,21.036,0.3888,0.4898,0.3061,0.3673,crystalline,0,-3.887,30.0
2893,21.032,0.4053,0.5106,0.3191,0.3830,crystalline,0,-1.837,30.0
2894,28.249,0.1457,0.2174,0.0870,0.1304,intermediate,0,17.200,30.0
2895,15.025,0.4053,0.5106,0.3191,0.3830,crystalline,0,-9.923,20.0
2896,27.808,0.1404,0.2692,0.0000,0.1538,intermediate,0,11.818,30.0
2897,17.248,0.4125,0.5417,0.3333,0.3542,crystalline,0,-10.645,20.0
2898,14.384,0.4330,0.5455,0.3409,0.4091,crystalline,0,-7.590,20.0
2899,21.723,0.2654,0.3846,0.1538,0.2564,crystalline,0,-6.911,30.0
2900,24.328,0.2648,0.2955,0.2273,0.2727,crystalline,0,-3.829,30.0
2901,24.110,0.1733,0.2667,0.0000,0.2667,intermediate,0,3.082,30.0
2902,24.123,0.1566,0.2895,0.0000,0.1842,intermediate,0,11.242,30.0
2903,23.320,0.1453,0.2558,0.0000,0.1860,intermediate,0,1.528,30.0
2904,18.418,0.4041,0.5306,0.3265,0.3469,crystalline,0,-2.884,20.0
2905,30.771,0.2333,0.4167,0.0000,0.2917,intermediate,0,2.310,40.0
2906,26.557,0.1461,0.2368,0.0000,0.2105,intermediate,0,23.379,30.0
2907,24.581,0.3100,0.4000,0.2500,0.2750,crystalline,0,26.193,30.0
2908,25.568,0.3529,0.3714,0.3429,0.3429,crystalline,0,-0.212,30.0
2909,23.362,0.2100,0.2500,0.2000,0.1750,intermediate,0,1.153,30.0
2910,29.490,0.0941,0.1176,0.0000,0.1765,amorphous,0,-2.294,30.0
2911,21.393,0.1875,0.3409,0.0000,0.2273,intermediate,0,-5.755,30.0
2912,22.054,0.3787,0.5106,0.2979,0.3191,crystalline,0,-2.272,30.0
2913,22.493,0.0797,0.1351,0.0000,0.1081,amorphous,0,-3.542,30.0
2914,26.572,0.1000,0.1818,0.0000,0.1212,intermediate,0,-1.818,30.0
2915,32.246,0.2524,0.4762,0.0000,0.2857,crystalline,0,9.187,40.0
2916,29.757,0.2300,0.4000,0.0000,0.3000,intermediate,0,22.681,30.0
2917,25.910,0.2036,0.3571,0.0000,0.2619,intermediate,0,15.379,30.0
2918,24.594,0.2051,0.2308,0.1795,0.2051,intermediate,0,4.106,30.0
2919,24.683,0.2913,0.3500,0.2250,0.3000,crystalline,0,15.960,30.0
2920,14.790,0.4053,0.5106,0.3191,0.3830,crystalline,0,-7.558,20.0
2921,19.683,0.4233,0.5333,0.3333,0.4000,crystalline,0,-11.076,20.0
2922,26.768,0.2171,0.3947,0.0000,0.2632,intermediate,0,4.002,30.0
2923,19.391,0.3960,0.5200,0.3200,0.3400,crystalline,0,-8.882,20.0
2924,26.934,0.2706,0.4706,0.0000,0.3529,crystalline,0,30.476,30.0
2925,11.932,0.4213,0.5532,0.3404,0.3617,crystalline,0,-8.937,20.0
2926,26.377,0.2000,0.3684,0.0000,0.2368,intermediate,0,1.143,30.0
2927,29.124,0.2565,0.4839,0.0000,0.2903,crystalline,0,8.007,30.0
2928,26.359,0.2875,0.5000,0.0000,0.3750,crystalline,0,-2.759,30.0
2929,24.763,0.3178,0.3556,0.2667,0.3333,crystalline,0,-5.334,30.0
2930,24.975,0.2000,0.3333,0.0000,0.2778,intermediate,0,12.048,30.0
2931,26.432,0.2143,0.3429,0.0000,0.3143,intermediate,0,-6.278,30.0
2932,28.627,0.2983,0.5667,0.0000,0.3333,crystalline,0,-1.998,30.0
2933,27.689,0.2942,0.3462,0.2308,0.3077,crystalline,0,18.028,30.0
2934,19.847,0.3966,0.5455,0.2955,0.3409,crystalline,0,-4.054,20.0
2935,25.259,0.1065,0.1935,0.0000,0.1290,intermediate,0,-1.118,30.0
2936,19.097,0.4125,0.5417,0.3333,0.3542,crystalline,0,-10.919,20.0
2937,13.641,0.4041,0.5306,0.3265,0.3469,crystalline,0,-6.851,20.0
2938,23.242,0.0756,0.1282,0.0000,0.1026,amorphous,0,9.875,30.0
2939,30.722,0.2604,0.4583,0.0000,0.3333,crystalline,0,16.047,40.0
2940,23.566,0.2848,0.3478,0.2609,0.2391,crystalline,0,21.874,30.0
2941,30.375,0.3083,0.5667,0.0000,0.3667,crystalline,0,7.392,40.0
2942,23.214,0.2522,0.3111,0.2000,0.2444,crystalline,0,1.876,30.0
2943,27.952,0.2953,0.4688,0.0000,0.4375,crystalline,0,33.995,30.0
2944,23.830,0.3703,0.4865,0.2703,0.3514,crystalline,0,-3.167,30.0
2945,30.112,0.2677,0.5161,0.0000,0.2903,crystalline,0,4.583,40.0
2946,26.421,0.2730,0.4324,0.0000,0.4054,crystalline,0,29.676,30.0
2947,29.059,0.2037,0.2963,0.0000,0.3333,intermediate,0,2.869,30.0
2948,23.005,0.3683,0.4878,0.2927,0.3171,crystalline,0,4.310,30.0
2949,23.443,0.3122,0.3778,0.2667,0.2889,crystalline,0,16.915,30.0
2950,28.643,0.1047,0.2188,0.0000,0.0938,amorphous,0,0.969,30.0
2951,24.872,0.2155,0.2857,0.1667,0.1905,intermediate,0,7.995,30.0
2952,21.559,0.4141,0.5217,0.3261,0.3913,crystalline,0,-1.269,30.0
2953,29.910,0.1980,0.3600,0.0000,0.2400,intermediate,0,30.598,30.0
2954,31.316,0.2304,0.4348,0.0000,0.2609,intermediate,0,13.570,40.0
2955,29.842,0.2900,0.5200,0.0000,0.3600,crystalline,0,9.396,30.0
2956,29.821,0.2152,0.3913,0.0000,0.2609,intermediate,0,1.568,30.0
2957,14.462,0.3858,0.5094,0.3019,0.3396,crystalline,0,-9.186,20.0
2958,18.644,0.3882,0.5098,0.3137,0.3333,crystalline,0,-2.604,20.0
2959,23.305,0.2000,0.4000,0.0000,0.2000,intermediate,0,-8.646,30.0
2960,17.763,0.4213,0.5532,0.3404,0.3617,crystalline,0,-10.067,20.0
2961,22.747,0.3925,0.5000,0.3000,0.3750,crystalline,0,-9.878,30.0
2962,23.328,0.3057,0.4091,0.2500,0.2500,crystalline,0,-5.832,30.0
2963,12.662,0.3908,0.5102,0.3265,0.3265,crystalline,0,-8.636,20.0
2964,28.066,0.2500,0.4000,0.0000,0.3667,intermediate,0,23.856,30.0
2965,15.549,0.4557,0.5682,0.3636,0.4318,crystalline,0,-9.062,20.0
2966,18.599,0.3888,0.4898,0.3061,0.3673,crystalline,0,-2.754,20.0
2967,23.358,0.0797,0.1351,0.0000,0.1081,amorphous,0,9.106,30.0
2968,25.356,0.1179,0.2051,0.0000,0.1538,intermediate,0,11.638,30.0
2969,29.385,0.2620,0.4400,0.0000,0.3600,crystalline,0,23.244,30.0
2970,26.494,0.2600,0.4000,0.0000,0.4000,crystalline,0,24.794,30.0
2971,22.930,0.3262,0.4048,0.2619,0.3095,crystalline,0,2.415,30.0
2972,24.262,0.3338,0.3514,0.3243,0.3243,crystalline,0,-2.835,30.0
2973,21.131,0.2577,0.3590,0.1795,0.2308,crystalline,0,-7.573,30.0
2974,29.367,0.2845,0.5172,0.0000,0.3448,crystalline,0,11.318,30.0
2975,27.525,0.1593,0.2963,0.0000,0.1852,intermediate,0,14.450,30.0
2976,19.299,0.3284,0.4545,0.2500,0.2727,crystalline,0,-10.081,20.0
2977,20.170,0.3888,0.4898,0.3061,0.3673,crystalline,0,-1.267,30.0
2978,19.038,0.3888,0.4898,0.3061,0.3673,crystalline,0,-8.148,20.0
2979,24.383,0.1608,0.2973,0.0000,0.1892,intermediate,0,18.281,30.0
2980,25.683,0.1074,0.2059,0.0000,0.1176,amorphous,0,-2.712,30.0
2981,21.030,0.3512,0.4524,0.2857,0.3095,crystalline,0,-7.993,30.0
2982,23.797,0.2670,0.3636,0.2045,0.2273,crystalline,0,1.799,30.0
2983,29.861,0.2690,0.5238,0.0000,0.2857,crystalline,0,-3.670,30.0
2984,26.711,0.2339,0.4194,0.0000,0.2903,intermediate,0,13.425,30.0
2985,29.032,0.1867,0.3333,0.0000,0.2333,intermediate,0,8.348,30.0
2986,20.440,0.2721,0.3721,0.1860,0.2558,crystalline,0,-10.740,30.0
2987,29.142,0.2714,0.5000,0.0000,0.3214,crystalline,0,7.230,30.0
2988,26.595,0.2125,0.3929,0.0000,0.2500,intermediate,0,-7.811,30.0
2989,23.187,0.1638,0.2750,0.0000,0.2250,intermediate,0,14.438,30.0
2990,16.929,0.3500,0.4565,0.2826,0.3043,crystalline,0,-9.476,20.0
2991,21.219,0.4198,0.5581,0.3023,0.3953,crystalline,0,-8.738,30.0
2992,28.041,0.3448,0.4483,0.2414,0.3448,crystalline,0,-1.193,30.0
2993,24.442,0.3244,0.4103,0.2308,0.3333,crystalline,0,2.977,30.0
2994,21.071,0.3969,0.5000,0.3125,0.3750,crystalline,0,-0.997,30.0
2995,23.863,0.3568,0.4545,0.2727,0.3409,crystalline,0,2.660,30.0
2996,30.987,0.2058,0.4231,0.0000,0.1923,intermediate,0,5.152,40.0
2997,27.694,0.1919,0.3548,0.0000,0.2258,intermediate,0,5.977,30.0
2998,20.069,0.3500,0.4545,0.2727,0.3182,crystalline,0,-11.361,30.0
2999,26.925,0.0894,0.1515,0.0000,0.1212,intermediate,0,-1.608,30.0
3000,26.377,0.1729,0.2571,0.1143,0.1429,intermediate,0,5.412,30.0
3001,30.529,0.2875,0.5000,0.0000,0.3750,crystalline,0,34.792,40.0
3002,30.888,0.2818,0.4545,0.0000,0.4091,crystalline,0,38.346,40.0
3003,18.772,0.4341,0.5682,0.3409,0.3864,crystalline,0,-7.735,20.0
3004,32.531,0.3022,0.5652,0.0000,0.3478,crystalline,0,10.589,40.0
3005,27.727,0.2021,0.2917,0.0000,0.3333,intermediate,0,0.112,30.0
3006,23.738,0.3262,0.3810,0.2857,0.3095,crystalline,0,17.538,30.0
3007,20.925,0.1103,0.2051,0.0000,0.1282,intermediate,0,-7.785,30.0
3008,24.340,0.2619,0.3333,0.1905,0.2619,crystalline,0,2.587,30.0
3009,25.533,0.3656,0.5000,0.2500,0.3438,crystalline,0,-5.531,30.0
3010,27.440,0.1500,0.2727,0.0000,0.1818,intermediate,0,-2.055,30.0
3011,24.874,0.1768,0.3171,0.0000,0.2195,intermediate,0,-2.850,30.0
3012,19.845,0.3422,0.4667,0.2444,0.3111,crystalline,0,-10.801,20.0
3013,21.238,0.4213,0.5532,0.3404,0.3617,crystalline,0,-10.623,30.0
3014,26.569,0.4030,0.4545,0.3333,0.4242,crystalline,0,25.436,30.0
3015,19.070,0.4053,0.5106,0.3191,0.3830,crystalline,0,-9.636,20.0
3016,26.007,0.1361,0.2222,0.0000,0.1944,intermediate,0,14.254,30.0
3017,16.766,0.4213,0.5532,0.3404,0.3617,crystalline,0,-6.587,20.0
3018,25.582,0.2941,0.3529,0.2353,0.2941,crystalline,0,-11.011,30.0
3019,25.567,0.2967,0.3556,0.2444,0.2889,crystalline,0,-4.554,30.0
3020,30.361,0.2479,0.4583,0.0000,0.2917,intermediate,0,1.309,40.0
3021,24.370,0.3961,0.4737,0.3421,0.3684,crystalline,0,-11.650,30.0
3022,25.755,0.1708,0.2500,0.0000,0.2778,intermediate,0,-3.517,30.0
3023,21.342,0.3808,0.5000,0.3077,0.3269,crystalline,0,-2.337,30.0
3024,28.673,0.1405,0.2381,0.0000,0.1905,intermediate,0,13.754,30.0
3025,27.359,0.1466,0.2414,0.0000,0.2069,intermediate,0,18.523,30.0
3026,23.141,0.3436,0.4359,0.2821,0.3077,crystalline,0,-5.944,30.0
3027,31.561,0.1262,0.2381,0.0000,0.1429,intermediate,0,2.239,40.0
3028,28.300,0.1650,0.3000,0.0000,0.2000,intermediate,0,3.333,30.0
3029,30.977,0.2680,0.5600,0.0000,0.2400,crystalline,0,4.966,40.0
3030,23.943,0.1405,0.2381,0.0000,0.1905,intermediate,0,14.069,30.0
3031,30.194,0.2674,0.3913,0.0000,0.4348,crystalline,0,18.851,40.0
3032,24.559,0.2474,0.2895,0.2368,0.2105,intermediate,0,1.607,30.0
3033,26.143,0.2741,0.5172,0.0000,0.3103,crystalline,0,-7.184,30.0
3034,16.631,0.4213,0.5532,0.3404,0.3617,crystalline,0,-6.290,20.0
3035,14.957,0.4233,0.5333,0.3333,0.4000,crystalline,0,-7.915,20.0
3036,22.139,0.3568,0.4773,0.2500,0.3409,crystalline,0,-1.433,30.0
3037,23.577,0.3036,0.4048,0.2381,0.2619,crystalline,0,2.998,30.0
3038,27.275,0.2853,0.3529,0.2353,0.2647,crystalline,0,-10.600,30.0
3039,30.838,0.1472,0.2778,0.0000,0.1667,intermediate,0,1.837,40.0
3040,16.370,0.4304,0.5652,0.3478,0.3696,crystalline,0,-8.327,20.0
3041,29.751,0.2917,0.3333,0.2500,0.2917,crystalline,0,1.154,30.0
3042,25.357,0.1716,0.2162,0.1351,0.1622,intermediate,0,3.515,30.0
3043,29.564,0.2250,0.4286,0.0000,0.2500,intermediate,0,27.040,30.0
3044,21.420,0.2523,0.4419,0.0000,0.3256,crystalline,0,-3.037,30.0
3045,21.114,0.2133,0.4000,0.0000,0.2444,intermediate,0,-9.485,30.0
3046,32.335,0.2690,0.5238,0.0000,0.2857,crystalline,0,8.259,40.0
3047,25.914,0.3514,0.4595,0.2432,0.3514,crystalline,0,3.256,30.0
3048,28.669,0.2931,0.4828,0.0000,0.4138,crystalline,0,14.221,30.0
3049,24.371,0.1592,0.2105,0.1316,0.1316,intermediate,0,4.585,30.0
3050,23.125,0.2937,0.3750,0.2500,0.2500,crystalline,0,-12.052,30.0
3051,26.819,0.1788,0.3030,0.0000,0.2424,intermediate,0,4.346,30.0
3052,24.675,0.3742,0.4848,0.2727,0.3636,crystalline,0,-6.244,30.0
3053,24.550,0.1837,0.2500,0.1250,0.1750,intermediate,0,3.971,30.0
3054,31.956,0.0975,0.1500,0.0000,0.1500,intermediate,0,-0.729,40.0
3055,27.934,0.0750,0.1364,0.0000,0.0909,amorphous,0,8.496,30.0
3056,16.860,0.4053,0.5106,0.3191,0.3830,crystalline,0,-8.220,20.0
3057,24.850,0.2384,0.2791,0.1628,0.2791,intermediate,0,-2.696,30.0
3058,24.972,0.4000,0.4857,0.3143,0.4000,crystalline,0,-11.355,30.0
3059,18.639,0.4125,0.5417,0.3333,0.3542,crystalline,0,-6.573,20.0
3060,27.124,0.3113,0.3871,0.2258,0.3226,crystalline,0,4.558,30.0
3061,31.628,0.2457,0.4783,0.0000,0.2609,intermediate,0,2.298,40.0
3062,29.324,0.3865,0.4615,0.3462,0.3462,crystalline,0,6.710,30.0
3063,24.595,0.1476,0.2381,0.0000,0.2143,intermediate,0,9.206,30.0
3064,29.510,0.3143,0.5714,0.0000,0.3810,crystalline,0,-6.474,30.0
3065,24.292,0.3935,0.5217,0.3043,0.3478,crystalline,0,-0.570,30.0
3066,29.429,0.1276,0.2759,0.0000,0.1034,amorphous,0,0.561,30.0
3067,28.079,0.1387,0.2581,0.0000,0.1613,intermediate,0,4.967,30.0
3068,28.296,0.2724,0.4828,0.0000,0.3448,crystalline,0,30.565,30.0
3069,30.035,0.1852,0.3704,0.0000,0.1852,intermediate,0,7.472,40.0
3070,18.840,0.4330,0.5455,0.3409,0.4091,crystalline,0,-7.015,20.0
3071,20.824,0.4214,0.5476,0.3095,0.4048,crystalline,0,-9.360,30.0
3072,31.752,0.2848,0.4783,0.0000,0.3913,crystalline,0,12.188,40.0
3073,20.785,0.3960,0.5200,0.3200,0.3400,crystalline,0,-7.146,30.0
3074,28.481,0.2962,0.3846,0.2308,0.2692,crystalline,0,-1.892,30.0
3075,30.364,0.1579,0.3158,0.0000,0.1579,intermediate,0,-8.296,40.0
3076,26.214,0.2443,0.4286,0.0000,0.3143,intermediate,0,22.826,30.0
3077,26.689,0.0943,0.1714,0.0000,0.1143,amorphous,0,7.407,30.0
3078,28.164,0.3577,0.3846,0.3077,0.3846,crystalline,0,-1.608,30.0
3079,29.778,0.1595,0.2381,0.0952,0.1429,intermediate,0,-9.324,30.0
3080,24.141,0.4076,0.5217,0.3261,0.3696,crystalline,0,-2.582,30.0
3081,25.843,0.0667,0.1026,0.0000,0.1026,amorphous,0,6.634,30.0
3082,24.394,0.3722,0.4889,0.2889,0.3333,crystalline,0,-3.140,30.0
3083,24.541,0.1429,0.2857,0.0000,0.1429,intermediate,0,-11.239,30.0
3084,29.787,0.1375,0.2500,0.0000,0.1667,intermediate,0,22.901,30.0
3085,21.845,0.1892,0.2432,0.1351,0.1892,intermediate,0,-10.379,30.0
3086,14.911,0.3663,0.4651,0.3023,0.3256,crystalline,0,-12.701,20.0
3087,24.586,0.3262,0.4000,0.2750,0.3000,crystalline,0,-8.584,30.0
3088,26.377,0.2250,0.3750,0.0000,0.3125,intermediate,0,-9.570,30.0
3089,27.405,0.1547,0.2812,0.0000,0.1875,intermediate,0,8.705,30.0
3090,29.957,0.1300,0.2000,0.0000,0.2000,intermediate,0,-5.789,30.0
3091,26.412,0.2013,0.3333,0.0000,0.2821,intermediate,0,12.549,30.0
3092,28.496,0.2500,0.4000,0.0000,0.3667,intermediate,0,20.456,30.0
3093,28.329,0.2317,0.4333,0.0000,0.2667,intermediate,0,27.138,30.0
3094,17.062,0.4141,0.5217,0.3261,0.3913,crystalline,0,-7.625,20.0
3095,20.050,0.3820,0.5000,0.3000,0.3400,crystalline,0,-8.895,30.0
3096,27.310,0.3767,0.4000,0.3333,0.4000,crystalline,0,26.341,30.0
3097,22.306,0.2465,0.4651,0.0000,0.2791,intermediate,0,-10.345,30.0
3098,30.992,0.2139,0.2778,0.0000,0.3889,intermediate,0,1.464,40.0
3099,27.560,0.0743,0.1143,0.0000,0.1143,amorphous,0,5.339,30.0
3100,25.247,0.2791,0.3488,0.2093,0.2791,crystalline,0,18.502,30.0
3101,16.911,0.4293,0.5435,0.3478,0.3913,crystalline,0,-13.600,20.0
3102,30.757,0.2386,0.4091,0.0000,0.3182,intermediate,0,34.954,40.0
3103,14.313,0.4213,0.5532,0.3404,0.3617,crystalline,0,-12.611,20.0
3104,28.206,0.1750,0.3000,0.0000,0.2333,intermediate,0,11.640,30.0
3105,21.759,0.3907,0.5116,0.3256,0.3256,crystalline,0,-2.992,30.0
3106,28.695,0.1241,0.2069,0.0000,0.1724,intermediate,0,-5.488,30.0
3107,27.818,0.3833,0.4242,0.3333,0.3939,crystalline,0,21.078,30.0
3108,19.484,0.4141,0.5217,0.3261,0.3913,crystalline,0,-6.142,20.0
3109,19.575,0.4304,0.5652,0.3478,0.3696,crystalline,0,-8.637,20.0
3110,16.729,0.4041,0.5306,0.3265,0.3469,crystalline,0,-13.189,20.0
3111,26.097,0.1250,0.2059,0.0000,0.1765,intermediate,0,-4.179,30.0
3112,25.929,0.3175,0.3750,0.2750,0.3000,crystalline,0,13.202,30.0
3113,16.413,0.4362,0.5745,0.3617,0.3617,crystalline,0,-12.905,20.0
3114,25.172,0.1366,0.2439,0.0000,0.1707,intermediate,0,9.812,30.0
3115,27.079,0.3563,0.4688,0.2812,0.3125,crystalline,0,-4.549,30.0
3116,30.970,0.2500,0.4400,0.0000,0.3200,crystalline,0,19.532,40.0
3117,26.479,0.1000,0.1379,0.0000,0.1724,intermediate,0,-4.974,30.0
3118,28.681,0.1643,0.2857,0.0000,0.2143,intermediate,0,11.036,30.0
3119,29.144,0.0765,0.1176,0.0000,0.1176,amorphous,0,-10.505,30.0
3120,25.355,0.3000,0.3846,0.2308,0.2821,crystalline,0,-1.508,30.0
3121,23.787,0.1872,0.2051,0.1538,0.2051,intermediate,0,-7.979,30.0
3122,21.805,0.2265,0.3235,0.1471,0.2059,intermediate,0,-11.845,30.0
3123,27.657,0.1314,0.2286,0.0000,0.1714,intermediate,0,1.129,30.0
3124,24.879,0.2475,0.4500,0.0000,0.3000,intermediate,0,-0.832,30.0
3125,29.383,0.1904,0.3462,0.0000,0.2308,intermediate,0,-10.290,30.0
3126,26.497,0.2423,0.4615,0.0000,0.2692,intermediate,0,-9.957,30.0
3127,28.661,0.2362,0.3793,0.0000,0.3448,intermediate,0,9.561,30.0
3128,25.585,0.1986,0.2703,0.1351,0.1892,intermediate,0,4.483,30.0
3129,27.423,0.2403,0.3056,0.1667,0.2500,intermediate,0,4.749,30.0
3130,31.158,0.3783,0.5217,0.2609,0.3478,crystalline,0,7.529,40.0
3131,30.157,0.2479,0.4583,0.0000,0.2917,intermediate,0,-4.125,40.0
3132,24.941,0.3687,0.4583,0.2917,0.3542,crystalline,0,-1.890,30.0
3133,24.500,0.3344,0.4688,0.2188,0.3125,crystalline,0,-9.031,30.0
3134,32.489,0.2789,0.5263,0.0000,0.3158,crystalline,0,9.216,40.0
3135,31.340,0.2263,0.4211,0.0000,0.2632,intermediate,0,31.347,40.0
3136,25.288,0.3756,0.4359,0.3077,0.3846,crystalline,0,-10.219,30.0
3137,26.278,0.2000,0.3077,0.0000,0.3077,intermediate,0,-3.591,30.0
3138,24.466,0.2655,0.4138,0.1379,0.2414,crystalline,0,-10.720,30.0
3139,32.320,0.2325,0.4500,0.0000,0.2500,intermediate,0,4.683,40.0
3140,20.425,0.4233,0.5333,0.3333,0.4000,crystalline,0,-14.176,30.0
3141,30.172,0.2650,0.5000,0.0000,0.3000,crystalline,0,-5.810,40.0
3142,20.001,0.4233,0.5333,0.3333,0.4000,crystalline,0,-13.907,20.0
3143,27.818,0.0897,0.1379,0.0000,0.1379,intermediate,0,-1.210,30.0
3144,28.574,0.1635,0.2692,0.0000,0.2308,intermediate,0,14.825,30.0
3145,21.556,0.3870,0.5000,0.3261,0.3261,crystalline,0,-14.328,30.0
3146,24.404,0.2776,0.5000,0.0000,0.3421,crystalline,0,-8.064,30.0
3147,27.456,0.3767,0.4000,0.3333,0.4000,crystalline,0,22.016,30.0
3148,26.458,0.1984,0.2812,0.1250,0.1875,intermediate,0,0.120,30.0
3149,26.944,0.1562,0.1875,0.1250,0.1562,intermediate,0,0.677,30.0
3150,16.187,0.4115,0.5208,0.3333,0.3750,crystalline,0,-12.442,20.0
3151,26.256,0.1735,0.2941,0.0000,0.2353,intermediate,0,-1.786,30.0
3152,23.679,0.3595,0.5000,0.2619,0.3095,crystalline,0,-2.004,30.0
3153,15.660,0.4430,0.5581,0.3488,0.4186,crystalline,0,-12.179,20.0
3154,28.187,0.2250,0.3462,0.0000,0.3462,intermediate,0,-3.596,30.0
3155,25.650,0.3121,0.3333,0.2727,0.3333,crystalline,0,-6.629,30.0
3156,25.420,0.3162,0.3750,0.2500,0.3250,crystalline,0,-7.851,30.0
3157,27.885,0.1353,0.2353,0.0000,0.1765,intermediate,0,10.627,30.0
3158,28.621,0.2172,0.4138,0.0000,0.2414,intermediate,0,19.268,30.0
3159,26.529,0.2658,0.3684,0.2105,0.2105,crystalline,0,3.409,30.0
3160,30.454,0.2423,0.4615,0.0000,0.2692,intermediate,0,1.979,40.0
3161,19.740,0.4233,0.5333,0.3333,0.4000,crystalline,0,-7.339,20.0
3162,27.951,0.2446,0.3929,0.0000,0.3571,intermediate,0,-11.184,30.0
3163,25.098,0.1770,0.2973,0.0000,0.2432,intermediate,0,-9.050,30.0
3164,16.300,0.4233,0.5333,0.3333,0.4000,crystalline,0,-14.228,20.0
3165,28.928,0.1182,0.1818,0.0000,0.1818,intermediate,0,-5.322,30.0
3166,30.134,0.2143,0.4286,0.0000,0.2143,intermediate,0,-0.814,40.0
3167,30.314,0.1283,0.2174,0.0000,0.1739,intermediate,0,19.149,40.0
3168,27.122,0.1689,0.2973,0.0000,0.2162,intermediate,0,14.910,30.0
3169,29.153,0.2386,0.4091,0.0000,0.3182,intermediate,0,-4.911,30.0
3170,24.564,0.1097,0.1944,0.0000,0.1389,intermediate,0,-9.084,30.0
3171,26.013,0.3274,0.4048,0.2857,0.2857,crystalline,0,14.119,30.0
3172,30.353,0.2889,0.4444,0.0000,0.4444,crystalline,0,31.231,40.0
3173,22.956,0.1414,0.2571,0.0000,0.1714,intermediate,0,-11.174,30.0
3174,30.259,0.1341,0.2273,0.0000,0.1818,intermediate,0,-8.572,40.0
3175,28.712,0.3844,0.4375,0.3125,0.4062,crystalline,0,26.952,30.0
3176,15.431,0.4141,0.5217,0.3261,0.3913,crystalline,0,-11.887,20.0
3177,21.131,0.4233,0.5333,0.3333,0.4000,crystalline,0,-5.877,30.0
3178,22.285,0.1703,0.3243,0.0000,0.1892,intermediate,0,-12.197,30.0
3179,26.996,0.1647,0.2941,0.0000,0.2059,intermediate,0,-2.060,30.0
3180,24.866,0.3675,0.4750,0.2750,0.3500,crystalline,0,-1.606,30.0
3181,25.990,0.1458,0.2500,0.0000,0.1944,intermediate,0,-3.488,30.0
3182,28.657,0.1304,0.2500,0.0000,0.1429,intermediate,0,2.040,30.0
3183,25.080,0.3415,0.4146,0.2683,0.3415,crystalline,0,-9.496,30.0
3184,23.285,0.3837,0.5250,0.2500,0.3750,crystalline,0,-7.305,30.0
3185,23.249,0.2342,0.2632,0.1579,0.2895,intermediate,0,-11.141,30.0
3186,26.993,0.2429,0.4000,0.0000,0.3429,intermediate,0,19.116,30.0
3187,28.605,0.2697,0.4848,0.0000,0.3333,crystalline,0,23.430,30.0
3188,28.025,0.1234,0.2188,0.0000,0.1562,intermediate,0,-1.372,30.0
3189,20.286,0.4213,0.5532,0.3404,0.3617,crystalline,0,-7.190,30.0
3190,21.893,0.4143,0.5238,0.3333,0.3810,crystalline,0,-13.886,30.0
3191,28.196,0.1211,0.2105,0.0000,0.1579,intermediate,0,-12.944,30.0
3192,19.729,0.4041,0.5306,0.3265,0.3469,crystalline,0,-12.854,20.0
3193,20.010,0.4087,0.5435,0.3261,0.3478,crystalline,0,-15.229,20.0
3194,19.173,0.4064,0.5319,0.3191,0.3617,crystalline,0,-14.918,20.0
3195,21.687,0.4022,0.5556,0.2889,0.3556,crystalline,0,-6.005,30.0
3196,17.605,0.3886,0.5000,0.3182,0.3409,crystalline,0,-14.883,20.0
3197,21.077,0.4250,0.5455,0.3182,0.4091,crystalline,0,-13.330,30.0
3198,26.052,0.2643,0.4857,0.0000,0.3143,crystalline,0,-0.281,30.0
3199,24.843,0.2014,0.3611,0.0000,0.2500,intermediate,0,-2.256,30.0
3200,16.864,0.3969,0.5000,0.3125,0.3750,crystalline,0,-13.933,20.0
3201,26.014,0.3350,0.4500,0.2500,0.3000,crystalline,0,-0.268,30.0
3202,19.232,0.4304,0.5652,0.3478,0.3696,crystalline,0,-12.317,20.0
3203,31.376,0.2633,0.4667,0.0000,0.3333,crystalline,0,29.681,40.0
3204,19.015,0.4304,0.5652,0.3478,0.3696,crystalline,0,-14.656,20.0
3205,21.081,0.4214,0.5476,0.3095,0.4048,crystalline,0,-7.632,30.0
3206,28.178,0.3968,0.4516,0.3226,0.4194,crystalline,0,22.636,30.0
3207,16.856,0.4557,0.5682,0.3636,0.4318,crystalline,0,-13.654,20.0
3208,22.957,0.4349,0.5349,0.3488,0.4186,crystalline,0,-7.906,30.0
3209,15.665,0.4260,0.5625,0.3333,0.3750,crystalline,0,-13.505,20.0
3210,30.860,0.1980,0.3600,0.0000,0.2400,intermediate,0,3.965,40.0
3211,27.209,0.1514,0.1714,0.1143,0.1714,intermediate,0,4.800,30.0
3212,25.463,0.4000,0.5000,0.3333,0.3611,crystalline,0,-14.918,30.0
3213,31.441,0.2500,0.5000,0.0000,0.2500,crystalline,0,23.625,40.0
3214,29.757,0.3000,0.5455,0.0000,0.3636,crystalline,0,-8.612,30.0
3215,27.639,0.3346,0.5000,0.1923,0.3077,crystalline,0,-9.330,30.0
3216,32.571,0.3000,0.5714,0.0000,0.3333,crystalline,0,5.182,40.0
3217,21.896,0.4213,0.5532,0.3404,0.3617,crystalline,0,-7.474,30.0
3218,23.209,0.3524,0.4878,0.2683,0.2927,crystalline,0,-14.644,30.0
3219,22.778,0.4141,0.5217,0.3261,0.3913,crystalline,0,-5.577,30.0
3220,31.958,0.0952,0.1905,0.0000,0.0952,amorphous,0,-0.079,40.0
3221,31.188,0.2404,0.4231,0.0000,0.3077,intermediate,0,27.760,40.0
3222,26.988,0.0848,0.1304,0.0000,0.1304,intermediate,0,-7.751,30.0
3223,26.540,0.2757,0.3429,0.2000,0.2857,crystalline,0,-0.679,30.0
3224,27.110,0.1679,0.2821,0.0000,0.2308,intermediate,0,10.734,30.0
3225,30.601,0.2675,0.3500,0.2000,0.2500,crystalline,0,2.887,40.0
3226,25.385,0.3257,0.4286,0.2571,0.2857,crystalline,0,-9.743,30.0
3227,30.201,0.2804,0.4643,0.0000,0.3929,crystalline,0,16.714,40.0
3228,28.273,0.2538,0.4615,0.0000,0.3077,crystalline,0,-7.683,30.0
3229,26.515,0.1953,0.3438,0.0000,0.2500,intermediate,0,-9.784,30.0
3230,31.337,0.3022,0.5652,0.0000,0.3478,crystalline,0,16.152,40.0
3231,28.681,0.2724,0.4828,0.0000,0.3448,crystalline,0,17.671,30.0
3232,27.378,0.1500,0.2308,0.0000,0.2308,intermediate,0,-8.014,30.0
3233,27.775,0.1625,0.2500,0.0000,0.2500,intermediate,0,-6.371,30.0
3234,25.511,0.2809,0.5000,0.0000,0.3529,crystalline,0,-14.611,30.0
3235,31.170,0.1659,0.3182,0.0000,0.1818,intermediate,0,-4.069,40.0
3236,25.144,0.3925,0.4750,0.3250,0.3750,crystalline,0,-6.416,30.0
3237,18.841,0.3580,0.4773,0.2727,0.3182,crystalline,0,-11.686,20.0
3238,27.687,0.3529,0.4857,0.2286,0.3429,crystalline,0,-0.038,30.0
3239,27.077,0.3333,0.4103,0.2564,0.3333,crystalline,0,14.769,30.0
3240,30.271,0.1904,0.3462,0.0000,0.2308,intermediate,0,1.802,40.0
3241,23.350,0.4087,0.5000,0.3250,0.4000,crystalline,0,-15.658,30.0
3242,32.443,0.1656,0.3125,0.0000,0.1875,intermediate,0,-4.336,40.0
3243,24.660,0.2357,0.4286,0.0000,0.2857,intermediate,0,-8.791,30.0
3244,28.981,0.3042,0.3333,0.2500,0.3333,crystalline,0,-5.327,30.0
3245,31.187,0.2174,0.4348,0.0000,0.2174,intermediate,0,-0.441,40.0
3246,23.526,0.2487,0.4750,0.0000,0.2750,intermediate,0,-14.059,30.0
3247,18.349,0.4125,0.5417,0.3333,0.3542,crystalline,0,-11.458,20.0
3248,25.396,0.1852,0.3704,0.0000,0.1852,intermediate,0,-13.321,30.0
3249,24.422,0.4402,0.5366,0.3659,0.4146,crystalline,0,-5.846,30.0
3250,23.344,0.3769,0.5128,0.2564,0.3590,crystalline,0,-15.381,30.0
3251,18.066,0.4304,0.5652,0.3478,0.3696,crystalline,0,-11.174,20.0
3252,25.926,0.2621,0.2727,0.2424,0.2727,crystalline,0,-9.478,30.0
3253,20.978,0.3969,0.5000,0.3125,0.3750,crystalline,0,-14.470,30.0
3254,25.409,0.2106,0.3939,0.0000,0.2424,intermediate,0,-15.327,30.0
3255,31.850,0.2853,0.4118,0.0000,0.4706,crystalline,0,30.400,40.0
3256,28.785,0.1286,0.2143,0.0000,0.1786,intermediate,0,-7.481,30.0
3257,29.500,0.1517,0.2333,0.0000,0.2333,intermediate,0,-8.046,30.0
3258,27.766,0.3703,0.4865,0.2703,0.3514,crystalline,0,-1.327,30.0
3259,29.746,0.0952,0.1905,0.0000,0.0952,amorphous,0,-1.113,30.0
3260,32.481,0.2632,0.5263,0.0000,0.2632,crystalline,0,2.852,40.0
3261,30.805,0.1341,0.2273,0.0000,0.1818,intermediate,0,2.933,40.0
3262,25.164,0.3729,0.4857,0.2857,0.3429,crystalline,0,-15.958,30.0
3263,20.760,0.4141,0.5217,0.3261,0.3913,crystalline,0,-12.164,30.0
3264,30.207,0.1885,0.3077,0.0000,0.2692,intermediate,0,8.316,40.0
3265,26.369,0.3684,0.4211,0.3158,0.3684,crystalline,0,-8.474,30.0
3266,28.747,0.2817,0.4333,0.0000,0.4333,crystalline,0,18.267,30.0
3267,17.937,0.4041,0.5306,0.3265,0.3469,crystalline,0,-13.212,20.0
3268,19.896,0.4330,0.5455,0.3409,0.4091,crystalline,0,-11.601,20.0
3269,29.772,0.1179,0.2143,0.0000,0.1429,intermediate,0,-4.983,30.0
3270,29.402,0.1586,0.2759,0.0000,0.2069,intermediate,0,8.948,30.0
3271,20.971,0.4330,0.5455,0.3409,0.4091,crystalline,0,-13.935,30.0
3272,31.746,0.1905,0.3810,0.0000,0.1905,intermediate,0,-3.164,40.0
3273,27.722,0.3152,0.3939,0.2727,0.2727,crystalline,0,-6.837,30.0
3274,23.194,0.4400,0.5778,0.3556,0.3778,crystalline,0,-6.897,30.0
3275,17.719,0.4304,0.5652,0.3478,0.3696,crystalline,0,-12.926,20.0
3276,29.378,0.1845,0.2414,0.1379,0.1724,intermediate,0,0.556,30.0
3277,24.593,0.2488,0.4390,0.0000,0.3171,intermediate,0,-6.288,30.0
3278,24.111,0.4085,0.5122,0.3415,0.3659,crystalline,0,-15.474,30.0
3279,28.035,0.2091,0.3636,0.0000,0.2727,intermediate,0,-2.126,30.0
3280,29.664,0.2074,0.3704,0.0000,0.2593,intermediate,0,15.547,30.0
3281,32.225,0.1175,0.2500,0.0000,0.1000,amorphous,0,-4.002,40.0
3282,30.337,0.1500,0.2000,0.1000,0.1500,intermediate,0,3.532,40.0
3283,28.381,0.2957,0.3429,0.2571,0.2857,crystalline,0,9.854,30.0
3284,19.240,0.4304,0.5652,0.3478,0.3696,crystalline,0,-10.883,20.0
3285,30.126,0.2450,0.4000,0.0000,0.3500,intermediate,0,-4.957,40.0
3286,24.297,0.1859,0.2188,0.1250,0.2188,intermediate,0,-13.747,30.0
3287,32.225,0.1395,0.2632,0.0000,0.1579,intermediate,0,-7.146,40.0
3288,23.858,0.2829,0.5366,0.0000,0.3171,crystalline,0,-14.947,30.0
3289,20.697,0.4041,0.5306,0.3265,0.3469,crystalline,0,-13.772,30.0
3290,25.313,0.3703,0.4595,0.2973,0.3514,crystalline,0,-13.463,30.0
3291,24.933,0.1911,0.2500,0.1429,0.1786,intermediate,0,-14.088,30.0
3292,31.705,0.2789,0.5263,0.0000,0.3158,crystalline,0,19.869,40.0
3293,17.965,0.4330,0.5455,0.3409,0.4091,crystalline,0,-12.465,20.0
3294,27.838,0.3000,0.4286,0.1429,0.3333,crystalline,0,-12.105,30.0
3295,24.708,0.2271,0.4286,0.0000,0.2571,intermediate,0,-8.041,30.0
3296,28.270,0.3212,0.3462,0.3077,0.3077,crystalline,0,-8.094,30.0
3297,28.668,0.2891,0.3913,0.1739,0.3043,crystalline,0,-8.368,30.0
3298,28.569,0.1276,0.1724,0.1034,0.1034,amorphous,0,1.877,30.0
3299,28.416,0.2172,0.2500,0.1562,0.2500,intermediate,0,6.375,30.0
3300,20.335,0.4400,0.5778,0.3556,0.3778,crystalline,0,-13.220,30.0
3301,24.418,0.3905,0.5476,0.2619,0.3571,crystalline,0,-12.622,30.0
3302,30.262,0.0750,0.1154,0.0000,0.1154,amorphous,0,2.126,40.0
3303,27.740,0.3031,0.3750,0.2500,0.2812,crystalline,0,-1.582,30.0
3304,25.864,0.4112,0.5250,0.3500,0.3500,crystalline,0,-5.149,30.0
3305,31.542,0.2421,0.4211,0.0000,0.3158,intermediate,0,27.894,40.0
3306,30.005,0.2360,0.4000,0.0000,0.3200,intermediate,0,23.559,40.0
3307,27.845,0.1000,0.2857,0.0000,0.0000,amorphous,0,-15.059,30.0
3308,29.074,0.1883,0.3667,0.0000,0.2000,intermediate,0,11.356,30.0
3309,25.800,0.3103,0.3793,0.2414,0.3103,crystalline,0,-12.521,30.0
3310,30.868,0.1833,0.2667,0.0000,0.3000,intermediate,0,-9.820,40.0
3311,28.034,0.2312,0.3750,0.0000,0.3333,intermediate,0,-14.462,30.0
3312,26.099,0.2342,0.4211,0.0000,0.2895,intermediate,0,-13.602,30.0
3313,29.112,0.2300,0.4000,0.0000,0.3000,intermediate,0,0.172,30.0
3314,28.621,0.3125,0.3750,0.2500,0.3125,crystalline,0,10.542,30.0
3315,25.134,0.3419,0.4054,0.2703,0.3514,crystalline,0,-12.740,30.0
3316,30.506,0.1917,0.3333,0.0000,0.2500,intermediate,0,20.017,40.0
3317,29.451,0.2464,0.4286,0.0000,0.3214,intermediate,0,19.224,30.0
3318,32.160,0.1286,0.2857,0.0000,0.0952,amorphous,0,-6.897,40.0
3319,24.669,0.3950,0.5750,0.2750,0.3250,crystalline,0,-6.594,30.0
3320,27.081,0.3080,0.4400,0.2000,0.2800,crystalline,0,-12.798,30.0
3321,28.443,0.2583,0.4167,0.0000,0.3750,crystalline,0,-16.228,30.0
3322,28.789,0.2937,0.3750,0.2500,0.2500,crystalline,0,-16.639,30.0
3323,23.346,0.4279,0.5581,0.3256,0.3953,crystalline,0,-11.892,30.0
3324,24.610,0.2944,0.5556,0.0000,0.3333,crystalline,0,-6.898,30.0
3325,25.556,0.2534,0.3448,0.1724,0.2414,crystalline,0,-16.419,30.0
3326,29.430,0.2417,0.4333,0.0000,0.3000,intermediate,0,15.660,30.0
3327,30.672,0.1580,0.2800,0.0000,0.2000,intermediate,0,-8.001,40.0
3328,31.438,0.2565,0.4348,0.0000,0.3478,crystalline,0,13.273,40.0
3329,30.520,0.0958,0.1667,0.0000,0.1250,intermediate,0,6.186,40.0
3330,25.331,0.1766,0.3438,0.0000,0.1875,intermediate,0,-15.746,30.0
3331,31.403,0.1262,0.2381,0.0000,0.1429,intermediate,0,7.200,40.0
3332,25.210,0.3855,0.4474,0.3158,0.3947,crystalline,0,-14.211,30.0
3333,26.946,0.2586,0.4138,0.0000,0.3793,crystalline,0,-15.192,30.0
3334,26.160,0.3735,0.5000,0.2647,0.3529,crystalline,0,-5.277,30.0
3335,30.053,0.1548,0.2381,0.0000,0.2381,intermediate,0,-0.479,30.0
3336,23.578,0.4193,0.5455,0.3409,0.3636,crystalline,0,-11.160,30.0
3337,26.760,0.3956,0.5588,0.2941,0.3235,crystalline,0,-4.867,30.0
3338,22.342,0.4233,0.5333,0.3333,0.4000,crystalline,0,-12.780,30.0
3339,28.462,0.3063,0.4167,0.2083,0.2917,crystalline,0,-11.172,30.0
3340,29.590,0.2048,0.2903,0.1290,0.1935,intermediate,0,6.988,30.0
3341,21.184,0.4330,0.5455,0.3409,0.4091,crystalline,0,-12.207,30.0
3342,30.873,0.2500,0.3846,0.0000,0.3846,crystalline,0,13.946,40.0
3343,19.569,0.4213,0.5532,0.3404,0.3617,crystalline,0,-17.489,20.0
3344,27.610,0.1704,0.2963,0.0000,0.2222,intermediate,0,-7.434,30.0
3345,22.966,0.4261,0.5682,0.3182,0.3864,crystalline,0,-10.594,30.0
3346,29.624,0.1741,0.2593,0.1111,0.1481,intermediate,0,1.183,30.0
3347,27.883,0.3806,0.4722,0.3056,0.3611,crystalline,0,-7.141,30.0
3348,26.584,0.2932,0.5135,0.0000,0.3784,crystalline,0,-6.188,30.0
3349,25.478,0.2569,0.4722,0.0000,0.3056,crystalline,0,-15.618,30.0
3350,21.173,0.4330,0.5455,0.3409,0.4091,crystalline,0,-11.921,30.0
3351,26.550,0.2606,0.4848,0.0000,0.3030,crystalline,0,-14.351,30.0
3352,31.587,0.1026,0.1579,0.0000,0.1579,intermediate,0,4.091,40.0
3353,23.097,0.4330,0.5455,0.3409,0.4091,crystalline,0,-10.727,30.0
3354,21.459,0.4102,0.5227,0.3182,0.3864,crystalline,0,-18.178,30.0
3355,22.706,0.4233,0.5333,0.3333,0.4000,crystalline,0,-10.448,30.0
3356,19.396,0.4213,0.5532,0.3404,0.3617,crystalline,0,-17.189,20.0
3357,22.338,0.4430,0.5581,0.3488,0.4186,crystalline,0,-12.216,30.0
3358,29.326,0.2897,0.3793,0.2414,0.2414,crystalline,0,-1.202,30.0
3359,29.174,0.1130,0.1739,0.0000,0.1739,intermediate,0,-4.279,30.0
3360,24.804,0.2868,0.5263,0.0000,0.3421,crystalline,0,-13.372,30.0
3361,30.749,0.0886,0.1364,0.0000,0.1364,intermediate,0,-1.162,40.0
3362,22.738,0.4159,0.5366,0.3171,0.3902,crystalline,0,-18.484,30.0
3363,31.892,0.2674,0.3913,0.0000,0.4348,crystalline,0,24.183,40.0
3364,29.942,0.2841,0.5000,0.0000,0.3636,crystalline,0,-15.940,30.0
3365,31.780,0.1475,0.2500,0.0000,0.2000,intermediate,0,-3.404,40.0
3366,27.700,0.2985,0.5000,0.0000,0.4118,crystalline,0,-6.462,30.0
3367,28.800,0.1000,0.1739,0.0000,0.1304,intermediate,0,-11.514,30.0
3368,31.341,0.1300,0.2000,0.0000,0.2000,intermediate,0,-6.207,40.0
3369,30.794,0.3019,0.4815,0.0000,0.4444,crystalline,0,19.831,40.0
3370,29.867,0.2571,0.4286,0.0000,0.3571,crystalline,0,11.422,30.0
3371,30.461,0.2458,0.4167,0.0000,0.3333,intermediate,0,14.821,40.0
3372,29.608,0.1950,0.3000,0.0000,0.3000,intermediate,0,-10.192,30.0
3373,26.408,0.3729,0.4571,0.3143,0.3429,crystalline,0,-11.730,30.0
3374,27.640,0.2500,0.4483,0.0000,0.3103,crystalline,0,-5.521,30.0
3375,29.933,0.2196,0.3214,0.0000,0.3571,intermediate,0,-7.694,30.0
3376,26.907,0.2034,0.3448,0.0000,0.2759,intermediate,0,-7.096,30.0
3377,19.037,0.4330,0.5455,0.3409,0.4091,crystalline,0,-16.759,20.0
3378,31.721,0.0886,0.1364,0.0000,0.1364,intermediate,0,2.788,40.0
3379,30.202,0.1204,0.1852,0.0000,0.1852,intermediate,0,1.985,40.0
3380,26.913,0.1268,0.1786,0.0000,0.2143,intermediate,0,-14.392,30.0
3381,29.986,0.2589,0.4643,0.0000,0.3214,crystalline,0,-5.418,40.0
3382,22.443,0.4116,0.5349,0.3023,0.3953,crystalline,0,-17.916,30.0
3383,29.319,0.1659,0.3182,0.0000,0.1818,intermediate,0,-12.928,30.0
3384,20.636,0.4400,0.5778,0.3556,0.3778,crystalline,0,-16.908,30.0
3385,24.623,0.3137,0.5750,0.0000,0.3750,crystalline,0,-10.894,30.0
3386,25.223,0.2961,0.5526,0.0000,0.3421,crystalline,0,-18.913,30.0
3387,22.552,0.3990,0.5208,0.3333,0.3333,crystalline,0,-17.760,30.0
3388,31.632,0.1261,0.1739,0.0000,0.2174,intermediate,0,5.576,40.0
3389,27.773,0.2857,0.3810,0.1905,0.2857,crystalline,0,-15.451,30.0
3390,26.015,0.3587,0.4250,0.3000,0.3500,crystalline,0,-13.454,30.0
3391,29.387,0.3984,0.5625,0.2812,0.3438,crystalline,0,-4.614,30.0
3392,22.701,0.4304,0.5652,0.3478,0.3696,crystalline,0,-11.776,30.0
3393,28.120,0.2609,0.2609,0.2609,0.2609,crystalline,0,-13.242,30.0
3394,30.630,0.1848,0.3043,0.0000,0.2609,intermediate,0,-6.089,40.0
3395,31.581,0.2523,0.4091,0.0000,0.3636,crystalline,0,16.311,40.0
3396,30.422,0.1904,0.3462,0.0000,0.2308,intermediate,0,-13.120,40.0
3397,31.243,0.2260,0.2400,0.2000,0.2400,intermediate,0,6.120,40.0
3398,25.493,0.4014,0.4857,0.3429,0.3714,crystalline,0,-18.757,30.0
3399,21.094,0.4233,0.5333,0.3333,0.4000,crystalline,0,-18.817,30.0
3400,24.864,0.2882,0.5526,0.0000,0.3158,crystalline,0,-12.637,30.0
3401,29.557,0.1095,0.1905,0.0000,0.1429,intermediate,0,-6.892,30.0
3402,20.325,0.4330,0.5455,0.3409,0.4091,crystalline,0,-16.468,30.0
3403,28.893,0.1500,0.2727,0.0000,0.1818,intermediate,0,-9.730,30.0
3404,24.796,0.4263,0.5500,0.3250,0.4000,crystalline,0,-10.153,30.0
3405,30.057,0.3565,0.4516,0.2903,0.3226,crystalline,0,-4.840,40.0
3406,22.048,0.4100,0.5333,0.3333,0.3556,crystalline,0,-19.235,30.0
3407,28.083,0.1905,0.3810,0.0000,0.1905,intermediate,0,-18.484,30.0
3408,26.201,0.2712,0.5152,0.0000,0.3030,crystalline,0,-18.635,30.0
3409,28.757,0.1765,0.3529,0.0000,0.1765,intermediate,0,-17.158,30.0
3410,20.132,0.4233,0.5333,0.3333,0.4000,crystalline,0,-18.238,30.0
3411,31.246,0.1229,0.2083,0.0000,0.1667,intermediate,0,2.692,40.0
3412,31.155,0.2720,0.4000,0.0000,0.4400,crystalline,0,15.490,40.0
3413,27.411,0.3700,0.5000,0.3000,0.3000,crystalline,0,-19.223,30.0
3414,22.257,0.4233,0.5333,0.3333,0.4000,crystalline,0,-17.033,30.0
3415,28.191,0.2339,0.4194,0.0000,0.2903,intermediate,0,-12.078,30.0
3416,24.150,0.4012,0.5122,0.3415,0.3415,crystalline,0,-19.805,30.0
3417,30.305,0.1833,0.3333,0.0000,0.2222,intermediate,0,-11.907,40.0
3418,29.675,0.3774,0.4839,0.2903,0.3548,crystalline,0,-5.917,30.0
3419,21.336,0.4430,0.5581,0.3488,0.4186,crystalline,0,-16.187,30.0
3420,31.386,0.2896,0.5417,0.0000,0.3333,crystalline,0,12.040,40.0
3421,20.694,0.4125,0.5417,0.3333,0.3542,crystalline,0,-18.086,30.0
3422,22.461,0.4198,0.5349,0.3256,0.3953,crystalline,0,-18.532,30.0
3423,20.974,0.4304,0.5652,0.3478,0.3696,crystalline,0,-15.756,30.0
3424,24.658,0.4209,0.5814,0.3023,0.3721,crystalline,0,-17.201,30.0
3425,25.810,0.2781,0.5000,0.0000,0.3438,crystalline,0,-19.965,30.0
3426,32.232,0.2028,0.3889,0.0000,0.2222,intermediate,0,7.909,40.0
3427,31.379,0.3000,0.3182,0.2273,0.3636,crystalline,0,7.099,40.0
3428,24.673,0.4038,0.4872,0.3590,0.3590,crystalline,0,-19.503,30.0
3429,22.829,0.4170,0.5227,0.3182,0.4091,crystalline,0,-18.513,30.0
3430,28.524,0.2632,0.3684,0.1579,0.2632,crystalline,0,-16.232,30.0
3431,25.224,0.3543,0.5143,0.2286,0.3143,crystalline,0,-19.529,30.0
3432,31.869,0.1548,0.2381,0.0000,0.2381,intermediate,0,3.796,40.0
3433,26.427,0.4012,0.5000,0.3250,0.3750,crystalline,0,-12.051,30.0
3434,27.166,0.2618,0.4706,0.0000,0.3235,crystalline,0,-18.222,30.0
3435,29.599,0.2524,0.4762,0.0000,0.2857,crystalline,0,-19.480,30.0
3436,31.199,0.1773,0.2727,0.0000,0.2727,intermediate,0,-12.406,40.0
3437,20.942,0.4400,0.5778,0.3556,0.3778,crystalline,0,-17.505,30.0
3438,26.011,0.2556,0.4444,0.0000,0.3333,crystalline,0,-17.459,30.0
3439,27.740,0.2620,0.4400,0.0000,0.3600,crystalline,0,-18.473,30.0
3440,28.160,0.2038,0.3846,0.0000,0.2308,intermediate,0,-18.965,30.0
3441,21.920,0.4400,0.5778,0.3556,0.3778,crystalline,0,-17.806,30.0
3442,28.190,0.2379,0.4138,0.0000,0.3103,intermediate,0,-11.313,30.0
3443,25.962,0.3053,0.5789,0.0000,0.3421,crystalline,0,-11.493,30.0
3444,24.091,0.4381,0.5714,0.3333,0.4048,crystalline,0,-16.478,30.0
3445,28.785,0.2325,0.2500,0.2000,0.2500,intermediate,0,-15.845,30.0
3446,29.659,0.2475,0.4500,0.0000,0.3000,intermediate,0,-5.929,30.0
3447,28.295,0.3650,0.3667,0.3333,0.4000,crystalline,0,-12.488,30.0
3448,32.504,0.0917,0.1667,0.0000,0.1111,amorphous,0,1.243,40.0
3449,28.410,0.3871,0.4516,0.3226,0.3871,crystalline,0,-10.425,30.0
3450,28.751,0.1341,0.2273,0.0000,0.1818,intermediate,0,-17.376,30.0
3451,28.500,0.3460,0.4400,0.2400,0.3600,crystalline,0,-20.541,30.0
3452,31.005,0.2261,0.3478,0.0000,0.3478,intermediate,0,-14.066,40.0
3453,26.437,0.4187,0.5250,0.3500,0.3750,crystalline,0,-11.471,30.0
3454,27.967,0.2944,0.5556,0.0000,0.3333,crystalline,0,-20.243,30.0
3455,27.299,0.3941,0.5588,0.2647,0.3529,crystalline,0,-9.867,30.0
3456,23.797,0.4205,0.5455,0.3636,0.3409,crystalline,0,-16.046,30.0
3457,26.297,0.3962,0.5641,0.2821,0.3333,crystalline,0,-11.190,30.0
3458,30.535,0.3364,0.5000,0.2273,0.2727,crystalline,0,-5.632,40.0
3459,30.021,0.2841,0.5000,0.0000,0.3636,crystalline,0,-10.999,40.0
3460,32.226,0.3310,0.3810,0.2381,0.3810,crystalline,0,7.705,40.0
3461,23.268,0.4304,0.5652,0.3478,0.3696,crystalline,0,-15.463,30.0
3462,27.708,0.3069,0.5517,0.0000,0.3793,crystalline,0,-10.153,30.0
3463,27.065,0.3069,0.5517,0.0000,0.3793,crystalline,0,-11.667,30.0
3464,28.621,0.3106,0.5758,0.0000,0.3636,crystalline,0,-9.726,30.0
3465,28.965,0.2022,0.3913,0.0000,0.2174,intermediate,0,-12.929,30.0
3466,22.416,0.4330,0.5455,0.3409,0.4091,crystalline,0,-17.079,30.0
3467,23.717,0.4341,0.5455,0.3636,0.3864,crystalline,0,-17.800,30.0
3468,28.441,0.3029,0.5882,0.0000,0.3235,crystalline,0,-9.450,30.0
3469,26.725,0.3455,0.5152,0.2121,0.3030,crystalline,0,-18.939,30.0
3470,28.934,0.2304,0.4348,0.0000,0.2609,intermediate,0,-20.301,30.0
3471,27.131,0.2717,0.4333,0.0000,0.4000,crystalline,0,-19.088,30.0
3472,25.309,0.3039,0.5526,0.0000,0.3684,crystalline,0,-17.955,30.0
3473,32.526,0.0765,0.1176,0.0000,0.1176,amorphous,0,-2.038,40.0
3474,24.309,0.4360,0.5814,0.3256,0.3953,crystalline,0,-15.178,30.0
3475,26.849,0.2437,0.3750,0.0000,0.3750,intermediate,0,-16.735,30.0
3476,23.712,0.4232,0.5366,0.3171,0.4146,crystalline,0,-16.799,30.0
3477,29.642,0.2565,0.4348,0.0000,0.3478,crystalline,0,-20.062,30.0
3478,25.795,0.4256,0.5854,0.3171,0.3659,crystalline,0,-15.477,30.0
3479,28.403,0.3194,0.5806,0.0000,0.3871,crystalline,0,-10.776,30.0
3480,29.962,0.2640,0.4800,0.0000,0.3200,crystalline,0,-17.591,30.0
3481,26.915,0.2758,0.4242,0.0000,0.4242,crystalline,0,-18.334,30.0
3482,28.567,0.3000,0.5625,0.0000,0.3438,crystalline,0,-16.632,30.0
3483,23.866,0.4298,0.5476,0.3333,0.4048,crystalline,0,-16.510,30.0
3484,25.160,0.4263,0.5500,0.3250,0.4000,crystalline,0,-15.034,30.0
3485,25.822,0.4066,0.5789,0.2895,0.3421,crystalline,0,-17.226,30.0
3486,23.991,0.4045,0.5227,0.3409,0.3409,crystalline,0,-22.072,30.0
3487,30.988,0.2673,0.5000,0.0000,0.3077,crystalline,0,-9.191,40.0
3488,25.334,0.3914,0.5143,0.2857,0.3714,crystalline,0,-22.494,30.0
3489,26.189,0.4026,0.4872,0.3333,0.3846,crystalline,0,-16.795,30.0
3490,23.680,0.4291,0.5581,0.3488,0.3721,crystalline,0,-21.494,30.0
3491,26.707,0.3652,0.4545,0.3030,0.3333,crystalline,0,-23.066,30.0
3492,28.618,0.3083,0.5667,0.0000,0.3667,crystalline,0,-15.913,30.0
3493,27.675,0.2794,0.4706,0.0000,0.3824,crystalline,0,-15.311,30.0
3494,31.292,0.2294,0.3529,0.0000,0.3529,intermediate,0,-17.329,40.0
3495,31.340,0.3000,0.5217,0.0000,0.3913,crystalline,0,-11.047,40.0
3496,23.637,0.4244,0.5366,0.3415,0.3902,crystalline,0,-21.342,30.0
3497,29.031,0.2296,0.3704,0.0000,0.3333,intermediate,0,-15.745,30.0
3498,26.736,0.2809,0.5000,0.0000,0.3529,crystalline,0,-22.771,30.0
3499,25.031,0.4341,0.5366,0.3902,0.3659,crystalline,0,-21.771,30.0
3500,30.253,0.2457,0.4783,0.0000,0.2609,intermediate,0,-18.271,40.0
3501,28.184,0.3645,0.3871,0.3226,0.3871,crystalline,0,-17.362,30.0
3502,26.416,0.4112,0.5250,0.3500,0.3500,crystalline,0,-16.354,30.0
3503,28.630,0.2808,0.5385,0.0000,0.3077,crystalline,0,-23.210,30.0
3504,30.744,0.2690,0.5238,0.0000,0.2857,crystalline,0,-10.518,40.0
3505,26.178,0.3797,0.5135,0.2703,0.3514,crystalline,0,-21.791,30.0
3506,28.110,0.4014,0.4857,0.3429,0.3714,crystalline,0,-14.739,30.0
3507,29.521,0.2646,0.5417,0.0000,0.2500,crystalline,0,-17.559,30.0
3508,29.731,0.2886,0.5909,0.0000,0.2727,crystalline,0,-23.481,30.0
3509,28.571,0.3192,0.4615,0.1538,0.3462,crystalline,0,-22.778,30.0
3510,24.365,0.4263,0.5500,0.3250,0.4000,crystalline,0,-20.769,30.0
3511,26.267,0.3643,0.4857,0.2857,0.3143,crystalline,0,-23.817,30.0
3512,24.608,0.4026,0.5128,0.3077,0.3846,crystalline,0,-22.823,30.0
3513,25.440,0.3824,0.5000,0.2647,0.3824,crystalline,0,-23.121,30.0
3514,27.393,0.3758,0.5455,0.2424,0.3333,crystalline,0,-16.080,30.0
3515,29.152,0.3069,0.5517,0.0000,0.3793,crystalline,0,-14.746,30.0
3516,32.234,0.2625,0.4500,0.0000,0.3500,crystalline,0,-10.485,40.0
3517,28.376,0.3069,0.5517,0.0000,0.3793,crystalline,0,-16.245,30.0
3518,25.702,0.4149,0.5676,0.2703,0.4054,crystalline,0,-21.055,30.0
3519,28.852,0.3900,0.5333,0.2667,0.3667,crystalline,0,-14.454,30.0
3520,32.224,0.2789,0.5263,0.0000,0.3158,crystalline,0,-10.212,40.0
3521,28.578,0.2519,0.4231,0.0000,0.3462,crystalline,0,-22.352,30.0
3522,26.512,0.2691,0.4412,0.0000,0.3824,crystalline,0,-23.395,30.0
3523,25.829,0.4115,0.4872,0.3590,0.3846,crystalline,0,-21.052,30.0
3524,27.936,0.3212,0.4615,0.1923,0.3077,crystalline,0,-24.085,30.0
3525,25.153,0.4238,0.5476,0.3571,0.3571,crystalline,0,-20.342,30.0
3526,29.438,0.2833,0.5238,0.0000,0.3333,crystalline,0,-24.560,30.0
3527,25.025,0.4128,0.5385,0.3333,0.3590,crystalline,0,-22.384,30.0
3528,29.022,0.2100,0.3600,0.0000,0.2800,intermediate,0,-24.365,30.0
3529,28.539,0.3677,0.4839,0.2903,0.3226,crystalline,0,-15.758,30.0
3530,30.549,0.3022,0.5652,0.0000,0.3478,crystalline,0,-14.952,40.0
3531,26.263,0.4162,0.4865,0.3784,0.3784,crystalline,0,-22.668,30.0
3532,28.401,0.2750,0.4231,0.0000,0.4231,crystalline,0,-21.611,30.0
3533,28.335,0.3107,0.4643,0.1786,0.2857,crystalline,0,-23.545,30.0
3534,25.343,0.4112,0.5250,0.3500,0.3500,crystalline,0,-22.086,30.0
3535,26.936,0.3641,0.5000,0.2188,0.3750,crystalline,0,-22.547,30.0
3536,30.354,0.3103,0.6207,0.0000,0.3103,crystalline,0,-14.027,40.0
3537,30.557,0.2690,0.5238,0.0000,0.2857,crystalline,0,-16.549,40.0
3538,30.325,0.2870,0.5217,0.0000,0.3478,crystalline,0,-22.203,40.0
3539,29.084,0.2983,0.5667,0.0000,0.3333,crystalline,0,-21.214,30.0
3540,27.239,0.3903,0.5278,0.2778,0.3611,crystalline,0,-20.056,30.0
3541,30.600,0.3481,0.4231,0.3077,0.3077,crystalline,0,-16.037,40.0
3542,31.551,0.2682,0.4545,0.0000,0.3636,crystalline,0,-16.613,40.0
3543,26.944,0.3986,0.5405,0.2973,0.3514,crystalline,0,-19.767,30.0
3544,30.445,0.2333,0.3810,0.0000,0.3333,intermediate,0,-24.086,40.0
3545,28.936,0.2778,0.4444,0.0000,0.4074,crystalline,0,-23.106,30.0
3546,26.550,0.3824,0.5000,0.2647,0.3824,crystalline,0,-21.389,30.0
3547,32.327,0.2825,0.5500,0.0000,0.3000,crystalline,0,-14.295,40.0
3548,28.152,0.4014,0.4722,0.3889,0.3333,crystalline,0,-20.055,30.0
3549,27.476,0.3652,0.5152,0.2424,0.3333,crystalline,0,-21.806,30.0
3550,29.559,0.2900,0.5200,0.0000,0.3600,crystalline,0,-20.619,30.0
3551,27.585,0.3926,0.4412,0.3529,0.3824,crystalline,0,-21.670,30.0
3552,29.536,0.2966,0.5517,0.0000,0.3448,crystalline,0,-20.499,30.0
3553,31.400,0.3167,0.5833,0.0000,0.3750,crystalline,0,-15.362,40.0
3554,30.694,0.2524,0.4762,0.0000,0.2857,crystalline,0,-22.847,40.0
3555,29.647,0.2500,0.3846,0.0000,0.3846,crystalline,0,-22.356,30.0
3556,27.754,0.3742,0.4848,0.2727,0.3636,crystalline,0,-21.100,30.0
3557,28.790,0.2781,0.5000,0.0000,0.3438,crystalline,0,-19.608,30.0
3558,32.337,0.2789,0.5263,0.0000,0.3158,crystalline,0,-15.102,40.0
3559,30.236,0.2609,0.5217,0.0000,0.2609,crystalline,0,-22.148,40.0
3560,29.318,0.2479,0.4583,0.0000,0.2917,intermediate,0,-27.084,30.0
3561,27.831,0.3563,0.4688,0.2812,0.3125,crystalline,0,-26.076,30.0
3562,30.520,0.2875,0.5000,0.0000,0.3750,crystalline,0,-19.339,40.0
3563,29.105,0.2269,0.3846,0.0000,0.3077,intermediate,0,-26.655,30.0
3564,29.008,0.3212,0.4615,0.1923,0.3077,crystalline,0,-26.377,30.0
3565,29.830,0.2760,0.4800,0.0000,0.3600,crystalline,0,-20.827,30.0
3566,31.787,0.3022,0.5652,0.0000,0.3478,crystalline,0,-19.531,40.0
3567,29.948,0.2538,0.4615,0.0000,0.3077,crystalline,0,-20.681,30.0
3568,31.160,0.3478,0.4783,0.2174,0.3478,crystalline,0,-19.047,40.0
3569,28.871,0.3574,0.4074,0.2963,0.3704,crystalline,0,-25.924,30.0
3570,31.647,0.2523,0.4091,0.0000,0.3636,crystalline,0,-21.384,40.0
3571,31.630,0.2650,0.5000,0.0000,0.3000,crystalline,0,-21.128,40.0
3572,28.646,0.3569,0.4828,0.2414,0.3448,crystalline,0,-25.643,30.0
3573,30.967,0.2479,0.4583,0.0000,0.2917,intermediate,0,-20.921,40.0
3574,28.483,0.3567,0.4667,0.2667,0.3333,crystalline,0,-25.351,30.0
3575,32.306,0.2125,0.3500,0.0000,0.3000,intermediate,0,-19.332,40.0
3576,29.472,0.2891,0.3913,0.1739,0.3043,crystalline,0,-27.704,30.0
3577,30.889,0.2545,0.4545,0.0000,0.3182,crystalline,0,-26.342,40.0
3578,30.727,0.2479,0.4583,0.0000,0.2917,intermediate,0,-25.794,40.0
3579,31.172,0.1921,0.3684,0.0000,0.2105,intermediate,0,-28.388,40.0
3580,29.756,0.3042,0.3333,0.2500,0.3333,crystalline,0,-27.418,30.0
3581,29.824,0.2386,0.4091,0.0000,0.3182,intermediate,0,-27.135,30.0
3582,29.161,0.2962,0.3846,0.2308,0.2692,crystalline,0,-26.946,30.0
3583,31.895,0.3190,0.4286,0.2381,0.2857,crystalline,0,-20.338,40.0
3584,30.065,0.3352,0.3704,0.3333,0.2963,crystalline,0,-24.929,40.0
3585,29.960,0.2538,0.4615,0.0000,0.3077,crystalline,0,-24.646,30.0
3586,31.623,0.2211,0.3158,0.0000,0.3684,intermediate,0,-25.639,40.0
3587,31.212,0.2435,0.4348,0.0000,0.3043,intermediate,0,-25.073,40.0
3588,30.383,0.2917,0.3333,0.2500,0.2917,crystalline,0,-26.658,40.0
3589,30.662,0.3080,0.4400,0.2000,0.2800,crystalline,0,-24.351,40.0
3590,30.346,0.2250,0.4091,0.0000,0.2727,intermediate,0,-26.373,40.0
3591,30.445,0.2891,0.3913,0.1739,0.3043,crystalline,0,-25.979,40.0
3592,32.391,0.1895,0.3158,0.0000,0.2632,intermediate,0,-25.690,40.0
