ca_index,d_p_A,crystallinity,frac_a,frac_c,frac_384,phase,domain,axial_A,shell_bfac
0,17.425,0.0819,0.0833,0.0556,0.1111,amorphous,0,44.083,20.0
1,19.267,0.0687,0.1250,0.0000,0.0833,amorphous,0,47.801,20.0
2,16.753,0.0500,0.0769,0.0000,0.0769,amorphous,0,40.455,20.0
3,12.025,0.0342,0.0000,0.0526,0.0526,amorphous,0,41.464,20.0
4,12.379,0.0390,0.0488,0.0000,0.0732,amorphous,0,45.004,20.0
5,21.133,0.0550,0.1000,0.0000,0.0667,amorphous,0,44.994,30.0
6,13.822,0.0616,0.0698,0.0465,0.0698,amorphous,0,41.191,20.0
7,18.459,0.0828,0.0938,0.0625,0.0938,amorphous,0,45.146,20.0
8,15.728,0.0575,0.0500,0.0500,0.0750,amorphous,0,42.423,20.0
9,21.564,0.0619,0.0952,0.0000,0.0952,amorphous,0,48.223,30.0
10,16.732,0.0952,0.1613,0.0000,0.1290,intermediate,0,48.409,20.0
11,13.255,0.0421,0.0526,0.0000,0.0789,amorphous,0,38.403,20.0
12,18.638,0.0867,0.1333,0.0000,0.1333,intermediate,0,50.820,20.0
13,21.474,0.0825,0.1500,0.0000,0.1000,amorphous,0,50.481,30.0
14,16.148,0.0179,0.0513,0.0000,0.0000,amorphous,0,39.183,20.0
15,13.850,0.0476,0.0476,0.0476,0.0476,amorphous,0,43.844,20.0
16,17.519,0.0378,0.1081,0.0000,0.0000,amorphous,0,41.551,20.0
17,21.877,0.0500,0.0769,0.0000,0.0769,amorphous,0,44.006,30.0
18,20.583,0.0241,0.0690,0.0000,0.0000,amorphous,0,42.314,30.0
19,16.485,0.0561,0.0976,0.0000,0.0732,amorphous,0,38.637,20.0
20,18.920,0.0591,0.0909,0.0000,0.0909,amorphous,0,46.811,20.0
21,15.497,0.0729,0.0857,0.0000,0.1429,amorphous,0,50.339,20.0
22,21.933,0.0687,0.1250,0.0000,0.0833,amorphous,0,43.705,30.0
23,11.247,0.0184,0.0526,0.0000,0.0000,amorphous,0,38.098,20.0
24,15.602,0.0453,0.0698,0.0000,0.0698,amorphous,0,47.046,20.0
25,15.339,0.0868,0.1471,0.0000,0.1176,amorphous,0,47.859,20.0
26,10.278,0.0412,0.0750,0.0000,0.0500,amorphous,0,45.173,20.0
27,11.408,0.0159,0.0455,0.0000,0.0000,amorphous,0,38.614,20.0
28,11.320,0.0231,0.0000,0.0000,0.0769,amorphous,0,35.123,20.0
29,8.496,0.0325,0.0500,0.0000,0.0500,amorphous,0,39.862,10.0
30,13.936,0.0184,0.0000,0.0526,0.0000,amorphous,0,42.703,20.0
31,15.269,0.0390,0.0488,0.0000,0.0732,amorphous,0,40.041,20.0
32,13.384,0.0453,0.0698,0.0000,0.0698,amorphous,0,36.080,20.0
33,19.815,0.1000,0.1333,0.0667,0.1000,amorphous,0,40.523,20.0
34,16.192,0.0805,0.1463,0.0000,0.0976,amorphous,0,38.666,20.0
35,18.224,0.0757,0.0857,0.0571,0.0857,amorphous,0,39.518,20.0
36,19.325,0.0985,0.2059,0.0000,0.0882,amorphous,0,40.209,20.0
37,20.770,0.0734,0.0625,0.0938,0.0625,amorphous,0,42.363,30.0
38,6.786,0.0361,0.0556,0.0000,0.0556,amorphous,0,42.197,10.0
39,19.211,0.0424,0.1212,0.0000,0.0000,amorphous,0,39.423,20.0
40,13.553,0.0763,0.1053,0.0000,0.1316,amorphous,0,50.429,20.0
41,18.345,0.0946,0.1071,0.0714,0.1071,amorphous,0,45.707,20.0
42,9.412,0.0200,0.0000,0.0571,0.0000,amorphous,0,41.573,10.0
43,22.157,0.0750,0.1154,0.0000,0.1154,amorphous,0,47.263,30.0
44,9.929,0.0421,0.0526,0.0000,0.0789,amorphous,0,35.036,10.0
45,21.633,0.1611,0.2222,0.0000,0.2778,intermediate,0,54.366,30.0
46,17.339,0.0609,0.0938,0.0000,0.0938,amorphous,0,51.673,20.0
47,19.635,0.0516,0.0645,0.0000,0.0968,amorphous,0,44.934,20.0
48,8.853,0.0434,0.0789,0.0000,0.0526,amorphous,0,33.057,10.0
49,21.221,0.0848,0.1304,0.0000,0.1304,intermediate,0,41.174,30.0
50,6.372,0.0175,0.0500,0.0000,0.0000,amorphous,0,37.315,10.0
51,15.483,0.0625,0.0833,0.0000,0.1111,amorphous,0,35.858,20.0
52,13.652,0.0973,0.1622,0.0000,0.1351,intermediate,0,48.102,20.0
53,7.884,0.0590,0.1026,0.0000,0.0769,amorphous,0,45.303,10.0
54,20.338,0.0589,0.1071,0.0000,0.0714,amorphous,0,43.706,30.0
55,17.191,0.0300,0.0857,0.0000,0.0000,amorphous,0,49.356,20.0
56,13.026,0.0489,0.0851,0.0000,0.0638,amorphous,0,35.149,20.0
57,11.649,0.0333,0.0513,0.0000,0.0513,amorphous,0,41.568,20.0
58,11.830,0.0423,0.0769,0.0000,0.0513,amorphous,0,34.439,20.0
59,22.526,0.0917,0.1667,0.0000,0.1111,amorphous,0,53.607,30.0
60,13.019,0.0381,0.0000,0.0476,0.0714,amorphous,0,36.762,20.0
61,15.865,0.0333,0.0513,0.0000,0.0513,amorphous,0,39.913,20.0
62,14.195,0.0513,0.0789,0.0000,0.0789,amorphous,0,34.987,20.0
63,15.680,0.0325,0.0500,0.0000,0.0500,amorphous,0,39.172,20.0
64,14.071,0.0171,0.0488,0.0000,0.0000,amorphous,0,46.536,20.0
65,17.485,0.0703,0.1081,0.0000,0.1081,amorphous,0,36.334,20.0
66,16.032,0.0381,0.0476,0.0000,0.0714,amorphous,0,41.358,20.0
67,16.293,0.0574,0.0882,0.0000,0.0882,amorphous,0,44.839,20.0
68,21.234,0.1529,0.2353,0.0000,0.2353,intermediate,0,51.655,30.0
69,11.610,0.0631,0.0714,0.0476,0.0714,amorphous,0,32.927,20.0
70,17.078,0.0779,0.0882,0.0588,0.0882,amorphous,0,36.637,20.0
71,15.799,0.0657,0.1143,0.0000,0.0857,amorphous,0,52.162,20.0
72,20.115,0.1975,0.3500,0.0000,0.2500,intermediate,0,54.854,30.0
73,13.255,0.0853,0.1176,0.0000,0.1471,amorphous,0,50.099,20.0
74,11.450,0.0171,0.0488,0.0000,0.0000,amorphous,0,36.848,20.0
75,14.935,0.0464,0.0000,0.0714,0.0714,amorphous,0,35.711,20.0
76,18.151,0.1469,0.1562,0.1562,0.1250,intermediate,0,37.294,20.0
77,7.808,0.0390,0.0488,0.0000,0.0732,amorphous,0,31.908,10.0
78,10.986,0.0527,0.0811,0.0000,0.0811,amorphous,0,44.576,20.0
79,13.840,0.0657,0.1143,0.0000,0.0857,amorphous,0,51.687,20.0
80,19.224,0.0788,0.1212,0.0000,0.1212,intermediate,0,37.542,20.0
81,4.517,0.0000,0.0000,0.0000,0.0000,amorphous,0,37.947,6.0
82,20.486,0.0660,0.1200,0.0000,0.0800,amorphous,0,49.753,30.0
83,3.748,0.0194,0.0556,0.0000,0.0000,amorphous,0,39.902,6.0
84,12.481,0.0605,0.1053,0.0000,0.0789,amorphous,0,49.351,20.0
85,22.022,0.1083,0.1667,0.0000,0.1667,intermediate,0,57.571,30.0
86,6.020,0.0446,0.0811,0.0000,0.0541,amorphous,0,29.971,10.0
87,12.694,0.0513,0.0513,0.0513,0.0513,amorphous,0,37.308,20.0
88,11.249,0.0464,0.0714,0.0000,0.0714,amorphous,0,33.694,20.0
89,18.766,0.0828,0.1562,0.0000,0.0938,amorphous,0,39.985,20.0
90,9.127,0.0250,0.0714,0.0000,0.0000,amorphous,0,31.603,10.0
91,16.947,0.0446,0.0811,0.0000,0.0541,amorphous,0,46.421,20.0
92,20.701,0.0615,0.0769,0.0000,0.1154,amorphous,0,46.578,30.0
93,21.945,0.0593,0.0741,0.0000,0.1111,amorphous,0,43.761,30.0
94,8.980,0.0378,0.1081,0.0000,0.0000,amorphous,0,46.504,10.0
95,7.358,0.0541,0.0541,0.0541,0.0541,amorphous,0,34.338,10.0
96,20.634,0.1475,0.2500,0.0000,0.2000,intermediate,0,57.049,30.0
97,19.729,0.1341,0.2273,0.0000,0.1818,intermediate,0,51.847,20.0
98,11.222,0.0167,0.0476,0.0000,0.0000,amorphous,0,34.932,20.0
99,8.407,0.0548,0.0476,0.0476,0.0714,amorphous,0,33.423,10.0
100,13.971,0.0489,0.0652,0.0000,0.0870,amorphous,0,32.424,20.0
101,22.082,0.1180,0.2000,0.0000,0.1600,intermediate,0,40.027,30.0
102,11.421,0.0311,0.0889,0.0000,0.0000,amorphous,0,46.818,20.0
103,19.299,0.1932,0.3182,0.0000,0.2727,intermediate,0,54.058,20.0
104,13.957,0.0922,0.1562,0.0000,0.1250,intermediate,0,47.452,20.0
105,10.014,0.0488,0.0488,0.0488,0.0488,amorphous,0,41.106,10.0
106,13.601,0.0476,0.0732,0.0000,0.0732,amorphous,0,32.565,20.0
107,22.046,0.0804,0.1071,0.0000,0.1429,amorphous,0,38.881,30.0
108,5.933,0.0206,0.0588,0.0000,0.0000,amorphous,0,37.334,6.0
109,5.344,0.0317,0.0488,0.0000,0.0488,amorphous,0,43.647,6.0
110,6.376,0.0262,0.0750,0.0000,0.0000,amorphous,0,28.926,10.0
111,13.409,0.0421,0.0526,0.0000,0.0789,amorphous,0,32.104,20.0
112,21.417,0.1152,0.2174,0.0000,0.1304,intermediate,0,37.723,30.0
113,8.007,0.0171,0.0000,0.0488,0.0000,amorphous,0,29.247,10.0
114,20.333,0.0371,0.0571,0.0000,0.0571,amorphous,0,39.789,30.0
115,22.397,0.1180,0.0800,0.1200,0.1600,amorphous,0,40.123,30.0
116,13.670,0.0342,0.0526,0.0000,0.0526,amorphous,0,35.222,20.0
117,19.581,0.1274,0.1290,0.0968,0.1613,intermediate,0,36.922,20.0
118,19.739,0.0722,0.1111,0.0000,0.1111,amorphous,0,55.844,20.0
119,9.919,0.0412,0.0750,0.0000,0.0500,amorphous,0,29.552,20.0
120,18.138,0.0643,0.0857,0.0000,0.1143,amorphous,0,34.655,20.0
121,16.668,0.0487,0.0513,0.0000,0.1026,amorphous,0,35.908,20.0
122,5.060,0.0000,0.0000,0.0000,0.0000,amorphous,0,33.728,6.0
123,4.338,0.0444,0.0556,0.0000,0.0833,amorphous,0,27.935,6.0
124,12.550,0.0476,0.0732,0.0000,0.0732,amorphous,0,34.379,20.0
125,13.901,0.0602,0.0682,0.0455,0.0682,amorphous,0,33.380,20.0
126,22.248,0.0941,0.1176,0.0000,0.1765,amorphous,0,56.338,30.0
127,13.401,0.0250,0.0714,0.0000,0.0000,amorphous,0,45.255,20.0
128,15.841,0.0500,0.0769,0.0000,0.0769,amorphous,0,44.197,20.0
129,16.762,0.0557,0.0857,0.0000,0.0857,amorphous,0,53.128,20.0
130,17.160,0.0622,0.1081,0.0000,0.0811,amorphous,0,32.952,20.0
131,13.240,0.0641,0.1562,0.0000,0.0312,amorphous,0,51.764,20.0
132,18.422,0.1111,0.1389,0.0833,0.1111,amorphous,0,34.311,20.0
133,1.319,0.0189,0.0541,0.0000,0.0000,amorphous,0,38.506,6.0
134,8.858,0.0458,0.0833,0.0000,0.0556,amorphous,0,30.746,10.0
135,5.993,0.0527,0.0811,0.0000,0.0811,amorphous,0,29.394,10.0
136,10.273,0.0393,0.0714,0.0000,0.0476,amorphous,0,38.653,20.0
137,9.481,0.0244,0.0698,0.0000,0.0000,amorphous,0,30.490,10.0
138,6.917,0.0402,0.0732,0.0000,0.0488,amorphous,0,38.332,10.0
139,16.990,0.0464,0.0714,0.0000,0.0714,amorphous,0,36.582,20.0
140,20.184,0.0000,0.0000,0.0000,0.0000,amorphous,0,40.806,20.0
141,16.347,0.0351,0.0541,0.0000,0.0541,amorphous,0,37.837,20.0
142,21.175,0.0538,0.1538,0.0000,0.0000,amorphous,0,39.734,30.0
143,12.436,0.0184,0.0526,0.0000,0.0000,amorphous,0,32.793,20.0
144,7.480,0.0256,0.0732,0.0000,0.0000,amorphous,0,41.331,10.0
145,7.140,0.0171,0.0488,0.0000,0.0000,amorphous,0,30.995,10.0
146,13.173,0.0562,0.0750,0.0000,0.1000,amorphous,0,30.960,20.0
147,6.439,0.0446,0.0811,0.0000,0.0541,amorphous,0,28.493,10.0
148,17.695,0.0533,0.0667,0.0000,0.1000,amorphous,0,44.131,20.0
149,19.768,0.1300,0.2000,0.0000,0.2000,intermediate,0,57.298,20.0
150,21.181,0.0175,0.0000,0.0500,0.0000,amorphous,0,43.466,30.0
151,19.125,0.0650,0.1000,0.0000,0.1000,amorphous,0,53.312,20.0
152,22.502,0.0591,0.0909,0.0000,0.0909,amorphous,0,51.955,30.0
153,12.561,0.0378,0.0541,0.0541,0.0000,amorphous,0,37.388,20.0
154,13.691,0.0333,0.0513,0.0000,0.0513,amorphous,0,37.976,20.0
155,20.222,0.1150,0.2000,0.0000,0.1500,intermediate,0,51.324,30.0
156,9.153,0.0605,0.1053,0.0000,0.0789,amorphous,0,47.013,10.0
157,10.007,0.0333,0.0513,0.0000,0.0513,amorphous,0,30.767,20.0
158,7.553,0.0000,0.0000,0.0000,0.0000,amorphous,0,40.577,10.0
159,9.970,0.0603,0.0769,0.0513,0.0513,amorphous,0,29.944,20.0
160,18.278,0.0406,0.0625,0.0000,0.0625,amorphous,0,41.193,20.0
161,18.977,0.0589,0.1071,0.0000,0.0714,amorphous,0,47.991,20.0
162,18.914,0.1565,0.2609,0.0000,0.2174,intermediate,0,54.447,20.0
163,18.965,0.0875,0.1250,0.1250,0.0000,intermediate,0,56.365,20.0
164,22.094,0.0727,0.0909,0.0000,0.1364,amorphous,0,36.364,30.0
165,15.506,0.0421,0.0526,0.0000,0.0789,amorphous,0,35.186,20.0
166,15.233,0.0667,0.0513,0.0513,0.1026,amorphous,0,33.305,20.0
167,4.312,0.0000,0.0000,0.0000,0.0000,amorphous,0,34.244,6.0
168,10.134,0.0351,0.0541,0.0000,0.0541,amorphous,0,34.644,20.0
169,6.772,0.0175,0.0500,0.0000,0.0000,amorphous,0,26.662,10.0
170,4.052,0.0657,0.0571,0.0571,0.0857,amorphous,0,28.592,6.0
171,16.476,0.0226,0.0645,0.0000,0.0000,amorphous,0,40.044,20.0
172,22.631,0.0565,0.0870,0.0000,0.0870,amorphous,0,40.235,30.0
173,14.384,0.0622,0.0541,0.0541,0.0811,amorphous,0,31.894,20.0
174,20.283,0.0780,0.1200,0.0000,0.1200,intermediate,0,34.028,20.0
175,13.853,0.0662,0.0882,0.0000,0.1176,amorphous,0,51.870,20.0
176,14.463,0.1258,0.1935,0.0000,0.1935,intermediate,0,48.134,20.0
177,6.435,0.0200,0.0571,0.0000,0.0000,amorphous,0,43.859,10.0
178,14.804,0.0591,0.0909,0.0000,0.0909,amorphous,0,29.512,20.0
179,7.333,0.0175,0.0500,0.0000,0.0000,amorphous,0,28.344,10.0
180,6.553,0.0269,0.0769,0.0000,0.0000,amorphous,0,42.509,10.0
181,22.647,0.0938,0.1250,0.0000,0.1667,intermediate,0,36.185,30.0
182,15.716,0.0530,0.1515,0.0000,0.0000,amorphous,0,53.081,20.0
183,18.927,0.0864,0.0909,0.0000,0.1818,amorphous,0,33.769,20.0
184,11.375,0.0485,0.0606,0.0000,0.0909,amorphous,0,44.849,20.0
185,5.611,0.0256,0.0513,0.0000,0.0256,amorphous,0,27.887,6.0
186,16.891,0.0527,0.0811,0.0000,0.0811,amorphous,0,48.174,20.0
187,13.587,0.0453,0.0000,0.0698,0.0698,amorphous,0,29.179,20.0
188,6.452,0.0189,0.0541,0.0000,0.0000,amorphous,0,34.654,10.0
189,8.876,0.0175,0.0000,0.0500,0.0000,amorphous,0,26.550,10.0
190,5.929,0.0000,0.0000,0.0000,0.0000,amorphous,0,35.632,10.0
191,15.682,0.0351,0.0541,0.0000,0.0541,amorphous,0,37.983,20.0
192,6.389,0.0325,0.0500,0.0000,0.0500,amorphous,0,30.528,10.0
193,22.060,0.0886,0.1364,0.0000,0.1364,intermediate,0,34.859,30.0
194,19.890,0.0719,0.1250,0.0000,0.0938,amorphous,0,35.223,20.0
195,8.158,0.0333,0.0513,0.0000,0.0513,amorphous,0,27.710,10.0
196,14.477,0.1083,0.1667,0.0000,0.1667,intermediate,0,50.413,20.0
197,19.582,0.1857,0.2857,0.0000,0.2857,intermediate,0,56.736,20.0
198,17.470,0.0622,0.1081,0.0000,0.0811,amorphous,0,33.976,20.0
199,8.235,0.0184,0.0526,0.0000,0.0000,amorphous,0,27.895,10.0
200,17.156,0.0722,0.1111,0.0000,0.1111,amorphous,0,45.374,20.0
201,10.585,0.0575,0.1000,0.0000,0.0750,amorphous,0,26.500,20.0
202,21.231,0.1324,0.1765,0.0000,0.2353,intermediate,0,59.487,30.0
203,17.146,0.0684,0.1053,0.0000,0.1053,amorphous,0,30.275,20.0
204,15.176,0.0452,0.1290,0.0000,0.0000,amorphous,0,53.369,20.0
205,17.032,0.0618,0.0882,0.0882,0.0000,amorphous,0,52.412,20.0
206,7.855,0.0212,0.0606,0.0000,0.0000,amorphous,0,27.003,10.0
207,4.836,0.0333,0.0476,0.0476,0.0000,amorphous,0,38.709,6.0
208,7.714,0.0175,0.0000,0.0500,0.0000,amorphous,0,25.705,10.0
209,14.355,0.0189,0.0541,0.0000,0.0000,amorphous,0,38.250,20.0
210,21.067,0.0565,0.0870,0.0000,0.0870,amorphous,0,37.197,30.0
211,18.597,0.0574,0.0882,0.0000,0.0882,amorphous,0,32.119,20.0
212,7.817,0.0179,0.0513,0.0000,0.0000,amorphous,0,32.329,10.0
213,10.421,0.0757,0.0857,0.0571,0.0857,amorphous,0,45.469,20.0
214,2.835,0.0333,0.0513,0.0000,0.0513,amorphous,0,24.824,6.0
215,14.204,0.0189,0.0541,0.0000,0.0000,amorphous,0,40.034,20.0
216,13.954,0.0175,0.0500,0.0000,0.0000,amorphous,0,31.974,20.0
217,18.683,0.0212,0.0606,0.0000,0.0000,amorphous,0,37.216,20.0
218,5.142,0.0189,0.0000,0.0541,0.0000,amorphous,0,38.427,6.0
219,1.577,0.0444,0.0556,0.0000,0.0833,amorphous,0,25.246,6.0
220,22.131,0.0591,0.0909,0.0000,0.0909,amorphous,0,47.915,30.0
221,8.344,0.0342,0.0526,0.0000,0.0526,amorphous,0,27.664,10.0
222,14.146,0.0513,0.0789,0.0000,0.0789,amorphous,0,45.081,20.0
223,19.614,0.0629,0.0968,0.0000,0.0968,amorphous,0,31.181,20.0
224,8.462,0.0219,0.0625,0.0000,0.0000,amorphous,0,31.867,10.0
225,7.872,0.0179,0.0513,0.0000,0.0000,amorphous,0,25.363,10.0
226,18.381,0.0952,0.0968,0.0645,0.1290,amorphous,0,31.030,20.0
227,12.721,0.0342,0.0526,0.0000,0.0526,amorphous,0,31.029,20.0
228,12.444,0.0449,0.0769,0.0513,0.0000,amorphous,0,48.015,20.0
229,7.570,0.0342,0.0526,0.0000,0.0526,amorphous,0,24.053,10.0
230,1.589,0.0158,0.0000,0.0000,0.0526,amorphous,0,22.975,6.0
231,21.887,0.0520,0.0800,0.0000,0.0800,amorphous,0,41.454,30.0
232,14.336,0.0500,0.0870,0.0000,0.0652,amorphous,0,27.325,20.0
233,6.109,0.0342,0.0526,0.0000,0.0526,amorphous,0,29.509,10.0
234,21.744,0.0542,0.0833,0.0000,0.0833,amorphous,0,39.299,30.0
235,17.144,0.0406,0.0625,0.0000,0.0625,amorphous,0,36.641,20.0
236,11.607,0.0179,0.0000,0.0513,0.0000,amorphous,0,27.238,20.0
237,20.058,0.1690,0.2381,0.0000,0.2857,intermediate,0,54.175,30.0
238,1.825,0.0200,0.0571,0.0000,0.0000,amorphous,0,34.237,6.0
239,22.399,0.0542,0.0833,0.0000,0.0833,amorphous,0,33.926,30.0
240,13.604,0.0464,0.0714,0.0000,0.0714,amorphous,0,46.148,20.0
241,16.947,0.0317,0.0488,0.0000,0.0488,amorphous,0,33.970,20.0
242,3.713,0.0167,0.0476,0.0000,0.0000,amorphous,0,23.176,6.0
243,14.657,0.0367,0.0667,0.0000,0.0444,amorphous,0,31.313,20.0
244,20.194,0.0516,0.0938,0.0000,0.0625,amorphous,0,36.820,30.0
245,8.353,0.0212,0.0606,0.0000,0.0000,amorphous,0,28.790,10.0
246,22.200,0.0920,0.1600,0.0000,0.1200,intermediate,0,32.806,30.0
247,9.578,0.0333,0.0513,0.0000,0.0513,amorphous,0,45.265,10.0
248,14.501,0.0638,0.0750,0.0000,0.1250,amorphous,0,28.441,20.0
249,10.634,0.0256,0.0732,0.0000,0.0000,amorphous,0,26.510,20.0
250,21.754,0.1031,0.1875,0.0000,0.1250,intermediate,0,58.544,30.0
251,21.209,0.0852,0.1481,0.0000,0.1111,amorphous,0,31.520,30.0
252,9.642,0.0394,0.0606,0.0000,0.0606,amorphous,0,33.130,10.0
253,17.555,0.0500,0.0625,0.0000,0.0938,amorphous,0,32.517,20.0
254,11.602,0.0351,0.0541,0.0000,0.0541,amorphous,0,34.818,20.0
255,12.278,0.0356,0.0000,0.0444,0.0667,amorphous,0,32.847,20.0
256,18.464,0.0557,0.0857,0.0000,0.0857,amorphous,0,28.899,20.0
257,22.121,0.1159,0.1364,0.0000,0.2273,intermediate,0,34.420,30.0
258,6.575,0.0302,0.0465,0.0000,0.0465,amorphous,0,25.647,10.0
259,4.135,0.0371,0.0000,0.0571,0.0571,amorphous,0,26.494,6.0
260,9.443,0.0446,0.0811,0.0000,0.0541,amorphous,0,39.398,10.0
261,13.364,0.0371,0.0571,0.0000,0.0571,amorphous,0,37.829,20.0
262,15.958,0.0269,0.0000,0.0769,0.0000,amorphous,0,26.498,20.0
263,16.727,0.0780,0.1200,0.0000,0.1200,intermediate,0,47.759,20.0
264,7.374,0.0325,0.0500,0.0000,0.0500,amorphous,0,31.995,10.0
265,18.446,0.1081,0.1290,0.0968,0.0968,amorphous,0,54.640,20.0
266,19.406,0.0389,0.1111,0.0000,0.0000,amorphous,0,34.526,20.0
267,15.809,0.0557,0.0857,0.0000,0.0857,amorphous,0,43.756,20.0
268,20.344,0.0280,0.0800,0.0000,0.0000,amorphous,0,42.047,30.0
269,9.638,0.0163,0.0465,0.0000,0.0000,amorphous,0,42.461,10.0
270,12.741,0.1031,0.0938,0.0938,0.1250,amorphous,0,49.589,20.0
271,13.562,0.0516,0.0645,0.0000,0.0968,amorphous,0,42.451,20.0
272,15.438,0.0541,0.0541,0.0541,0.0541,amorphous,0,30.823,20.0
273,17.893,0.0640,0.0800,0.0000,0.1200,amorphous,0,45.446,20.0
274,9.811,0.0310,0.0476,0.0000,0.0476,amorphous,0,22.747,20.0
275,17.612,0.0530,0.0909,0.0606,0.0000,amorphous,0,33.501,20.0
276,17.822,0.0419,0.0645,0.0000,0.0645,amorphous,0,42.567,20.0
277,20.491,0.1406,0.1875,0.0000,0.2500,intermediate,0,57.406,30.0
278,21.293,0.0609,0.1739,0.0000,0.0000,amorphous,0,33.637,30.0
279,20.032,0.0981,0.1111,0.0741,0.1111,amorphous,0,49.823,20.0
280,17.873,0.0226,0.0645,0.0000,0.0000,amorphous,0,30.685,20.0
281,16.171,0.1304,0.1304,0.1304,0.1304,intermediate,0,53.705,20.0
282,12.807,0.0590,0.1026,0.0000,0.0769,amorphous,0,25.043,20.0
283,8.225,0.0162,0.0000,0.0000,0.0541,amorphous,0,25.264,10.0
284,5.997,0.0179,0.0513,0.0000,0.0000,amorphous,0,36.518,10.0
285,20.601,0.0333,0.0952,0.0000,0.0000,amorphous,0,43.449,30.0
286,14.630,0.0423,0.0769,0.0000,0.0513,amorphous,0,36.587,20.0
287,12.242,0.0547,0.0698,0.0465,0.0465,amorphous,0,33.142,20.0
288,16.128,0.1023,0.1364,0.0000,0.1818,intermediate,0,50.886,20.0
289,14.911,0.0250,0.0714,0.0000,0.0000,amorphous,0,26.095,20.0
290,22.394,0.0717,0.1304,0.0000,0.0870,amorphous,0,36.891,30.0
291,11.663,0.0333,0.0513,0.0000,0.0513,amorphous,0,36.415,20.0
292,4.742,0.0605,0.0526,0.0526,0.0789,amorphous,0,22.772,6.0
293,20.777,0.0870,0.0870,0.0870,0.0870,amorphous,0,54.805,30.0
294,12.718,0.0350,0.0500,0.0500,0.0000,amorphous,0,30.065,20.0
295,15.988,0.0300,0.0857,0.0000,0.0000,amorphous,0,38.429,20.0
296,9.928,0.0333,0.0513,0.0000,0.0513,amorphous,0,28.357,20.0
297,9.121,0.0256,0.0732,0.0000,0.0000,amorphous,0,40.983,10.0
298,8.347,0.0175,0.0500,0.0000,0.0000,amorphous,0,40.508,10.0
299,4.185,0.0189,0.0541,0.0000,0.0000,amorphous,0,21.812,6.0
300,18.709,0.0318,0.0909,0.0000,0.0000,amorphous,0,27.200,20.0
301,12.296,0.0453,0.0698,0.0000,0.0698,amorphous,0,23.782,20.0
302,9.412,0.0194,0.0556,0.0000,0.0000,amorphous,0,25.292,10.0
303,16.949,0.0179,0.0513,0.0000,0.0000,amorphous,0,26.031,20.0
304,21.844,0.0761,0.1304,0.0870,0.0000,amorphous,0,30.221,30.0
305,5.375,0.0302,0.0465,0.0000,0.0465,amorphous,0,23.634,6.0
306,2.024,0.0394,0.0000,0.0606,0.0606,amorphous,0,25.014,6.0
307,7.370,0.0000,0.0000,0.0000,0.0000,amorphous,0,32.430,10.0
308,9.995,0.0000,0.0000,0.0000,0.0000,amorphous,0,22.411,10.0
309,5.591,0.0361,0.0556,0.0000,0.0556,amorphous,0,22.572,6.0
310,9.294,0.0295,0.0455,0.0000,0.0455,amorphous,0,27.404,10.0
311,1.754,0.0317,0.0488,0.0000,0.0488,amorphous,0,21.020,6.0
312,15.467,0.0284,0.0811,0.0000,0.0000,amorphous,0,29.189,20.0
313,19.353,0.0444,0.0556,0.0000,0.0833,amorphous,0,27.826,20.0
314,10.962,0.0446,0.0811,0.0000,0.0541,amorphous,0,34.222,20.0
315,9.691,0.0368,0.1053,0.0000,0.0000,amorphous,0,32.192,10.0
316,11.596,0.0233,0.0222,0.0444,0.0000,amorphous,0,26.304,20.0
317,12.988,0.0609,0.0938,0.0000,0.0938,amorphous,0,45.608,20.0
318,13.931,0.0512,0.0732,0.0732,0.0000,amorphous,0,29.394,20.0
319,19.761,0.0636,0.0909,0.0909,0.0000,amorphous,0,40.950,20.0
320,18.978,0.0382,0.0588,0.0000,0.0588,amorphous,0,27.998,20.0
321,5.671,0.0351,0.0000,0.0541,0.0541,amorphous,0,25.884,6.0
322,17.170,0.0882,0.0882,0.0882,0.0882,amorphous,0,50.347,20.0
323,10.807,0.0175,0.0500,0.0000,0.0000,amorphous,0,36.434,20.0
324,13.568,0.0882,0.0882,0.0882,0.0882,amorphous,0,48.762,20.0
325,21.757,0.1100,0.2000,0.0000,0.1333,intermediate,0,58.796,30.0
326,16.800,0.0485,0.0606,0.0000,0.0909,amorphous,0,29.089,20.0
327,5.041,0.0167,0.0000,0.0000,0.0556,amorphous,0,22.303,6.0
328,9.656,0.0342,0.0526,0.0000,0.0526,amorphous,0,21.048,20.0
329,21.639,0.0687,0.1250,0.0000,0.0833,amorphous,0,38.121,30.0
330,22.117,0.0722,0.1111,0.0000,0.1111,amorphous,0,49.506,30.0
331,2.764,0.0200,0.0571,0.0000,0.0000,amorphous,0,26.620,6.0
332,17.127,0.0886,0.1364,0.0000,0.1364,intermediate,0,52.975,20.0
333,5.342,0.0406,0.0625,0.0000,0.0625,amorphous,0,19.634,6.0
334,19.002,0.0714,0.0714,0.0714,0.0714,amorphous,0,49.987,20.0
335,15.536,0.0476,0.0732,0.0000,0.0732,amorphous,0,24.132,20.0
336,10.919,0.0262,0.0750,0.0000,0.0000,amorphous,0,43.538,20.0
337,6.968,0.0179,0.0513,0.0000,0.0000,amorphous,0,37.412,10.0
338,12.146,0.0423,0.0769,0.0000,0.0513,amorphous,0,41.937,20.0
339,12.983,0.0526,0.0526,0.0526,0.0526,amorphous,0,23.916,20.0
340,11.289,0.0179,0.0513,0.0000,0.0000,amorphous,0,38.496,20.0
341,10.036,0.0571,0.0571,0.0571,0.0571,amorphous,0,42.222,20.0
342,16.627,0.0985,0.0909,0.0606,0.1515,amorphous,0,27.902,20.0
343,19.259,0.0375,0.1071,0.0000,0.0000,amorphous,0,32.717,20.0
344,13.419,0.0262,0.0750,0.0000,0.0000,amorphous,0,23.389,20.0
345,21.303,0.0672,0.1034,0.0000,0.1034,amorphous,0,27.833,30.0
346,8.551,0.0406,0.0625,0.0000,0.0625,amorphous,0,21.444,10.0
347,12.236,0.0262,0.0750,0.0000,0.0000,amorphous,0,27.149,20.0
348,10.646,0.0535,0.0930,0.0000,0.0698,amorphous,0,24.189,20.0
349,18.562,0.0233,0.0667,0.0000,0.0000,amorphous,0,30.914,20.0
350,20.891,0.0971,0.1765,0.0000,0.1176,amorphous,0,58.317,30.0
351,17.528,0.0611,0.1111,0.0000,0.0741,amorphous,0,37.232,20.0
352,9.317,0.0150,0.0000,0.0000,0.0500,amorphous,0,37.782,10.0
353,5.803,0.0500,0.0625,0.0000,0.0938,amorphous,0,19.702,10.0
354,22.524,0.1526,0.1053,0.1053,0.2632,intermediate,0,31.335,30.0
355,15.352,0.0757,0.0857,0.0571,0.0857,amorphous,0,46.439,20.0
356,10.612,0.0333,0.0513,0.0000,0.0513,amorphous,0,41.828,20.0
357,2.799,0.0342,0.0526,0.0000,0.0526,amorphous,0,28.814,6.0
358,9.239,0.0325,0.0500,0.0000,0.0500,amorphous,0,27.889,10.0
359,19.155,0.0350,0.1000,0.0000,0.0000,amorphous,0,31.205,20.0
360,8.094,0.0000,0.0000,0.0000,0.0000,amorphous,0,32.443,10.0
361,5.836,0.0371,0.0000,0.0571,0.0571,amorphous,0,21.467,6.0
362,10.808,0.0317,0.0488,0.0000,0.0488,amorphous,0,36.824,20.0
363,21.146,0.0762,0.0952,0.0000,0.1429,amorphous,0,31.374,30.0
364,14.012,0.0532,0.0968,0.0000,0.0645,amorphous,0,47.072,20.0
365,14.158,0.1031,0.0938,0.0938,0.1250,amorphous,0,48.525,20.0
366,8.646,0.0368,0.1053,0.0000,0.0000,amorphous,0,23.509,10.0
367,6.546,0.0359,0.0513,0.0513,0.0000,amorphous,0,35.310,10.0
368,15.985,0.0402,0.0732,0.0000,0.0488,amorphous,0,32.257,20.0
369,22.193,0.0687,0.1250,0.0000,0.0833,amorphous,0,33.243,30.0
370,19.076,0.0212,0.0606,0.0000,0.0000,amorphous,0,27.481,20.0
371,20.787,0.0786,0.1429,0.0000,0.0952,amorphous,0,54.925,30.0
372,7.371,0.0390,0.0488,0.0000,0.0732,amorphous,0,20.496,10.0
373,9.968,0.0368,0.1053,0.0000,0.0000,amorphous,0,29.944,10.0
374,9.717,0.0381,0.0476,0.0000,0.0714,amorphous,0,19.901,20.0
375,18.247,0.1125,0.1500,0.0000,0.2000,intermediate,0,47.875,20.0
376,10.257,0.0351,0.0541,0.0000,0.0541,amorphous,0,29.718,20.0
377,17.395,0.0547,0.0938,0.0625,0.0000,amorphous,0,30.074,20.0
378,5.576,0.0000,0.0000,0.0000,0.0000,amorphous,0,28.788,6.0
379,11.480,0.0368,0.0526,0.0526,0.0000,amorphous,0,22.264,20.0
380,6.426,0.0325,0.0500,0.0000,0.0500,amorphous,0,27.416,10.0
381,5.323,0.0394,0.0606,0.0000,0.0606,amorphous,0,19.675,6.0
382,16.738,0.0500,0.0909,0.0000,0.0606,amorphous,0,37.732,20.0
383,18.245,0.0207,0.0000,0.0000,0.0690,amorphous,0,45.433,20.0
384,4.802,0.0189,0.0541,0.0000,0.0000,amorphous,0,31.742,6.0
385,10.994,0.0167,0.0000,0.0476,0.0000,amorphous,0,21.762,20.0
386,18.464,0.0600,0.1143,0.0571,0.0000,amorphous,0,25.017,20.0
387,18.141,0.1368,0.2105,0.0000,0.2105,intermediate,0,50.040,20.0
388,6.228,0.0194,0.0000,0.0000,0.0645,amorphous,0,23.516,10.0
389,9.029,0.0184,0.0526,0.0000,0.0000,amorphous,0,20.258,10.0
390,7.146,0.0171,0.0000,0.0000,0.0571,amorphous,0,31.669,10.0
391,21.906,0.0792,0.0833,0.0000,0.1667,amorphous,0,28.276,30.0
392,21.687,0.0589,0.1071,0.0000,0.0714,amorphous,0,34.705,30.0
393,16.197,0.0485,0.0882,0.0000,0.0588,amorphous,0,44.517,20.0
394,12.435,0.0317,0.0488,0.0000,0.0488,amorphous,0,38.613,20.0
395,12.861,0.0244,0.0698,0.0000,0.0000,amorphous,0,20.949,20.0
396,12.322,0.0342,0.0526,0.0000,0.0526,amorphous,0,20.844,20.0
397,13.605,0.0184,0.0000,0.0526,0.0000,amorphous,0,26.422,20.0
398,16.133,0.0547,0.0938,0.0625,0.0000,amorphous,0,47.346,20.0
399,7.220,0.0212,0.0606,0.0000,0.0000,amorphous,0,20.427,10.0
400,15.994,0.0485,0.0606,0.0000,0.0909,amorphous,0,41.318,20.0
401,16.148,0.0700,0.1143,0.0857,0.0000,amorphous,0,33.632,20.0
402,7.402,0.0241,0.0690,0.0000,0.0000,amorphous,0,23.033,10.0
403,3.335,0.0000,0.0000,0.0000,0.0000,amorphous,0,22.251,6.0
404,9.103,0.0000,0.0000,0.0000,0.0000,amorphous,0,32.073,10.0
405,15.044,0.0622,0.0541,0.0541,0.0811,amorphous,0,38.621,20.0
406,8.174,0.0513,0.0513,0.0513,0.0513,amorphous,0,22.023,10.0
407,9.217,0.0250,0.0714,0.0000,0.0000,amorphous,0,19.741,10.0
408,5.029,0.0000,0.0000,0.0000,0.0000,amorphous,0,28.495,6.0
409,22.580,0.0778,0.1111,0.1111,0.0000,amorphous,0,44.303,30.0
410,12.841,0.0256,0.0732,0.0000,0.0000,amorphous,0,29.126,20.0
411,3.081,0.0394,0.0606,0.0000,0.0606,amorphous,0,26.279,6.0
412,20.077,0.0000,0.0000,0.0000,0.0000,amorphous,0,25.604,30.0
413,13.958,0.0516,0.0938,0.0000,0.0625,amorphous,0,45.200,20.0
414,7.094,0.0382,0.0588,0.0000,0.0588,amorphous,0,32.449,10.0
415,6.748,0.0476,0.0476,0.0476,0.0476,amorphous,0,22.714,10.0
416,13.530,0.0368,0.0526,0.0526,0.0000,amorphous,0,20.653,20.0
417,15.423,0.0276,0.0789,0.0000,0.0000,amorphous,0,22.329,20.0
418,7.274,0.0333,0.0513,0.0000,0.0513,amorphous,0,24.703,10.0
419,9.119,0.0269,0.0769,0.0000,0.0000,amorphous,0,23.982,10.0
420,16.859,0.0914,0.0690,0.1034,0.1034,amorphous,0,50.167,20.0
421,18.691,0.0382,0.0588,0.0000,0.0588,amorphous,0,23.706,20.0
422,16.778,0.0500,0.0857,0.0571,0.0000,amorphous,0,25.404,20.0
423,5.334,0.0200,0.0571,0.0000,0.0000,amorphous,0,18.850,6.0
424,19.510,0.0259,0.0741,0.0000,0.0000,amorphous,0,24.900,20.0
425,15.324,0.0433,0.0000,0.0667,0.0667,amorphous,0,43.655,20.0
426,13.927,0.0156,0.0444,0.0000,0.0000,amorphous,0,20.930,20.0
427,20.060,0.1100,0.2000,0.0000,0.1333,intermediate,0,56.187,30.0
428,18.453,0.0339,0.0968,0.0000,0.0000,amorphous,0,30.124,20.0
429,19.237,0.0607,0.1429,0.0000,0.0357,amorphous,0,33.372,20.0
430,14.745,0.0653,0.0833,0.0556,0.0556,amorphous,0,33.922,20.0
431,19.552,0.0444,0.0000,0.0000,0.1481,amorphous,0,28.275,20.0
432,8.746,0.0233,0.0667,0.0000,0.0000,amorphous,0,17.666,10.0
433,13.222,0.0276,0.0789,0.0000,0.0000,amorphous,0,20.205,20.0
434,17.007,0.0635,0.0811,0.0541,0.0541,amorphous,0,34.292,20.0
435,5.534,0.0364,0.0455,0.0000,0.0682,amorphous,0,17.202,6.0
436,20.636,0.0833,0.1667,0.0000,0.0833,amorphous,0,36.598,30.0
437,3.548,0.0179,0.0513,0.0000,0.0000,amorphous,0,18.953,6.0
438,17.938,0.0765,0.0588,0.0588,0.1176,amorphous,0,24.840,20.0
439,4.792,0.0400,0.0500,0.0000,0.0750,amorphous,0,17.249,6.0
440,8.902,0.0342,0.0526,0.0000,0.0526,amorphous,0,35.022,10.0
441,20.562,0.0591,0.0000,0.0909,0.0909,amorphous,0,38.005,30.0
442,5.691,0.0000,0.0000,0.0000,0.0000,amorphous,0,28.965,6.0
443,3.718,0.0000,0.0000,0.0000,0.0000,amorphous,0,25.248,6.0
444,14.035,0.0434,0.0789,0.0000,0.0526,amorphous,0,31.210,20.0
445,6.689,0.0212,0.0606,0.0000,0.0000,amorphous,0,18.287,10.0
446,16.502,0.0622,0.1081,0.0000,0.0811,amorphous,0,31.421,20.0
447,19.343,0.0765,0.1176,0.0000,0.1176,amorphous,0,53.214,20.0
448,21.812,0.0591,0.0909,0.0000,0.0909,amorphous,0,51.266,30.0
449,18.636,0.0437,0.0625,0.0625,0.0000,amorphous,0,23.830,20.0
450,5.316,0.0184,0.0526,0.0000,0.0000,amorphous,0,20.447,6.0
451,7.706,0.0473,0.0811,0.0541,0.0000,amorphous,0,22.219,10.0
452,16.735,0.0516,0.0645,0.0000,0.0968,amorphous,0,25.039,20.0
453,7.270,0.0171,0.0488,0.0000,0.0000,amorphous,0,17.292,10.0
454,17.287,0.0000,0.0000,0.0000,0.0000,amorphous,0,40.048,20.0
455,19.866,0.0233,0.0667,0.0000,0.0000,amorphous,0,27.420,20.0
456,5.695,0.0189,0.0000,0.0541,0.0000,amorphous,0,28.097,10.0
457,20.687,0.0226,0.0645,0.0000,0.0000,amorphous,0,34.678,30.0
458,19.873,0.0885,0.0769,0.0769,0.1154,amorphous,0,41.984,20.0
459,21.714,0.0889,0.1111,0.0000,0.1667,amorphous,0,28.294,30.0
460,4.829,0.0361,0.0556,0.0000,0.0556,amorphous,0,28.458,6.0
461,8.516,0.0361,0.0000,0.0556,0.0556,amorphous,0,21.124,10.0
462,15.175,0.0667,0.0667,0.0667,0.0667,amorphous,0,43.630,20.0
463,18.350,0.0917,0.1667,0.0000,0.1111,amorphous,0,52.323,20.0
464,17.629,0.0212,0.0606,0.0000,0.0000,amorphous,0,22.443,20.0
465,11.823,0.0175,0.0500,0.0000,0.0000,amorphous,0,38.757,20.0
466,13.322,0.0250,0.0714,0.0000,0.0000,amorphous,0,42.155,20.0
467,14.310,0.0276,0.0789,0.0000,0.0000,amorphous,0,25.927,20.0
468,3.806,0.0194,0.0000,0.0556,0.0000,amorphous,0,24.401,6.0
469,12.086,0.0158,0.0000,0.0000,0.0526,amorphous,0,31.307,20.0
470,8.336,0.0150,0.0000,0.0000,0.0500,amorphous,0,33.629,10.0
471,6.620,0.0194,0.0556,0.0000,0.0000,amorphous,0,32.399,10.0
472,3.036,0.0283,0.0435,0.0000,0.0435,amorphous,0,16.800,6.0
473,7.199,0.0194,0.0000,0.0556,0.0000,amorphous,0,16.253,10.0
474,17.379,0.0500,0.0500,0.0500,0.0500,amorphous,0,22.358,20.0
475,9.870,0.0350,0.0500,0.0500,0.0000,amorphous,0,35.267,20.0
476,11.424,0.0184,0.0526,0.0000,0.0000,amorphous,0,25.455,20.0
477,22.092,0.0979,0.1250,0.0833,0.0833,amorphous,0,32.023,30.0
478,9.438,0.0250,0.0714,0.0000,0.0000,amorphous,0,18.176,10.0
479,3.792,0.0231,0.0000,0.0000,0.0769,amorphous,0,15.009,6.0
480,13.218,0.0310,0.0476,0.0000,0.0476,amorphous,0,27.624,20.0
481,12.036,0.0250,0.0714,0.0000,0.0000,amorphous,0,24.797,20.0
482,6.927,0.0351,0.0541,0.0000,0.0541,amorphous,0,26.891,10.0
483,4.614,0.0317,0.0488,0.0000,0.0488,amorphous,0,16.324,6.0
484,15.259,0.0207,0.0000,0.0000,0.0690,amorphous,0,36.318,20.0
485,16.878,0.0660,0.1200,0.0000,0.0800,amorphous,0,48.605,20.0
486,20.482,0.0528,0.0000,0.0556,0.1111,amorphous,0,39.346,30.0
487,11.157,0.0333,0.0000,0.0513,0.0513,amorphous,0,37.168,20.0
488,10.092,0.0421,0.0000,0.0526,0.0789,amorphous,0,19.490,20.0
489,4.062,0.0154,0.0000,0.0000,0.0513,amorphous,0,15.142,6.0
490,12.174,0.0382,0.0588,0.0000,0.0588,amorphous,0,36.736,20.0
491,14.403,0.0571,0.0571,0.0571,0.0571,amorphous,0,41.440,20.0
492,4.909,0.0000,0.0000,0.0000,0.0000,amorphous,0,30.638,6.0
493,9.655,0.0163,0.0465,0.0000,0.0000,amorphous,0,17.386,10.0
494,11.124,0.0163,0.0465,0.0000,0.0000,amorphous,0,37.021,20.0
495,3.234,0.0200,0.0571,0.0000,0.0000,amorphous,0,17.525,6.0
496,14.769,0.0262,0.0750,0.0000,0.0000,amorphous,0,20.163,20.0
497,19.921,0.0914,0.1034,0.0690,0.1034,amorphous,0,28.877,20.0
498,11.150,0.0244,0.0698,0.0000,0.0000,amorphous,0,18.104,20.0
499,16.315,0.0212,0.0606,0.0000,0.0000,amorphous,0,44.822,20.0
500,11.926,0.0635,0.0541,0.0811,0.0541,amorphous,0,34.524,20.0
501,14.258,0.0488,0.0750,0.0000,0.0750,amorphous,0,21.845,20.0
502,20.068,0.0292,0.0833,0.0000,0.0000,amorphous,0,23.188,30.0
503,17.531,0.0212,0.0606,0.0000,0.0000,amorphous,0,26.152,20.0
504,4.302,0.0325,0.0500,0.0000,0.0500,amorphous,0,17.286,6.0
505,16.665,0.0189,0.0541,0.0000,0.0000,amorphous,0,27.813,20.0
506,10.738,0.0171,0.0488,0.0000,0.0000,amorphous,0,18.544,20.0
507,7.091,0.0433,0.0667,0.0000,0.0667,amorphous,0,15.081,10.0
508,5.260,0.0333,0.0513,0.0000,0.0513,amorphous,0,17.699,6.0
509,3.325,0.0200,0.0571,0.0000,0.0000,amorphous,0,20.735,6.0
510,10.095,0.0560,0.0714,0.0476,0.0476,amorphous,0,16.809,20.0
511,16.466,0.0433,0.0667,0.0000,0.0667,amorphous,0,45.367,20.0
512,10.532,0.0342,0.0526,0.0000,0.0526,amorphous,0,27.793,20.0
513,8.398,0.0333,0.0513,0.0000,0.0513,amorphous,0,24.339,10.0
514,4.609,0.0361,0.0556,0.0000,0.0556,amorphous,0,18.592,6.0
515,18.030,0.0382,0.0588,0.0000,0.0588,amorphous,0,21.555,20.0
516,20.982,0.0650,0.1000,0.0000,0.1000,amorphous,0,51.371,30.0
517,12.112,0.0333,0.0476,0.0476,0.0000,amorphous,0,16.962,20.0
518,22.400,0.0350,0.1000,0.0000,0.0000,amorphous,0,24.432,30.0
519,21.981,0.1176,0.1176,0.1176,0.1176,amorphous,0,51.420,30.0
520,8.933,0.0167,0.0476,0.0000,0.0000,amorphous,0,22.547,10.0
521,13.867,0.0663,0.0750,0.0500,0.0750,amorphous,0,22.672,20.0
522,17.974,0.0690,0.0690,0.0690,0.0690,amorphous,0,35.356,20.0
523,14.925,0.0341,0.0976,0.0000,0.0000,amorphous,0,25.700,20.0
524,14.607,0.0289,0.0444,0.0000,0.0444,amorphous,0,18.430,20.0
525,2.161,0.0206,0.0588,0.0000,0.0000,amorphous,0,15.756,6.0
526,16.878,0.0189,0.0541,0.0000,0.0000,amorphous,0,36.150,20.0
527,19.112,0.0448,0.0690,0.0000,0.0690,amorphous,0,45.195,20.0
528,18.106,0.0520,0.0800,0.0000,0.0800,amorphous,0,46.654,20.0
529,9.995,0.0333,0.0513,0.0000,0.0513,amorphous,0,34.964,10.0
530,13.255,0.0390,0.0488,0.0000,0.0732,amorphous,0,22.127,20.0
531,14.008,0.0284,0.0811,0.0000,0.0000,amorphous,0,27.494,20.0
532,19.036,0.0650,0.1000,0.0000,0.1000,amorphous,0,50.457,20.0
533,4.874,0.0564,0.0638,0.0426,0.0638,amorphous,0,15.113,6.0
534,13.930,0.0200,0.0571,0.0000,0.0000,amorphous,0,39.616,20.0
535,3.018,0.0250,0.0714,0.0000,0.0000,amorphous,0,19.704,6.0
536,4.347,0.0000,0.0000,0.0000,0.0000,amorphous,0,20.095,6.0
537,8.098,0.0000,0.0000,0.0000,0.0000,amorphous,0,26.972,10.0
538,18.858,0.0419,0.0645,0.0000,0.0645,amorphous,0,35.230,20.0
539,17.774,0.0485,0.0882,0.0000,0.0588,amorphous,0,20.088,20.0
540,16.664,0.0485,0.0882,0.0000,0.0588,amorphous,0,19.151,20.0
541,22.299,0.0650,0.1000,0.0000,0.1000,amorphous,0,30.939,30.0
542,5.094,0.0448,0.0690,0.0000,0.0690,amorphous,0,24.303,6.0
543,16.470,0.0368,0.1053,0.0000,0.0000,amorphous,0,27.727,20.0
544,6.812,0.0325,0.0500,0.0000,0.0500,amorphous,0,19.574,10.0
545,13.545,0.0367,0.0667,0.0000,0.0444,amorphous,0,35.979,20.0
546,15.465,0.0464,0.0714,0.0000,0.0714,amorphous,0,20.222,20.0
547,2.014,0.0302,0.0000,0.0465,0.0465,amorphous,0,15.983,6.0
548,19.522,0.0368,0.0000,0.1053,0.0000,amorphous,0,39.799,20.0
549,15.069,0.0542,0.0833,0.0000,0.0833,amorphous,0,40.097,20.0
550,5.225,0.0189,0.0541,0.0000,0.0000,amorphous,0,18.406,6.0
551,17.861,0.0742,0.0645,0.0645,0.0968,amorphous,0,23.918,20.0
552,9.461,0.0167,0.0476,0.0000,0.0000,amorphous,0,30.668,10.0
553,9.936,0.0350,0.0500,0.0500,0.0000,amorphous,0,31.877,10.0
554,19.922,0.0351,0.0541,0.0000,0.0541,amorphous,0,29.931,30.0
555,2.311,0.0000,0.0000,0.0000,0.0000,amorphous,0,27.363,6.0
556,22.323,0.0000,0.0000,0.0000,0.0000,amorphous,0,24.961,30.0
557,22.295,0.0500,0.0952,0.0476,0.0000,amorphous,0,22.926,30.0
558,5.223,0.0351,0.0541,0.0000,0.0541,amorphous,0,22.497,6.0
559,18.148,0.0342,0.0526,0.0000,0.0526,amorphous,0,28.497,20.0
560,21.499,0.0333,0.0952,0.0000,0.0000,amorphous,0,22.609,30.0
561,21.678,0.0542,0.0833,0.0000,0.0833,amorphous,0,23.915,30.0
562,19.280,0.0793,0.0690,0.0690,0.1034,amorphous,0,25.892,20.0
563,6.973,0.0206,0.0588,0.0000,0.0000,amorphous,0,14.093,10.0
564,18.553,0.0569,0.1034,0.0000,0.0690,amorphous,0,33.058,20.0
565,15.345,0.0175,0.0500,0.0000,0.0000,amorphous,0,19.444,20.0
566,10.113,0.0295,0.0455,0.0000,0.0455,amorphous,0,15.788,20.0
567,11.304,0.0463,0.0000,0.0488,0.0976,amorphous,0,33.683,20.0
568,14.406,0.0573,0.0732,0.0488,0.0488,amorphous,0,18.325,20.0
569,11.158,0.0427,0.0732,0.0488,0.0000,amorphous,0,27.881,20.0
570,14.152,0.0167,0.0476,0.0000,0.0000,amorphous,0,33.606,20.0
571,5.331,0.0271,0.0417,0.0000,0.0417,amorphous,0,13.734,6.0
572,5.340,0.0171,0.0000,0.0488,0.0000,amorphous,0,18.197,6.0
573,7.163,0.0351,0.0541,0.0000,0.0541,amorphous,0,16.912,10.0
574,9.730,0.0500,0.0769,0.0000,0.0769,amorphous,0,16.911,10.0
575,2.752,0.0226,0.0645,0.0000,0.0000,amorphous,0,15.548,6.0
576,7.556,0.0393,0.0714,0.0000,0.0476,amorphous,0,14.878,10.0
577,13.777,0.0446,0.0811,0.0000,0.0541,amorphous,0,17.654,20.0
578,18.151,0.0552,0.0690,0.0000,0.1034,amorphous,0,39.927,20.0
579,21.292,0.0722,0.1111,0.0000,0.1111,amorphous,0,39.507,30.0
580,6.487,0.0226,0.0645,0.0000,0.0000,amorphous,0,30.720,10.0
581,8.926,0.0375,0.0682,0.0000,0.0455,amorphous,0,15.808,10.0
582,17.240,0.0542,0.0833,0.0000,0.0833,amorphous,0,41.454,20.0
583,17.774,0.0182,0.0000,0.0000,0.0606,amorphous,0,21.492,20.0
584,7.328,0.0189,0.0541,0.0000,0.0000,amorphous,0,14.379,10.0
585,7.562,0.0317,0.0488,0.0000,0.0488,amorphous,0,13.111,10.0
586,20.545,0.0000,0.0000,0.0000,0.0000,amorphous,0,21.853,30.0
587,14.293,0.0488,0.0488,0.0488,0.0488,amorphous,0,27.839,20.0
588,17.565,0.0226,0.0645,0.0000,0.0000,amorphous,0,19.687,20.0
589,11.365,0.0421,0.0000,0.0526,0.0789,amorphous,0,19.565,20.0
590,14.756,0.0292,0.0833,0.0000,0.0000,amorphous,0,25.402,20.0
591,17.476,0.0550,0.1000,0.0000,0.0667,amorphous,0,43.615,20.0
592,11.939,0.0577,0.0769,0.0000,0.1026,amorphous,0,35.545,20.0
593,13.099,0.0171,0.0488,0.0000,0.0000,amorphous,0,17.712,20.0
594,11.450,0.0359,0.1026,0.0000,0.0000,amorphous,0,18.107,20.0
595,6.717,0.0526,0.0526,0.0526,0.0526,amorphous,0,17.230,10.0
596,21.173,0.0904,0.1923,0.0000,0.0769,amorphous,0,30.257,30.0
597,11.457,0.0269,0.0769,0.0000,0.0000,amorphous,0,25.501,20.0
598,5.479,0.0194,0.0000,0.0556,0.0000,amorphous,0,25.115,6.0
599,5.317,0.0200,0.0571,0.0000,0.0000,amorphous,0,20.866,6.0
600,21.672,0.0750,0.1364,0.0000,0.0909,amorphous,0,35.097,30.0
601,15.574,0.0419,0.0645,0.0000,0.0645,amorphous,0,41.101,20.0
602,8.433,0.0341,0.0488,0.0488,0.0000,amorphous,0,19.806,10.0
603,19.121,0.0464,0.0714,0.0000,0.0714,amorphous,0,19.654,20.0
604,5.193,0.0194,0.0000,0.0556,0.0000,amorphous,0,28.809,6.0
605,12.993,0.0179,0.0513,0.0000,0.0000,amorphous,0,31.832,20.0
606,5.259,0.0184,0.0526,0.0000,0.0000,amorphous,0,19.840,6.0
607,16.623,0.0516,0.0938,0.0000,0.0625,amorphous,0,39.190,20.0
608,17.079,0.0259,0.0741,0.0000,0.0000,amorphous,0,41.850,20.0
609,16.173,0.0351,0.0541,0.0000,0.0541,amorphous,0,18.978,20.0
610,15.596,0.0243,0.0000,0.0000,0.0811,amorphous,0,19.342,20.0
611,5.220,0.0171,0.0488,0.0000,0.0000,amorphous,0,12.915,6.0
612,11.272,0.0476,0.0732,0.0000,0.0732,amorphous,0,36.279,20.0
613,12.559,0.0256,0.0732,0.0000,0.0000,amorphous,0,15.370,20.0
614,20.780,0.0280,0.0800,0.0000,0.0000,amorphous,0,22.016,30.0
615,13.344,0.0233,0.0667,0.0000,0.0000,amorphous,0,22.898,20.0
616,3.671,0.0150,0.0000,0.0000,0.0500,amorphous,0,13.142,6.0
617,6.127,0.0228,0.0652,0.0000,0.0000,amorphous,0,13.961,10.0
618,18.771,0.0250,0.0000,0.0000,0.0833,amorphous,0,36.327,20.0
619,9.265,0.0367,0.0667,0.0000,0.0444,amorphous,0,14.483,10.0
620,21.061,0.0717,0.1304,0.0000,0.0870,amorphous,0,20.798,30.0
621,19.761,0.0714,0.1429,0.0000,0.0714,amorphous,0,25.216,20.0
622,11.779,0.0276,0.0789,0.0000,0.0000,amorphous,0,36.208,20.0
623,9.040,0.0333,0.0513,0.0000,0.0513,amorphous,0,28.861,10.0
624,20.037,0.0318,0.0909,0.0000,0.0000,amorphous,0,46.383,20.0
625,17.626,0.0389,0.0556,0.0556,0.0000,amorphous,0,29.167,20.0
626,4.558,0.0189,0.0000,0.0541,0.0000,amorphous,0,21.839,6.0
627,13.691,0.0339,0.0968,0.0000,0.0000,amorphous,0,37.128,20.0
628,17.279,0.0328,0.0938,0.0000,0.0000,amorphous,0,29.267,20.0
629,10.073,0.0476,0.0952,0.0000,0.0476,amorphous,0,19.078,10.0
630,5.700,0.0194,0.0000,0.0556,0.0000,amorphous,0,29.322,6.0
631,7.388,0.0342,0.0526,0.0000,0.0526,amorphous,0,11.950,10.0
632,13.152,0.0652,0.0870,0.0435,0.0652,amorphous,0,15.946,20.0
633,21.530,0.0304,0.0870,0.0000,0.0000,amorphous,0,23.663,30.0
634,4.230,0.0212,0.0606,0.0000,0.0000,amorphous,0,22.742,6.0
635,9.567,0.0525,0.1000,0.0500,0.0000,amorphous,0,17.646,10.0
636,4.042,0.0325,0.0500,0.0000,0.0500,amorphous,0,19.442,6.0
637,4.406,0.0194,0.0556,0.0000,0.0000,amorphous,0,23.358,6.0
638,10.670,0.0175,0.0500,0.0000,0.0000,amorphous,0,20.799,20.0
639,11.151,0.0543,0.0571,0.0000,0.1143,amorphous,0,30.529,20.0
640,18.711,0.0571,0.0000,0.0714,0.1071,amorphous,0,21.146,20.0
641,21.619,0.0409,0.0000,0.0000,0.1364,amorphous,0,22.532,30.0
642,9.714,0.0390,0.0488,0.0000,0.0732,amorphous,0,14.623,10.0
643,6.011,0.0333,0.0513,0.0000,0.0513,amorphous,0,18.108,6.0
644,16.763,0.0734,0.0938,0.0625,0.0625,amorphous,0,39.940,20.0
645,3.975,0.0333,0.0000,0.0513,0.0513,amorphous,0,12.336,6.0
646,5.853,0.0000,0.0000,0.0000,0.0000,amorphous,0,13.770,10.0
647,9.255,0.0511,0.0889,0.0000,0.0667,amorphous,0,13.463,10.0
648,22.259,0.0159,0.0000,0.0455,0.0000,amorphous,0,33.703,30.0
649,14.635,0.0444,0.0556,0.0000,0.0833,amorphous,0,36.114,20.0
650,18.297,0.0532,0.0968,0.0000,0.0645,amorphous,0,17.698,20.0
651,21.583,0.0184,0.0000,0.0526,0.0000,amorphous,0,21.597,30.0
652,4.514,0.0325,0.0500,0.0000,0.0500,amorphous,0,11.966,6.0
653,4.902,0.0342,0.0526,0.0000,0.0526,amorphous,0,20.977,6.0
654,9.511,0.0325,0.0500,0.0000,0.0500,amorphous,0,23.857,10.0
655,10.892,0.0453,0.0698,0.0000,0.0698,amorphous,0,19.312,20.0
656,12.237,0.0244,0.0698,0.0000,0.0000,amorphous,0,14.471,20.0
657,17.158,0.0206,0.0588,0.0000,0.0000,amorphous,0,18.885,20.0
658,19.597,0.1017,0.1034,0.0690,0.1379,amorphous,0,36.622,20.0
659,2.870,0.0179,0.0513,0.0000,0.0000,amorphous,0,13.375,6.0
660,16.761,0.0542,0.0833,0.0000,0.0833,amorphous,0,38.695,20.0
661,6.447,0.0361,0.0000,0.0556,0.0556,amorphous,0,12.373,10.0
662,3.586,0.0317,0.0488,0.0000,0.0488,amorphous,0,10.025,6.0
663,15.900,0.0542,0.0833,0.0000,0.0833,amorphous,0,19.217,20.0
664,16.195,0.0284,0.0811,0.0000,0.0000,amorphous,0,22.974,20.0
665,10.031,0.0475,0.0000,0.0500,0.1000,amorphous,0,31.673,10.0
666,22.397,0.0619,0.0952,0.0000,0.0952,amorphous,0,32.519,30.0
667,3.179,0.0143,0.0000,0.0000,0.0476,amorphous,0,11.523,6.0
668,12.180,0.0402,0.0732,0.0000,0.0488,amorphous,0,13.805,20.0
669,16.671,0.0371,0.0571,0.0000,0.0571,amorphous,0,16.632,20.0
670,18.703,0.0650,0.1000,0.0000,0.1000,amorphous,0,37.611,20.0
671,22.476,0.0619,0.0952,0.0000,0.0952,amorphous,0,29.323,30.0
672,19.762,0.0952,0.0952,0.0952,0.0952,amorphous,0,45.084,20.0
673,3.518,0.0184,0.0526,0.0000,0.0000,amorphous,0,23.934,6.0
674,20.033,0.0611,0.1111,0.0000,0.0741,amorphous,0,18.172,20.0
675,12.992,0.0200,0.0571,0.0000,0.0000,amorphous,0,37.665,20.0
676,15.458,0.0361,0.0556,0.0000,0.0556,amorphous,0,34.881,20.0
677,19.041,0.0696,0.1071,0.0000,0.1071,amorphous,0,24.557,20.0
678,11.513,0.0189,0.0541,0.0000,0.0000,amorphous,0,33.592,20.0
679,19.628,0.0700,0.1333,0.0667,0.0000,amorphous,0,42.310,20.0
680,15.880,0.0368,0.0526,0.0526,0.0000,amorphous,0,30.685,20.0
681,18.597,0.0000,0.0000,0.0000,0.0000,amorphous,0,42.938,20.0
682,13.595,0.0262,0.0750,0.0000,0.0000,amorphous,0,14.384,20.0
683,8.900,0.0368,0.0526,0.0526,0.0000,amorphous,0,32.727,10.0
684,16.330,0.0458,0.0833,0.0000,0.0556,amorphous,0,37.448,20.0
685,17.176,0.0309,0.0882,0.0000,0.0000,amorphous,0,24.182,20.0
686,19.489,0.0000,0.0000,0.0000,0.0000,amorphous,0,19.016,20.0
687,4.624,0.0171,0.0000,0.0488,0.0000,amorphous,0,12.482,6.0
688,7.610,0.0256,0.0732,0.0000,0.0000,amorphous,0,22.682,10.0
689,12.687,0.0256,0.0732,0.0000,0.0000,amorphous,0,15.294,20.0
690,7.408,0.0317,0.0488,0.0000,0.0488,amorphous,0,10.763,10.0
691,3.816,0.0394,0.0606,0.0000,0.0606,amorphous,0,11.759,6.0
692,2.173,0.0419,0.0645,0.0000,0.0645,amorphous,0,16.820,6.0
693,22.115,0.0762,0.0952,0.0000,0.1429,amorphous,0,24.967,30.0
694,7.273,0.0453,0.0698,0.0000,0.0698,amorphous,0,31.908,10.0
695,8.909,0.0378,0.0541,0.0541,0.0000,amorphous,0,18.551,10.0
696,4.425,0.0302,0.0465,0.0000,0.0465,amorphous,0,25.992,6.0
697,16.233,0.0342,0.0526,0.0000,0.0526,amorphous,0,21.668,20.0
698,4.126,0.0262,0.0750,0.0000,0.0000,amorphous,0,17.210,6.0
699,18.414,0.0565,0.0870,0.0000,0.0870,amorphous,0,42.170,20.0
700,2.962,0.0361,0.0556,0.0000,0.0556,amorphous,0,14.347,6.0
701,16.598,0.0269,0.0769,0.0000,0.0000,amorphous,0,23.376,20.0
702,12.973,0.0171,0.0488,0.0000,0.0000,amorphous,0,22.083,20.0
703,5.747,0.0333,0.0513,0.0000,0.0513,amorphous,0,11.177,6.0
704,14.626,0.1081,0.1622,0.0541,0.1081,amorphous,0,15.455,20.0
705,5.494,0.0361,0.0556,0.0000,0.0556,amorphous,0,9.646,6.0
706,20.960,0.0500,0.0769,0.0000,0.0769,amorphous,0,26.492,30.0
707,9.069,0.0175,0.0500,0.0000,0.0000,amorphous,0,13.386,10.0
708,6.140,0.0423,0.0769,0.0000,0.0513,amorphous,0,25.435,10.0
709,6.558,0.0146,0.0000,0.0000,0.0488,amorphous,0,9.959,10.0
710,21.657,0.0786,0.1429,0.0000,0.0952,amorphous,0,41.257,30.0
711,8.043,0.0351,0.0541,0.0000,0.0541,amorphous,0,10.809,10.0
712,16.034,0.0527,0.0811,0.0000,0.0811,amorphous,0,21.033,20.0
713,17.433,0.0471,0.0857,0.0000,0.0571,amorphous,0,25.592,20.0
714,13.933,0.0433,0.0667,0.0000,0.0667,amorphous,0,34.716,20.0
715,11.772,0.0359,0.0513,0.0513,0.0000,amorphous,0,16.152,20.0
716,9.832,0.0179,0.0513,0.0000,0.0000,amorphous,0,25.078,10.0
717,19.518,0.0241,0.0690,0.0000,0.0000,amorphous,0,26.787,20.0
718,13.847,0.0304,0.0870,0.0000,0.0000,amorphous,0,20.245,20.0
719,18.779,0.0922,0.1562,0.0000,0.1250,intermediate,0,16.144,20.0
720,4.215,0.0189,0.0541,0.0000,0.0000,amorphous,0,13.703,6.0
721,7.041,0.0175,0.0000,0.0500,0.0000,amorphous,0,14.761,10.0
722,8.850,0.0500,0.1000,0.0000,0.0500,amorphous,0,13.895,10.0
723,12.467,0.0446,0.0811,0.0000,0.0541,amorphous,0,14.474,20.0
724,21.255,0.0619,0.0952,0.0000,0.0952,amorphous,0,30.368,30.0
725,9.033,0.0326,0.0930,0.0000,0.0000,amorphous,0,10.927,10.0
726,9.523,0.0184,0.0526,0.0000,0.0000,amorphous,0,11.351,10.0
727,3.854,0.0361,0.0556,0.0000,0.0556,amorphous,0,19.217,6.0
728,5.386,0.0150,0.0000,0.0000,0.0500,amorphous,0,9.223,6.0
729,12.092,0.0393,0.0714,0.0000,0.0476,amorphous,0,18.020,20.0
730,3.457,0.0333,0.0476,0.0476,0.0000,amorphous,0,10.710,6.0
731,19.228,0.0780,0.1200,0.0000,0.1200,intermediate,0,39.405,20.0
732,14.989,0.0603,0.0769,0.0513,0.0513,amorphous,0,20.331,20.0
733,13.395,0.0351,0.0541,0.0000,0.0541,amorphous,0,23.026,20.0
734,20.684,0.0870,0.0870,0.0870,0.0870,amorphous,0,18.005,30.0
735,17.627,0.0406,0.0625,0.0000,0.0625,amorphous,0,29.019,20.0
736,14.029,0.0702,0.1190,0.0000,0.0952,amorphous,0,12.774,20.0
737,4.755,0.0194,0.0556,0.0000,0.0000,amorphous,0,18.114,6.0
738,16.314,0.0500,0.0769,0.0000,0.0769,amorphous,0,32.390,20.0
739,16.878,0.0187,0.0000,0.0000,0.0625,amorphous,0,17.912,20.0
740,19.533,0.0904,0.1154,0.0769,0.0769,amorphous,0,18.979,20.0
741,7.227,0.0171,0.0488,0.0000,0.0000,amorphous,0,11.643,10.0
742,17.177,0.0920,0.1600,0.0000,0.1200,intermediate,0,41.427,20.0
743,18.934,0.0241,0.0690,0.0000,0.0000,amorphous,0,23.816,20.0
744,9.558,0.0368,0.0526,0.0526,0.0000,amorphous,0,30.328,10.0
745,6.528,0.0361,0.0556,0.0000,0.0556,amorphous,0,14.412,10.0
746,9.360,0.0179,0.0000,0.0513,0.0000,amorphous,0,8.528,10.0
747,7.614,0.0310,0.0000,0.0476,0.0476,amorphous,0,11.257,10.0
748,2.343,0.0368,0.1053,0.0000,0.0000,amorphous,0,12.310,6.0
749,3.547,0.0156,0.0444,0.0000,0.0000,amorphous,0,10.376,6.0
750,22.250,0.0477,0.1364,0.0000,0.0000,amorphous,0,28.708,30.0
751,15.255,0.0452,0.1290,0.0000,0.0000,amorphous,0,38.463,20.0
752,21.195,0.0350,0.1000,0.0000,0.0000,amorphous,0,26.430,30.0
753,8.007,0.0171,0.0488,0.0000,0.0000,amorphous,0,28.544,10.0
754,17.799,0.1043,0.1143,0.0857,0.1143,amorphous,0,15.332,20.0
755,16.025,0.0194,0.0556,0.0000,0.0000,amorphous,0,15.521,20.0
756,10.397,0.0175,0.0500,0.0000,0.0000,amorphous,0,12.847,20.0
757,20.866,0.0611,0.1111,0.0000,0.0741,amorphous,0,22.194,30.0
758,15.479,0.0333,0.0513,0.0000,0.0513,amorphous,0,14.201,20.0
759,13.071,0.0359,0.0513,0.0513,0.0000,amorphous,0,28.023,20.0
760,22.238,0.1083,0.1667,0.0000,0.1667,intermediate,0,19.234,30.0
761,10.131,0.0536,0.0714,0.0000,0.0952,amorphous,0,32.567,10.0
762,11.035,0.0175,0.0500,0.0000,0.0000,amorphous,0,20.425,20.0
763,6.572,0.0000,0.0000,0.0000,0.0000,amorphous,0,20.650,10.0
764,15.596,0.0444,0.0556,0.0000,0.0833,amorphous,0,17.386,20.0
765,13.039,0.0171,0.0488,0.0000,0.0000,amorphous,0,26.173,20.0
766,11.078,0.0589,0.0667,0.0444,0.0667,amorphous,0,27.355,20.0
767,16.464,0.0542,0.0833,0.0000,0.0833,amorphous,0,33.750,20.0
768,22.291,0.0952,0.0952,0.0952,0.0952,amorphous,0,34.696,30.0
769,8.472,0.0590,0.0513,0.0513,0.0769,amorphous,0,12.838,10.0
770,11.645,0.0646,0.1220,0.0000,0.0732,amorphous,0,11.833,20.0
771,4.385,0.0382,0.0588,0.0000,0.0588,amorphous,0,16.259,6.0
772,6.132,0.0171,0.0000,0.0488,0.0000,amorphous,0,11.917,10.0
773,17.468,0.1259,0.1724,0.0690,0.1379,intermediate,0,16.042,20.0
774,7.163,0.0171,0.0488,0.0000,0.0000,amorphous,0,14.920,10.0
775,16.482,0.0550,0.1000,0.0000,0.0667,amorphous,0,13.736,20.0
776,20.779,0.0848,0.1304,0.0000,0.1304,intermediate,0,18.703,30.0
777,7.337,0.0000,0.0000,0.0000,0.0000,amorphous,0,8.182,10.0
778,19.188,0.0696,0.1071,0.0000,0.1071,amorphous,0,15.387,20.0
779,6.844,0.0171,0.0000,0.0488,0.0000,amorphous,0,29.456,10.0
780,5.532,0.0189,0.0541,0.0000,0.0000,amorphous,0,9.094,6.0
781,5.071,0.0333,0.0000,0.0513,0.0513,amorphous,0,27.566,6.0
782,21.821,0.0240,0.0000,0.0000,0.0800,amorphous,0,20.159,30.0
783,9.680,0.0359,0.1026,0.0000,0.0000,amorphous,0,15.710,10.0
784,5.996,0.0359,0.0513,0.0513,0.0000,amorphous,0,9.918,10.0
785,4.358,0.0167,0.0476,0.0000,0.0000,amorphous,0,7.705,6.0
786,17.331,0.0917,0.1667,0.0000,0.1111,amorphous,0,14.013,20.0
787,16.962,0.0485,0.0882,0.0000,0.0588,amorphous,0,32.524,20.0
788,18.410,0.0000,0.0000,0.0000,0.0000,amorphous,0,36.064,20.0
789,22.509,0.0889,0.1111,0.0000,0.1667,amorphous,0,21.997,30.0
790,14.154,0.0736,0.1389,0.0000,0.0833,amorphous,0,37.616,20.0
791,17.428,0.0650,0.1000,0.0000,0.1000,amorphous,0,13.529,20.0
792,18.481,0.0750,0.1154,0.0000,0.1154,amorphous,0,39.604,20.0
793,15.868,0.0712,0.0909,0.0606,0.0606,amorphous,0,15.794,20.0
794,10.913,0.0167,0.0476,0.0000,0.0000,amorphous,0,13.764,20.0
795,15.964,0.0516,0.0938,0.0000,0.0625,amorphous,0,28.385,20.0
796,12.020,0.0434,0.0789,0.0000,0.0526,amorphous,0,29.618,20.0
797,4.708,0.0156,0.0444,0.0000,0.0000,amorphous,0,8.238,6.0
798,17.148,0.0703,0.0938,0.0000,0.1250,amorphous,0,34.777,20.0
799,5.079,0.0317,0.0488,0.0000,0.0488,amorphous,0,7.337,6.0
800,10.560,0.0402,0.0732,0.0000,0.0488,amorphous,0,11.345,20.0
801,11.586,0.0511,0.0889,0.0000,0.0667,amorphous,0,10.528,20.0
802,17.819,0.0233,0.0667,0.0000,0.0000,amorphous,0,23.918,20.0
803,20.572,0.0979,0.1250,0.0833,0.0833,amorphous,0,40.021,30.0
804,9.356,0.0318,0.0455,0.0455,0.0000,amorphous,0,18.465,10.0
805,16.908,0.0361,0.0556,0.0000,0.0556,amorphous,0,21.106,20.0
806,7.379,0.0175,0.0500,0.0000,0.0000,amorphous,0,19.294,10.0
807,5.198,0.0382,0.0588,0.0000,0.0588,amorphous,0,10.664,6.0
808,14.575,0.0179,0.0513,0.0000,0.0000,amorphous,0,15.617,20.0
809,4.177,0.0488,0.0488,0.0488,0.0488,amorphous,0,13.341,6.0
810,7.779,0.0292,0.0833,0.0000,0.0000,amorphous,0,13.132,10.0
811,9.642,0.0150,0.0000,0.0000,0.0500,amorphous,0,8.372,10.0
812,3.674,0.0310,0.0476,0.0000,0.0476,amorphous,0,8.274,6.0
813,22.067,0.0650,0.1000,0.0000,0.1000,amorphous,0,16.938,30.0
814,9.761,0.0541,0.0541,0.0541,0.0541,amorphous,0,26.924,10.0
815,8.525,0.0189,0.0541,0.0000,0.0000,amorphous,0,14.687,10.0
816,11.926,0.0333,0.0513,0.0000,0.0513,amorphous,0,26.709,20.0
817,13.675,0.0434,0.0789,0.0000,0.0526,amorphous,0,10.089,20.0
818,19.716,0.0448,0.0690,0.0000,0.0690,amorphous,0,22.700,20.0
819,4.383,0.0150,0.0000,0.0000,0.0500,amorphous,0,22.523,6.0
820,17.423,0.0719,0.0625,0.0625,0.0938,amorphous,0,30.059,20.0
821,5.702,0.0342,0.0526,0.0000,0.0526,amorphous,0,10.699,6.0
822,15.601,0.0526,0.0526,0.0526,0.0526,amorphous,0,14.389,20.0
823,11.189,0.0140,0.0000,0.0000,0.0465,amorphous,0,9.626,20.0
824,6.614,0.0156,0.0444,0.0000,0.0000,amorphous,0,10.007,10.0
825,5.351,0.0333,0.0513,0.0000,0.0513,amorphous,0,24.027,6.0
826,11.475,0.0000,0.0000,0.0000,0.0000,amorphous,0,22.194,20.0
827,21.952,0.0660,0.1200,0.0000,0.0800,amorphous,0,37.644,30.0
828,19.163,0.0569,0.1034,0.0000,0.0690,amorphous,0,35.293,20.0
829,12.237,0.0000,0.0000,0.0000,0.0000,amorphous,0,10.597,20.0
830,15.597,0.0679,0.0769,0.0513,0.0769,amorphous,0,29.947,20.0
831,19.507,0.0000,0.0000,0.0000,0.0000,amorphous,0,15.361,20.0
832,3.208,0.0292,0.0833,0.0000,0.0000,amorphous,0,8.551,6.0
833,13.491,0.0317,0.0488,0.0000,0.0488,amorphous,0,17.961,20.0
834,6.439,0.0511,0.0889,0.0000,0.0667,amorphous,0,9.095,10.0
835,8.048,0.0341,0.0976,0.0000,0.0000,amorphous,0,7.133,10.0
836,8.431,0.0351,0.0541,0.0000,0.0541,amorphous,0,26.735,10.0
837,9.653,0.0561,0.0976,0.0000,0.0732,amorphous,0,30.620,10.0
838,6.419,0.0398,0.0682,0.0455,0.0000,amorphous,0,6.778,10.0
839,16.387,0.0625,0.0625,0.0625,0.0625,amorphous,0,25.956,20.0
840,18.900,0.0419,0.0645,0.0000,0.0645,amorphous,0,28.200,20.0
841,21.686,0.1587,0.3043,0.0000,0.1739,intermediate,0,15.105,30.0
842,14.423,0.0583,0.0833,0.0833,0.0000,amorphous,0,35.322,20.0
843,8.132,0.0407,0.0698,0.0465,0.0000,amorphous,0,12.050,10.0
844,7.650,0.0361,0.0556,0.0000,0.0556,amorphous,0,19.010,10.0
845,19.324,0.0717,0.1304,0.0000,0.0870,amorphous,0,42.357,20.0
846,13.570,0.0892,0.1622,0.0000,0.1081,amorphous,0,12.566,20.0
847,18.344,0.0424,0.0606,0.0606,0.0000,amorphous,0,20.806,20.0
848,20.450,0.1364,0.2727,0.0000,0.1364,intermediate,0,15.629,30.0
849,18.589,0.0500,0.0909,0.0000,0.0606,amorphous,0,15.687,20.0
850,21.732,0.0696,0.0000,0.0870,0.1304,amorphous,0,14.596,30.0
851,9.496,0.0371,0.0571,0.0000,0.0571,amorphous,0,6.771,10.0
852,16.538,0.0797,0.1351,0.0000,0.1081,amorphous,0,10.789,20.0
853,19.344,0.0241,0.0690,0.0000,0.0000,amorphous,0,16.784,20.0
854,10.569,0.0326,0.0465,0.0465,0.0000,amorphous,0,23.684,20.0
855,8.087,0.0159,0.0455,0.0000,0.0000,amorphous,0,19.553,10.0
856,6.606,0.0393,0.0714,0.0000,0.0476,amorphous,0,10.093,10.0
857,9.667,0.0310,0.0476,0.0000,0.0476,amorphous,0,16.532,10.0
858,18.643,0.0855,0.0968,0.0645,0.0968,amorphous,0,19.947,20.0
859,13.722,0.0631,0.0714,0.0476,0.0714,amorphous,0,14.721,20.0
860,8.629,0.0317,0.0488,0.0000,0.0488,amorphous,0,24.289,10.0
861,8.111,0.0179,0.0000,0.0513,0.0000,amorphous,0,12.166,10.0
862,22.095,0.0825,0.1500,0.0000,0.1000,amorphous,0,38.614,30.0
863,14.581,0.0548,0.0476,0.0476,0.0714,amorphous,0,12.482,20.0
864,16.202,0.1176,0.1471,0.0882,0.1176,amorphous,0,36.518,20.0
865,9.186,0.0000,0.0000,0.0000,0.0000,amorphous,0,7.103,10.0
866,17.237,0.0292,0.0833,0.0000,0.0000,amorphous,0,19.850,20.0
867,16.753,0.1128,0.1282,0.1282,0.0769,intermediate,0,18.589,20.0
868,17.266,0.1106,0.2121,0.0000,0.1212,intermediate,0,13.054,20.0
869,7.587,0.0488,0.0750,0.0000,0.0750,amorphous,0,9.898,10.0
870,8.725,0.0412,0.0750,0.0000,0.0500,amorphous,0,7.350,10.0
871,10.955,0.0443,0.0682,0.0000,0.0682,amorphous,0,7.921,20.0
872,15.649,0.0361,0.0556,0.0000,0.0556,amorphous,0,12.582,20.0
873,18.614,0.0618,0.1176,0.0588,0.0000,amorphous,0,18.344,20.0
874,8.832,0.0150,0.0000,0.0000,0.0500,amorphous,0,5.717,10.0
875,15.304,0.0765,0.1176,0.0000,0.1176,amorphous,0,31.677,20.0
876,9.647,0.0837,0.1250,0.0500,0.0750,amorphous,0,10.356,10.0
877,6.400,0.0149,0.0426,0.0000,0.0000,amorphous,0,12.659,10.0
878,12.244,0.0526,0.0526,0.0526,0.0526,amorphous,0,15.922,20.0
879,10.130,0.0342,0.0526,0.0000,0.0526,amorphous,0,11.566,20.0
880,22.088,0.0292,0.0833,0.0000,0.0000,amorphous,0,18.504,30.0
881,14.973,0.0325,0.0500,0.0000,0.0500,amorphous,0,12.796,20.0
882,17.012,0.0233,0.0667,0.0000,0.0000,amorphous,0,31.319,20.0
883,2.739,0.0310,0.0476,0.0000,0.0476,amorphous,0,5.832,6.0
884,16.885,0.1429,0.1714,0.1143,0.1429,intermediate,0,11.496,20.0
885,6.031,0.0167,0.0476,0.0000,0.0000,amorphous,0,16.658,10.0
886,15.260,0.1229,0.2286,0.0000,0.1429,intermediate,0,12.517,20.0
887,13.148,0.0671,0.0789,0.0000,0.1316,amorphous,0,34.455,20.0
888,9.148,0.0311,0.0444,0.0444,0.0000,amorphous,0,17.333,10.0
889,5.964,0.0310,0.0476,0.0000,0.0476,amorphous,0,12.296,10.0
890,12.040,0.0513,0.0513,0.0513,0.0513,amorphous,0,19.788,20.0
891,20.789,0.0833,0.0833,0.0833,0.0833,amorphous,0,29.069,30.0
892,13.951,0.0477,0.0909,0.0455,0.0000,amorphous,0,15.413,20.0
893,9.018,0.0333,0.0476,0.0476,0.0000,amorphous,0,17.250,10.0
894,19.892,0.0722,0.1111,0.0000,0.1111,amorphous,0,39.962,20.0
895,5.407,0.0167,0.0476,0.0000,0.0000,amorphous,0,6.712,6.0
896,6.627,0.0292,0.0833,0.0000,0.0000,amorphous,0,6.375,10.0
897,19.488,0.1325,0.2500,0.0000,0.1500,intermediate,0,41.354,20.0
898,13.579,0.0417,0.0714,0.0476,0.0000,amorphous,0,22.646,20.0
899,8.697,0.0464,0.0714,0.0000,0.0714,amorphous,0,22.028,10.0
900,6.764,0.0476,0.0476,0.0476,0.0476,amorphous,0,15.395,10.0
901,6.285,0.0276,0.0789,0.0000,0.0000,amorphous,0,8.872,6.0
902,8.291,0.0342,0.0526,0.0000,0.0526,amorphous,0,7.928,10.0
903,10.554,0.0256,0.0732,0.0000,0.0000,amorphous,0,23.475,20.0
904,14.102,0.0194,0.0556,0.0000,0.0000,amorphous,0,17.464,20.0
905,22.656,0.0333,0.0952,0.0000,0.0000,amorphous,0,27.965,30.0
906,6.930,0.0455,0.0455,0.0455,0.0455,amorphous,0,22.977,10.0
907,11.103,0.1128,0.2128,0.0000,0.1277,intermediate,0,8.079,20.0
908,7.088,0.0628,0.0769,0.1026,0.0000,amorphous,0,4.927,10.0
909,12.898,0.0179,0.0513,0.0000,0.0000,amorphous,0,9.166,20.0
910,21.471,0.0609,0.0870,0.0870,0.0000,amorphous,0,21.885,30.0
911,18.939,0.0233,0.0667,0.0000,0.0000,amorphous,0,17.144,20.0
912,21.998,0.0412,0.1176,0.0000,0.0000,amorphous,0,20.621,30.0
913,8.732,0.0171,0.0488,0.0000,0.0000,amorphous,0,7.423,10.0
914,4.344,0.0326,0.0930,0.0000,0.0000,amorphous,0,8.336,6.0
915,11.900,0.1333,0.2381,0.0000,0.1667,intermediate,0,9.652,20.0
916,15.393,0.0548,0.0952,0.0000,0.0714,amorphous,0,26.668,20.0
917,20.747,0.0780,0.1200,0.0000,0.1200,intermediate,0,12.935,30.0
918,15.945,0.0000,0.0000,0.0000,0.0000,amorphous,0,24.623,20.0
919,11.777,0.0317,0.0488,0.0000,0.0488,amorphous,0,20.625,20.0
920,8.779,0.0146,0.0417,0.0000,0.0000,amorphous,0,14.383,10.0
921,20.400,0.0714,0.0714,0.0714,0.0714,amorphous,0,22.317,30.0
922,10.662,0.0380,0.1087,0.0000,0.0000,amorphous,0,13.158,20.0
923,14.047,0.0359,0.0513,0.0513,0.0000,amorphous,0,13.708,20.0
924,10.212,0.0427,0.0732,0.0488,0.0000,amorphous,0,6.316,20.0
925,16.545,0.0179,0.0513,0.0000,0.0000,amorphous,0,15.159,20.0
926,15.102,0.0986,0.1351,0.0541,0.1081,amorphous,0,32.574,20.0
927,14.908,0.0679,0.1282,0.0000,0.0769,amorphous,0,8.824,20.0
928,14.086,0.0833,0.1282,0.0000,0.1282,intermediate,0,34.674,20.0
929,17.682,0.0419,0.0645,0.0000,0.0645,amorphous,0,9.894,20.0
930,8.629,0.0338,0.0750,0.0000,0.0250,amorphous,0,7.405,10.0
931,9.859,0.0167,0.0476,0.0000,0.0000,amorphous,0,13.650,10.0
932,11.242,0.0302,0.0465,0.0000,0.0465,amorphous,0,5.064,20.0
933,10.093,0.0364,0.0000,0.0455,0.0682,amorphous,0,9.592,20.0
934,20.251,0.0000,0.0000,0.0000,0.0000,amorphous,0,34.202,30.0
935,18.728,0.0406,0.0625,0.0000,0.0625,amorphous,0,10.532,20.0
936,19.049,0.0433,0.0667,0.0000,0.0667,amorphous,0,31.007,20.0
937,15.121,0.0471,0.0588,0.0000,0.0882,amorphous,0,7.823,20.0
938,8.382,0.0318,0.0909,0.0000,0.0000,amorphous,0,11.511,10.0
939,8.952,0.0256,0.0732,0.0000,0.0000,amorphous,0,27.078,10.0
940,8.060,0.0194,0.0556,0.0000,0.0000,amorphous,0,20.191,10.0
941,11.495,0.0398,0.0682,0.0455,0.0000,amorphous,0,20.855,20.0
942,5.640,0.0300,0.0857,0.0000,0.0000,amorphous,0,6.696,6.0
943,18.071,0.0635,0.1154,0.0000,0.0769,amorphous,0,36.604,20.0
944,17.728,0.0433,0.0667,0.0000,0.0667,amorphous,0,21.242,20.0
945,17.347,0.1308,0.1923,0.1154,0.0769,amorphous,0,37.600,20.0
946,18.474,0.1093,0.1852,0.0000,0.1481,intermediate,0,9.598,20.0
947,8.812,0.0417,0.0714,0.0476,0.0000,amorphous,0,25.697,10.0
948,21.048,0.0833,0.0833,0.0833,0.0833,amorphous,0,15.828,30.0
949,8.039,0.0325,0.0500,0.0000,0.0500,amorphous,0,4.560,10.0
950,20.951,0.0000,0.0000,0.0000,0.0000,amorphous,0,27.856,20.0
951,18.315,0.1152,0.1304,0.0870,0.1304,intermediate,0,39.374,20.0
952,14.862,0.0703,0.1081,0.0000,0.1081,amorphous,0,28.518,20.0
953,9.528,0.0512,0.0750,0.0500,0.0250,amorphous,0,5.860,10.0
954,11.808,0.0167,0.0476,0.0000,0.0000,amorphous,0,7.018,20.0
955,7.040,0.0175,0.0000,0.0500,0.0000,amorphous,0,9.687,10.0
956,22.403,0.0722,0.1111,0.0000,0.1111,amorphous,0,13.028,30.0
957,9.173,0.0423,0.0769,0.0000,0.0513,amorphous,0,14.115,10.0
958,12.416,0.0825,0.1000,0.0500,0.1000,amorphous,0,9.744,20.0
959,21.564,0.0583,0.0833,0.0833,0.0000,amorphous,0,17.403,30.0
960,10.827,0.0473,0.0811,0.0541,0.0000,amorphous,0,8.831,20.0
961,21.525,0.0684,0.1053,0.0000,0.1053,amorphous,0,11.907,30.0
962,11.311,0.0159,0.0455,0.0000,0.0000,amorphous,0,19.543,20.0
963,20.598,0.0500,0.0769,0.0000,0.0769,amorphous,0,31.910,30.0
964,15.333,0.0618,0.0789,0.0526,0.0526,amorphous,0,20.419,20.0
965,21.708,0.0467,0.1000,0.0333,0.0000,amorphous,0,21.352,30.0
966,16.223,0.0868,0.1471,0.0000,0.1176,amorphous,0,11.714,20.0
967,19.072,0.2140,0.2400,0.2000,0.2000,intermediate,0,13.732,20.0
968,12.280,0.0325,0.0000,0.0500,0.0500,amorphous,0,8.227,20.0
969,18.147,0.0419,0.0645,0.0000,0.0645,amorphous,0,26.473,20.0
970,6.506,0.0511,0.0889,0.0000,0.0667,amorphous,0,6.728,10.0
971,13.395,0.0000,0.0000,0.0000,0.0000,amorphous,0,5.705,20.0
972,22.622,0.1333,0.2667,0.0000,0.1333,intermediate,0,16.244,30.0
973,10.797,0.0326,0.0465,0.0465,0.0000,amorphous,0,19.070,20.0
974,12.753,0.0925,0.1000,0.1000,0.0750,amorphous,0,30.476,20.0
975,9.936,0.0656,0.1111,0.0000,0.0889,amorphous,0,5.987,20.0
976,8.508,0.0575,0.0500,0.0500,0.0750,amorphous,0,19.696,10.0
977,10.785,0.0250,0.0714,0.0000,0.0000,amorphous,0,3.526,20.0
978,7.789,0.0407,0.1163,0.0000,0.0000,amorphous,0,9.373,10.0
979,3.296,0.0417,0.1190,0.0000,0.0000,amorphous,0,4.276,6.0
980,13.400,0.0333,0.0513,0.0000,0.0513,amorphous,0,23.394,20.0
981,15.244,0.0500,0.0909,0.0000,0.0606,amorphous,0,6.205,20.0
982,9.056,0.0250,0.0714,0.0000,0.0000,amorphous,0,3.462,10.0
983,15.075,0.0525,0.1000,0.0500,0.0000,amorphous,0,14.594,20.0
984,16.596,0.0590,0.1026,0.0000,0.0769,amorphous,0,16.832,20.0
985,14.694,0.0629,0.0968,0.0000,0.0968,amorphous,0,29.393,20.0
986,11.457,0.0289,0.0444,0.0000,0.0444,amorphous,0,12.843,20.0
987,20.776,0.0500,0.1429,0.0000,0.0000,amorphous,0,29.883,30.0
988,18.119,0.0571,0.0571,0.0571,0.0571,amorphous,0,25.829,20.0
989,9.522,0.0156,0.0444,0.0000,0.0000,amorphous,0,9.322,10.0
990,17.661,0.0000,0.0000,0.0000,0.0000,amorphous,0,22.232,20.0
991,19.656,0.0667,0.0667,0.0667,0.0667,amorphous,0,20.753,20.0
992,16.603,0.0471,0.0857,0.0000,0.0571,amorphous,0,25.071,20.0
993,9.536,0.0256,0.0732,0.0000,0.0000,amorphous,0,7.494,10.0
994,5.610,0.0733,0.1163,0.0930,0.0000,amorphous,0,7.796,6.0
995,22.273,0.1844,0.3125,0.0000,0.2500,intermediate,0,11.243,30.0
996,11.005,0.0250,0.0714,0.0000,0.0000,amorphous,0,10.983,20.0
997,11.601,0.0573,0.0732,0.0488,0.0488,amorphous,0,23.530,20.0
998,6.223,0.0767,0.0930,0.0465,0.0930,amorphous,0,4.783,10.0
999,8.724,0.0398,0.0682,0.0455,0.0000,amorphous,0,5.963,10.0
1000,13.785,0.0361,0.0556,0.0000,0.0556,amorphous,0,12.493,20.0
1001,16.382,0.0464,0.0714,0.0000,0.0714,amorphous,0,31.239,20.0
1002,12.905,0.0622,0.0541,0.0541,0.0811,amorphous,0,7.312,20.0
1003,16.650,0.1750,0.3125,0.0000,0.2188,intermediate,0,9.291,20.0
1004,16.682,0.0922,0.1562,0.0000,0.1250,intermediate,0,7.458,20.0
1005,17.475,0.0500,0.0857,0.0571,0.0000,amorphous,0,13.041,20.0
1006,12.195,0.0372,0.0000,0.0465,0.0698,amorphous,0,10.323,20.0
1007,12.905,0.0179,0.0000,0.0513,0.0000,amorphous,0,12.887,20.0
1008,20.923,0.0467,0.1333,0.0000,0.0000,amorphous,0,32.333,30.0
1009,17.855,0.0382,0.0588,0.0000,0.0588,amorphous,0,10.880,20.0
1010,2.821,0.0417,0.1190,0.0000,0.0000,amorphous,0,4.379,6.0
1011,9.342,0.0380,0.1087,0.0000,0.0000,amorphous,0,3.461,10.0
1012,16.816,0.0839,0.1290,0.0000,0.1290,intermediate,0,36.002,20.0
1013,15.354,0.0548,0.0476,0.0476,0.0714,amorphous,0,21.923,20.0
1014,8.956,0.0389,0.0667,0.0444,0.0000,amorphous,0,10.834,10.0
1015,11.510,0.0415,0.0638,0.0000,0.0638,amorphous,0,18.176,20.0
1016,11.303,0.0361,0.0556,0.0000,0.0556,amorphous,0,21.827,20.0
1017,21.305,0.1763,0.3684,0.0000,0.1579,intermediate,0,13.367,30.0
1018,13.218,0.0605,0.1053,0.0000,0.0789,amorphous,0,31.520,20.0
1019,10.071,0.0476,0.0732,0.0000,0.0732,amorphous,0,9.856,20.0
1020,8.281,0.0152,0.0435,0.0000,0.0000,amorphous,0,11.452,10.0
1021,19.430,0.0280,0.0800,0.0000,0.0000,amorphous,0,19.475,20.0
1022,14.874,0.0631,0.0714,0.0476,0.0714,amorphous,0,22.614,20.0
1023,18.046,0.0464,0.0714,0.0000,0.0714,amorphous,0,9.272,20.0
1024,9.974,0.0646,0.0732,0.0488,0.0732,amorphous,0,6.871,20.0
1025,17.954,0.1767,0.3333,0.0000,0.2000,intermediate,0,10.723,20.0
1026,11.072,0.0449,0.0769,0.0513,0.0000,amorphous,0,13.031,20.0
1027,8.772,0.0728,0.0870,0.0652,0.0652,amorphous,0,9.967,10.0
1028,11.915,0.0458,0.0833,0.0000,0.0556,amorphous,0,2.773,20.0
1029,20.655,0.0000,0.0000,0.0000,0.0000,amorphous,0,14.913,30.0
1030,20.453,0.1852,0.2593,0.1111,0.1852,intermediate,0,10.059,30.0
1031,9.527,0.1237,0.2250,0.0000,0.1500,intermediate,0,6.405,10.0
1032,10.953,0.0433,0.0667,0.0000,0.0667,amorphous,0,17.146,20.0
1033,17.831,0.0361,0.0556,0.0000,0.0556,amorphous,0,9.910,20.0
1034,6.236,0.0333,0.0952,0.0000,0.0000,amorphous,0,4.843,10.0
1035,21.102,0.0318,0.0000,0.0909,0.0000,amorphous,0,23.056,30.0
1036,19.900,0.0486,0.0556,0.0833,0.0000,amorphous,0,16.290,20.0
1037,12.842,0.0473,0.0811,0.0541,0.0000,amorphous,0,4.238,20.0
1038,7.854,0.0464,0.0714,0.0000,0.0714,amorphous,0,3.113,10.0
1039,15.313,0.0179,0.0513,0.0000,0.0000,amorphous,0,16.589,20.0
1040,20.286,0.0481,0.0741,0.0000,0.0741,amorphous,0,12.275,30.0
1041,6.805,0.0512,0.0732,0.0732,0.0000,amorphous,0,2.468,10.0
1042,14.077,0.0542,0.0833,0.0000,0.0833,amorphous,0,26.441,20.0
1043,22.151,0.0619,0.0952,0.0000,0.0952,amorphous,0,12.972,30.0
1044,11.792,0.0350,0.0500,0.0500,0.0000,amorphous,0,13.922,20.0
1045,20.556,0.0591,0.0909,0.0000,0.0909,amorphous,0,8.831,30.0
1046,21.589,0.0650,0.1000,0.0000,0.1000,amorphous,0,9.845,30.0
1047,17.227,0.0571,0.1143,0.0000,0.0571,amorphous,0,7.458,20.0
1048,18.272,0.0550,0.1000,0.0000,0.0667,amorphous,0,7.320,20.0
1049,14.298,0.2187,0.3250,0.1500,0.1750,intermediate,0,6.679,20.0
1050,9.711,0.0269,0.0769,0.0000,0.0000,amorphous,0,11.452,10.0
1051,17.930,0.0660,0.1200,0.0000,0.0800,amorphous,0,32.910,20.0
1052,16.133,0.0241,0.0690,0.0000,0.0000,amorphous,0,4.579,20.0
1053,14.335,0.0523,0.0455,0.0455,0.0682,amorphous,0,16.568,20.0
1054,12.543,0.0612,0.1000,0.0750,0.0000,amorphous,0,1.834,20.0
1055,14.302,0.0000,0.0000,0.0000,0.0000,amorphous,0,3.832,20.0
1056,13.882,0.0417,0.1190,0.0000,0.0000,amorphous,0,12.425,20.0
1057,13.108,0.0295,0.0455,0.0000,0.0455,amorphous,0,10.201,20.0
1058,21.553,0.0000,0.0000,0.0000,0.0000,amorphous,0,23.388,30.0
1059,14.112,0.0812,0.1250,0.0000,0.1250,intermediate,0,25.373,20.0
1060,11.779,0.0575,0.0500,0.0500,0.0750,amorphous,0,25.174,20.0
1061,11.470,0.1333,0.2381,0.0000,0.1667,intermediate,0,5.877,20.0
1062,12.247,0.0302,0.0000,0.0465,0.0465,amorphous,0,17.068,20.0
1063,19.974,0.0868,0.1579,0.0000,0.1053,amorphous,0,33.154,20.0
1064,15.537,0.0419,0.0645,0.0000,0.0645,amorphous,0,27.301,20.0
1065,20.865,0.1325,0.2500,0.0000,0.1500,intermediate,0,12.939,30.0
1066,12.779,0.0427,0.0732,0.0488,0.0000,amorphous,0,6.890,20.0
1067,17.662,0.0500,0.0909,0.0000,0.0606,amorphous,0,11.280,20.0
1068,6.329,0.0449,0.1282,0.0000,0.0000,amorphous,0,2.948,10.0
1069,14.210,0.0184,0.0526,0.0000,0.0000,amorphous,0,7.480,20.0
1070,10.800,0.0625,0.0833,0.0000,0.1111,amorphous,0,5.384,20.0
1071,21.311,0.1283,0.2174,0.0000,0.1739,intermediate,0,8.441,30.0
1072,21.291,0.0929,0.1429,0.0000,0.1429,intermediate,0,9.138,30.0
1073,9.258,0.0310,0.0476,0.0000,0.0476,amorphous,0,7.873,20.0
1074,5.502,0.0798,0.0952,0.0714,0.0714,amorphous,0,5.110,6.0
1075,10.163,0.0156,0.0444,0.0000,0.0000,amorphous,0,10.810,20.0
1076,18.560,0.0645,0.0645,0.0645,0.0645,amorphous,0,10.578,20.0
1077,8.272,0.0269,0.0769,0.0000,0.0000,amorphous,0,7.009,10.0
1078,16.967,0.0513,0.0789,0.0000,0.0789,amorphous,0,16.388,20.0
1079,19.181,0.0583,0.1000,0.0667,0.0000,amorphous,0,13.996,20.0
1080,6.763,0.0262,0.0750,0.0000,0.0000,amorphous,0,2.724,10.0
1081,13.204,0.0512,0.0732,0.0732,0.0000,amorphous,0,2.782,20.0
1082,17.903,0.1385,0.2308,0.0000,0.1923,intermediate,0,10.242,20.0
1083,15.117,0.0427,0.0732,0.0488,0.0000,amorphous,0,13.014,20.0
1084,12.473,0.1061,0.1220,0.0976,0.0976,amorphous,0,26.972,20.0
1085,15.405,0.0788,0.1212,0.0000,0.1212,intermediate,0,32.419,20.0
1086,17.584,0.2274,0.3226,0.1613,0.1935,intermediate,0,9.948,20.0
1087,21.832,0.0870,0.0870,0.0870,0.0870,amorphous,0,15.892,30.0
1088,16.546,0.0318,0.0909,0.0000,0.0000,amorphous,0,4.678,20.0
1089,14.311,0.0757,0.0857,0.0571,0.0857,amorphous,0,1.460,20.0
1090,7.710,0.0548,0.0952,0.0000,0.0714,amorphous,0,1.445,10.0
1091,16.399,0.1250,0.1562,0.0938,0.1250,intermediate,0,5.212,20.0
1092,20.084,0.1083,0.1667,0.0000,0.1667,intermediate,0,39.296,30.0
1093,17.337,0.0481,0.0741,0.0000,0.0741,amorphous,0,4.645,20.0
1094,21.803,0.0000,0.0000,0.0000,0.0000,amorphous,0,15.256,30.0
1095,12.357,0.0184,0.0526,0.0000,0.0000,amorphous,0,6.372,20.0
1096,10.613,0.0526,0.0526,0.0526,0.0526,amorphous,0,14.433,20.0
1097,13.227,0.0417,0.0714,0.0476,0.0000,amorphous,0,15.921,20.0
1098,22.113,0.0389,0.1111,0.0000,0.0000,amorphous,0,26.447,30.0
1099,2.964,0.0541,0.1081,0.0000,0.0541,amorphous,0,4.023,6.0
1100,14.886,0.0722,0.1111,0.0000,0.1111,amorphous,0,30.594,20.0
1101,13.877,0.0512,0.0976,0.0488,0.0000,amorphous,0,9.837,20.0
1102,21.816,0.0786,0.1429,0.0000,0.0952,amorphous,0,9.433,30.0
1103,8.047,0.0359,0.1026,0.0000,0.0000,amorphous,0,2.112,10.0
1104,17.408,0.0639,0.1111,0.0000,0.0833,amorphous,0,24.380,20.0
1105,15.705,0.0423,0.0769,0.0000,0.0513,amorphous,0,9.547,20.0
1106,13.537,0.0525,0.1000,0.0500,0.0000,amorphous,0,10.513,20.0
1107,15.298,0.0378,0.0541,0.0541,0.0000,amorphous,0,10.103,20.0
1108,15.317,0.0437,0.0750,0.0500,0.0000,amorphous,0,20.242,20.0
1109,11.737,0.0302,0.0465,0.0000,0.0465,amorphous,0,8.171,20.0
1110,21.162,0.0660,0.1200,0.0000,0.0800,amorphous,0,28.788,30.0
1111,14.811,0.2514,0.3333,0.1944,0.2222,crystalline,0,7.250,20.0
1112,16.688,0.0000,0.0000,0.0000,0.0000,amorphous,0,2.384,20.0
1113,11.233,0.0318,0.0455,0.0455,0.0000,amorphous,0,13.673,20.0
1114,19.180,0.0516,0.0938,0.0000,0.0625,amorphous,0,21.802,20.0
1115,19.519,0.0250,0.0714,0.0000,0.0000,amorphous,0,23.652,20.0
1116,10.677,0.0570,0.0930,0.0698,0.0000,amorphous,0,7.640,20.0
1117,6.994,0.0375,0.0682,0.0000,0.0455,amorphous,0,2.085,10.0
1118,13.958,0.1053,0.1316,0.0789,0.1053,amorphous,0,27.474,20.0
1119,11.715,0.0239,0.0682,0.0000,0.0000,amorphous,0,0.566,20.0
1120,10.037,0.1156,0.1778,0.0000,0.1778,intermediate,0,3.362,20.0
1121,13.604,0.0378,0.0541,0.0541,0.0000,amorphous,0,4.441,20.0
1122,12.461,0.0437,0.0750,0.0500,0.0000,amorphous,0,17.840,20.0
1123,14.188,0.0159,0.0455,0.0000,0.0000,amorphous,0,14.819,20.0
1124,14.227,0.0326,0.0930,0.0000,0.0000,amorphous,0,0.711,20.0
1125,20.547,0.0375,0.1071,0.0000,0.0000,amorphous,0,16.228,30.0
1126,18.511,0.0219,0.0625,0.0000,0.0000,amorphous,0,7.057,20.0
1127,16.987,0.0448,0.0690,0.0000,0.0690,amorphous,0,7.834,20.0
1128,18.209,0.1741,0.2222,0.1481,0.1481,intermediate,0,35.487,20.0
1129,11.022,0.0619,0.0952,0.0000,0.0952,amorphous,0,6.078,20.0
1130,21.379,0.0650,0.1000,0.0000,0.1000,amorphous,0,6.688,30.0
1131,21.691,0.0333,0.0952,0.0000,0.0000,amorphous,0,26.242,30.0
1132,13.902,0.0292,0.0833,0.0000,0.0000,amorphous,0,1.401,20.0
1133,9.793,0.0228,0.0652,0.0000,0.0000,amorphous,0,1.616,10.0
1134,22.284,0.0952,0.0952,0.0952,0.0952,amorphous,0,16.891,30.0
1135,14.646,0.0159,0.0455,0.0000,0.0000,amorphous,0,15.752,20.0
1136,12.004,0.0400,0.0000,0.0500,0.0750,amorphous,0,21.886,20.0
1137,20.243,0.0958,0.1667,0.0000,0.1250,intermediate,0,6.259,30.0
1138,14.112,0.0351,0.0541,0.0000,0.0541,amorphous,0,23.472,20.0
1139,17.693,0.0885,0.1538,0.0000,0.1154,amorphous,0,3.869,20.0
1140,20.709,0.1130,0.1739,0.0000,0.1739,intermediate,0,32.798,30.0
1141,12.257,0.0437,0.0750,0.0500,0.0000,amorphous,0,4.180,20.0
1142,12.369,0.0890,0.1707,0.0000,0.0976,amorphous,0,1.764,20.0
1143,19.917,0.0448,0.0690,0.0000,0.0690,amorphous,0,21.555,20.0
1144,21.923,0.0000,0.0000,0.0000,0.0000,amorphous,0,11.225,30.0
1145,14.866,0.0184,0.0000,0.0526,0.0000,amorphous,0,12.030,20.0
1146,11.435,0.0372,0.0000,0.0465,0.0698,amorphous,0,7.618,20.0
1147,15.906,0.0631,0.1190,0.0000,0.0714,amorphous,0,19.911,20.0
1148,17.491,0.0532,0.0968,0.0000,0.0645,amorphous,0,7.880,20.0
1149,18.699,0.0200,0.0571,0.0000,0.0000,amorphous,0,13.349,20.0
1150,9.237,0.0634,0.0976,0.0000,0.0976,amorphous,0,3.286,10.0
1151,6.180,0.0557,0.0909,0.0682,0.0000,amorphous,0,0.787,10.0
1152,12.112,0.0171,0.0488,0.0000,0.0000,amorphous,0,19.284,20.0
1153,16.456,0.0361,0.0556,0.0000,0.0556,amorphous,0,23.896,20.0
1154,1.910,0.0631,0.1190,0.0000,0.0714,amorphous,0,0.550,6.0
1155,11.261,0.0548,0.0952,0.0000,0.0714,amorphous,0,6.961,20.0
1156,10.913,0.0250,0.0714,0.0000,0.0000,amorphous,0,6.097,20.0
1157,9.048,0.0544,0.0889,0.0667,0.0000,amorphous,0,-0.419,10.0
1158,21.525,0.0000,0.0000,0.0000,0.0000,amorphous,0,11.047,30.0
1159,10.891,0.0700,0.1250,0.0750,0.0000,amorphous,0,-0.318,20.0
1160,20.088,0.1891,0.3913,0.0000,0.1739,intermediate,0,7.783,20.0
1161,16.709,0.0219,0.0625,0.0000,0.0000,amorphous,0,9.256,20.0
1162,20.733,0.0867,0.1333,0.0000,0.1333,intermediate,0,33.872,30.0
1163,17.086,0.0292,0.0833,0.0000,0.0000,amorphous,0,11.943,20.0
1164,13.271,0.0398,0.1136,0.0000,0.0000,amorphous,0,1.948,20.0
1165,16.155,0.1156,0.1250,0.1250,0.0938,intermediate,0,2.526,20.0
1166,17.452,0.2683,0.4000,0.1667,0.2333,crystalline,0,6.874,20.0
1167,15.316,0.0625,0.1250,0.0000,0.0625,amorphous,0,-0.314,20.0
1168,20.893,0.0717,0.1304,0.0000,0.0870,amorphous,0,6.259,30.0
1169,13.712,0.0356,0.0444,0.0000,0.0667,amorphous,0,13.303,20.0
1170,22.468,0.0722,0.1111,0.0000,0.1111,amorphous,0,8.916,30.0
1171,17.637,0.0309,0.0882,0.0000,0.0000,amorphous,0,17.138,20.0
1172,15.837,0.0444,0.0556,0.0000,0.0833,amorphous,0,2.365,20.0
1173,20.969,0.0852,0.1481,0.0000,0.1111,amorphous,0,27.989,30.0
1174,6.982,0.0368,0.1053,0.0000,0.0000,amorphous,0,3.978,10.0
1175,15.792,0.0808,0.1538,0.0769,0.0000,amorphous,0,21.021,20.0
1176,16.868,0.0292,0.0833,0.0000,0.0000,amorphous,0,11.720,20.0
1177,20.791,0.1500,0.2727,0.0000,0.1818,intermediate,0,6.259,30.0
1178,10.258,0.1610,0.2927,0.0000,0.1951,intermediate,0,2.536,20.0
1179,14.192,0.0412,0.0750,0.0000,0.0500,amorphous,0,12.098,20.0
1180,12.192,0.0351,0.0541,0.0000,0.0541,amorphous,0,2.127,20.0
1181,10.754,0.0622,0.1081,0.0000,0.0811,amorphous,0,1.942,20.0
1182,16.986,0.0318,0.0909,0.0000,0.0000,amorphous,0,16.250,20.0
1183,9.696,0.0311,0.0889,0.0000,0.0000,amorphous,0,4.554,10.0
1184,15.981,0.0437,0.0750,0.0500,0.0000,amorphous,0,9.881,20.0
1185,15.191,0.0382,0.0588,0.0000,0.0588,amorphous,0,4.182,20.0
1186,22.084,0.0786,0.1429,0.0000,0.0952,amorphous,0,22.748,30.0
1187,15.262,0.0657,0.0571,0.0571,0.0857,amorphous,0,14.227,20.0
1188,11.684,0.0326,0.0465,0.0465,0.0000,amorphous,0,8.173,20.0
1189,20.365,0.0269,0.0769,0.0000,0.0000,amorphous,0,16.028,30.0
1190,12.877,0.0523,0.0909,0.0000,0.0682,amorphous,0,6.175,20.0
1191,16.069,0.0333,0.0513,0.0000,0.0513,amorphous,0,16.388,20.0
1192,18.638,0.0485,0.0882,0.0000,0.0588,amorphous,0,24.970,20.0
1193,7.245,0.0427,0.1220,0.0000,0.0000,amorphous,0,-0.733,10.0
1194,12.889,0.0156,0.0000,0.0444,0.0000,amorphous,0,20.051,20.0
1195,15.526,0.0722,0.1111,0.0000,0.1111,amorphous,0,28.924,20.0
1196,23.014,0.0184,0.0000,0.0526,0.0000,amorphous,0,14.797,30.0
1197,11.201,0.0318,0.0909,0.0000,0.0000,amorphous,0,3.367,20.0
1198,18.373,0.0318,0.0909,0.0000,0.0000,amorphous,0,13.744,20.0
1199,15.523,0.1574,0.3235,0.0000,0.1471,intermediate,0,3.071,20.0
1200,15.292,0.2553,0.3421,0.1842,0.2368,crystalline,0,4.311,20.0
1201,10.023,0.1062,0.1750,0.0000,0.1500,intermediate,0,1.203,10.0
1202,13.706,0.1232,0.1707,0.0976,0.0976,amorphous,0,23.043,20.0
1203,21.227,0.1100,0.2000,0.0000,0.1333,intermediate,0,29.848,30.0
1204,15.141,0.0262,0.0750,0.0000,0.0000,amorphous,0,8.725,20.0
1205,17.098,0.2406,0.2500,0.2500,0.2188,intermediate,0,6.473,20.0
1206,21.100,0.0687,0.1250,0.0000,0.0833,amorphous,0,10.642,30.0
1207,13.146,0.0250,0.0714,0.0000,0.0000,amorphous,0,7.502,20.0
1208,5.448,0.0656,0.1111,0.0000,0.0889,amorphous,0,-1.006,6.0
1209,12.685,0.0500,0.0870,0.0000,0.0652,amorphous,0,8.360,20.0
1210,5.467,0.0417,0.1190,0.0000,0.0000,amorphous,0,1.867,6.0
1211,9.260,0.0239,0.0682,0.0000,0.0000,amorphous,0,1.254,10.0
1212,12.977,0.0311,0.0444,0.0444,0.0000,amorphous,0,9.924,20.0
1213,13.038,0.0368,0.1053,0.0000,0.0000,amorphous,0,-1.898,20.0
1214,9.437,0.0284,0.0811,0.0000,0.0000,amorphous,0,-0.909,10.0
1215,20.803,0.0350,0.1000,0.0000,0.0000,amorphous,0,3.313,30.0
1216,20.360,0.0722,0.1111,0.0000,0.1111,amorphous,0,2.710,30.0
1217,11.349,0.1068,0.1081,0.0811,0.1351,amorphous,0,-1.277,20.0
1218,20.086,0.0871,0.0968,0.0968,0.0645,amorphous,0,17.949,20.0
1219,17.022,0.0400,0.0571,0.0571,0.0000,amorphous,0,16.301,20.0
1220,11.890,0.0256,0.0732,0.0000,0.0000,amorphous,0,1.490,20.0
1221,8.203,0.0750,0.1190,0.0952,0.0000,amorphous,0,2.107,10.0
1222,15.492,0.0350,0.0500,0.0500,0.0000,amorphous,0,16.041,20.0
1223,21.689,0.1250,0.1667,0.0000,0.2222,intermediate,0,9.435,30.0
1224,18.561,0.0000,0.0000,0.0000,0.0000,amorphous,0,3.628,20.0
1225,19.316,0.1385,0.2308,0.0000,0.1923,intermediate,0,29.520,20.0
1226,16.197,0.0244,0.0698,0.0000,0.0000,amorphous,0,9.018,20.0
1227,20.607,0.2000,0.3478,0.0000,0.2609,intermediate,0,8.352,30.0
1228,9.358,0.0812,0.1250,0.0000,0.1250,intermediate,0,-0.695,10.0
1229,15.446,0.0341,0.0488,0.0488,0.0000,amorphous,0,4.461,20.0
1230,20.803,0.2147,0.2353,0.1765,0.2353,intermediate,0,34.426,30.0
1231,15.806,0.0341,0.0976,0.0000,0.0000,amorphous,0,9.289,20.0
1232,19.890,0.1411,0.2500,0.0000,0.1786,intermediate,0,3.690,20.0
1233,18.366,0.0200,0.0571,0.0000,0.0000,amorphous,0,8.306,20.0
1234,14.775,0.0427,0.0732,0.0488,0.0000,amorphous,0,12.633,20.0
1235,12.997,0.0625,0.0833,0.0000,0.1111,amorphous,0,-0.690,20.0
1236,21.743,0.0684,0.1053,0.0000,0.1053,amorphous,0,25.650,30.0
1237,17.959,0.0852,0.1481,0.0000,0.1111,amorphous,0,32.319,20.0
1238,3.167,0.0733,0.1333,0.0000,0.0889,amorphous,0,-0.103,6.0
1239,15.672,0.0679,0.0769,0.0513,0.0769,amorphous,0,19.527,20.0
1240,19.158,0.0650,0.1000,0.0000,0.1000,amorphous,0,0.754,20.0
1241,11.424,0.0359,0.1026,0.0000,0.0000,amorphous,0,-1.893,20.0
1242,14.670,0.0262,0.0750,0.0000,0.0000,amorphous,0,7.051,20.0
1243,14.574,0.0182,0.0000,0.0000,0.0606,amorphous,0,3.994,20.0
1244,14.373,0.0476,0.0732,0.0000,0.0732,amorphous,0,15.503,20.0
1245,21.910,0.0750,0.1364,0.0000,0.0909,amorphous,0,5.807,30.0
1246,14.156,0.0670,0.1064,0.0851,0.0000,amorphous,0,2.738,20.0
1247,10.701,0.0389,0.1111,0.0000,0.0000,amorphous,0,4.498,20.0
1248,14.530,0.0743,0.1143,0.0000,0.1143,amorphous,0,24.380,20.0
1249,13.370,0.0175,0.0500,0.0000,0.0000,amorphous,0,4.811,20.0
1250,15.223,0.2078,0.2500,0.1562,0.2188,intermediate,0,3.864,20.0
1251,14.921,0.2792,0.3889,0.1944,0.2500,crystalline,0,3.508,20.0
1252,8.454,0.0538,0.1538,0.0000,0.0000,amorphous,0,-0.749,10.0
1253,17.764,0.0635,0.0811,0.0541,0.0541,amorphous,0,5.811,20.0
1254,10.274,0.1179,0.2143,0.0000,0.1429,intermediate,0,-0.078,20.0
1255,17.464,0.0167,0.0476,0.0000,0.0000,amorphous,0,12.804,20.0
1256,21.374,0.0396,0.0417,0.0000,0.0833,amorphous,0,8.515,30.0
1257,18.876,0.0533,0.0667,0.0000,0.1000,amorphous,0,4.600,20.0
1258,14.944,0.0421,0.0000,0.0526,0.0789,amorphous,0,18.175,20.0
1259,21.864,0.0687,0.1250,0.0000,0.0833,amorphous,0,11.398,30.0
1260,19.866,0.0520,0.0800,0.0000,0.0800,amorphous,0,6.796,20.0
1261,17.113,0.0488,0.0488,0.0488,0.0488,amorphous,0,10.989,20.0
1262,18.007,0.0500,0.0909,0.0000,0.0606,amorphous,0,20.283,20.0
1263,14.582,0.0233,0.0667,0.0000,0.0000,amorphous,0,14.597,20.0
1264,12.079,0.0427,0.1220,0.0000,0.0000,amorphous,0,4.797,20.0
1265,19.100,0.0269,0.0769,0.0000,0.0000,amorphous,0,1.013,20.0
1266,20.348,0.0467,0.0667,0.0667,0.0000,amorphous,0,10.459,30.0
1267,15.646,0.0419,0.0645,0.0000,0.0645,amorphous,0,2.555,20.0
1268,15.275,0.1543,0.2286,0.1143,0.1143,intermediate,0,0.333,20.0
1269,19.141,0.0625,0.1071,0.0714,0.0000,amorphous,0,11.324,20.0
1270,20.554,0.1093,0.1852,0.0000,0.1481,intermediate,0,24.737,30.0
1271,15.710,0.0350,0.0500,0.0500,0.0000,amorphous,0,9.321,20.0
1272,9.422,0.0718,0.1026,0.1026,0.0000,amorphous,0,3.391,10.0
1273,18.842,0.0667,0.0833,0.0000,0.1250,amorphous,0,26.323,20.0
1274,18.753,0.0786,0.1429,0.0000,0.0952,amorphous,0,0.619,20.0
1275,22.180,0.0565,0.0870,0.0000,0.0870,amorphous,0,25.133,30.0
1276,18.319,0.0983,0.1000,0.0667,0.1333,amorphous,0,29.830,20.0
1277,17.047,0.0771,0.1143,0.0571,0.0571,amorphous,0,16.154,20.0
1278,6.598,0.1111,0.1333,0.0889,0.1111,amorphous,0,0.148,10.0
1279,19.744,0.0457,0.0571,0.0000,0.0857,amorphous,0,13.086,20.0
1280,14.672,0.0605,0.0526,0.0526,0.0789,amorphous,0,15.241,20.0
1281,12.178,0.0328,0.0938,0.0000,0.0000,amorphous,0,-1.979,20.0
1282,12.149,0.1280,0.2195,0.0000,0.1707,intermediate,0,-0.297,20.0
1283,22.190,0.0542,0.0833,0.0000,0.0833,amorphous,0,23.117,30.0
1284,19.914,0.2062,0.2500,0.1250,0.2500,intermediate,0,30.607,20.0
1285,8.331,0.0670,0.0851,0.1064,0.0000,amorphous,0,-1.601,10.0
1286,14.865,0.0310,0.0476,0.0000,0.0476,amorphous,0,7.920,20.0
1287,9.003,0.0417,0.1190,0.0000,0.0000,amorphous,0,0.873,10.0
1288,16.521,0.0471,0.0588,0.0000,0.0882,amorphous,0,21.559,20.0
1289,22.149,0.0194,0.0000,0.0556,0.0000,amorphous,0,18.663,30.0
1290,13.667,0.0662,0.0882,0.0000,0.1176,amorphous,0,2.423,20.0
1291,21.866,0.0867,0.1333,0.0000,0.1333,intermediate,0,30.697,30.0
1292,12.967,0.0805,0.1463,0.0000,0.0976,amorphous,0,-2.502,20.0
1293,22.452,0.0618,0.1765,0.0000,0.0000,amorphous,0,13.820,30.0
1294,19.501,0.0636,0.0909,0.0909,0.0000,amorphous,0,9.146,20.0
1295,13.415,0.2075,0.4000,0.0000,0.2250,intermediate,0,1.006,20.0
1296,20.232,0.2150,0.4000,0.0000,0.2500,intermediate,0,3.935,30.0
1297,16.257,0.0839,0.1290,0.0000,0.1290,intermediate,0,25.439,20.0
1298,20.974,0.0717,0.1304,0.0000,0.0870,amorphous,0,11.581,30.0
1299,17.487,0.0894,0.1515,0.0000,0.1212,intermediate,0,28.449,20.0
1300,18.314,0.0389,0.0556,0.0556,0.0000,amorphous,0,8.988,20.0
1301,16.902,0.1365,0.1892,0.1081,0.1081,amorphous,0,18.515,20.0
1302,21.818,0.2250,0.3750,0.0000,0.3125,intermediate,0,7.580,30.0
1303,19.916,0.1317,0.2333,0.0000,0.1667,intermediate,0,25.718,20.0
1304,22.136,0.0650,0.1000,0.0000,0.1000,amorphous,0,8.949,30.0
1305,13.796,0.0547,0.1562,0.0000,0.0000,amorphous,0,-1.726,20.0
1306,15.928,0.1329,0.1579,0.1316,0.1053,intermediate,0,23.630,20.0
1307,21.075,0.2250,0.4091,0.0000,0.2727,intermediate,0,5.392,30.0
1308,9.510,0.0380,0.1087,0.0000,0.0000,amorphous,0,1.039,10.0
1309,18.021,0.1117,0.1667,0.0667,0.1000,amorphous,0,-1.234,20.0
1310,17.681,0.0533,0.0667,0.0000,0.1000,amorphous,0,2.283,20.0
1311,16.998,0.0259,0.0741,0.0000,0.0000,amorphous,0,-2.165,20.0
1312,14.362,0.0617,0.0851,0.0000,0.1064,amorphous,0,2.395,20.0
1313,13.279,0.0702,0.1277,0.0000,0.0851,amorphous,0,2.626,20.0
1314,16.492,0.0342,0.0526,0.0000,0.0526,amorphous,0,6.063,20.0
1315,15.655,0.0605,0.0930,0.0000,0.0930,amorphous,0,5.603,20.0
1316,7.538,0.1036,0.1190,0.0952,0.0952,amorphous,0,-1.274,10.0
1317,14.288,0.0464,0.0714,0.0000,0.0714,amorphous,0,7.212,20.0
1318,12.382,0.1033,0.2000,0.0000,0.1111,amorphous,0,-1.775,20.0
1319,22.436,0.0259,0.0741,0.0000,0.0000,amorphous,0,11.146,30.0
1320,11.359,0.0915,0.1220,0.0976,0.0488,amorphous,0,-2.037,20.0
1321,13.527,0.0516,0.0938,0.0000,0.0625,amorphous,0,-1.559,20.0
1322,17.379,0.0404,0.1154,0.0000,0.0000,amorphous,0,-3.608,20.0
1323,22.181,0.0786,0.1429,0.0000,0.0952,amorphous,0,6.729,30.0
1324,6.985,0.0933,0.1778,0.0889,0.0000,amorphous,0,-3.641,10.0
1325,10.514,0.0940,0.1667,0.0000,0.1190,amorphous,0,-4.043,20.0
1326,20.515,0.0389,0.1111,0.0000,0.0000,amorphous,0,11.033,30.0
1327,18.547,0.0500,0.0769,0.0000,0.0769,amorphous,0,-2.854,20.0
1328,19.540,0.1848,0.3043,0.0000,0.2609,intermediate,0,4.931,20.0
1329,18.282,0.0812,0.1250,0.0000,0.1250,intermediate,0,-1.000,20.0
1330,15.216,0.0535,0.0930,0.0000,0.0698,amorphous,0,3.895,20.0
1331,14.316,0.0189,0.0541,0.0000,0.0000,amorphous,0,2.795,20.0
1332,20.775,0.0975,0.1500,0.0000,0.1500,intermediate,0,33.386,30.0
1333,22.185,0.1175,0.1500,0.1000,0.1000,amorphous,0,14.715,30.0
1334,19.146,0.1788,0.3462,0.0000,0.1923,intermediate,0,1.349,20.0
1335,17.054,0.0309,0.0882,0.0000,0.0000,amorphous,0,6.686,20.0
1336,16.355,0.2297,0.3125,0.1562,0.2188,intermediate,0,0.512,20.0
1337,16.829,0.0448,0.0690,0.0000,0.0690,amorphous,0,0.207,20.0
1338,19.351,0.0519,0.0741,0.0741,0.0000,amorphous,0,8.469,20.0
1339,18.038,0.0719,0.0625,0.0625,0.0938,amorphous,0,15.639,20.0
1340,15.791,0.0488,0.0750,0.0000,0.0750,amorphous,0,7.331,20.0
1341,16.779,0.1077,0.1795,0.1282,0.0000,intermediate,0,18.980,20.0
1342,20.380,0.2250,0.4091,0.0000,0.2727,intermediate,0,4.581,30.0
1343,18.765,0.0571,0.0571,0.0571,0.0571,amorphous,0,12.251,20.0
1344,12.641,0.1095,0.1905,0.0000,0.1429,intermediate,0,-3.538,20.0
1345,19.694,0.0222,0.0000,0.0000,0.0741,amorphous,0,12.928,20.0
1346,11.259,0.0686,0.1163,0.0000,0.0930,amorphous,0,1.138,20.0
1347,16.235,0.0757,0.1429,0.0000,0.0857,amorphous,0,20.536,20.0
1348,15.122,0.0843,0.1429,0.0000,0.1143,amorphous,0,-4.161,20.0
1349,13.046,0.1083,0.1667,0.0000,0.1667,intermediate,0,-3.073,20.0
1350,20.371,0.0000,0.0000,0.0000,0.0000,amorphous,0,0.304,30.0
1351,19.048,0.0226,0.0645,0.0000,0.0000,amorphous,0,6.734,20.0
1352,18.879,0.0937,0.1875,0.0000,0.0938,amorphous,0,-2.753,20.0
1353,19.962,0.0500,0.0769,0.0000,0.0769,amorphous,0,16.748,20.0
1354,19.407,0.0800,0.0800,0.0800,0.0800,amorphous,0,22.525,20.0
1355,18.838,0.0400,0.0571,0.0571,0.0000,amorphous,0,10.752,20.0
1356,21.444,0.0687,0.1250,0.0000,0.0833,amorphous,0,17.625,30.0
1357,21.596,0.0650,0.1000,0.0000,0.1000,amorphous,0,26.985,30.0
1358,8.778,0.0732,0.1463,0.0000,0.0732,amorphous,0,0.094,10.0
1359,17.509,0.0591,0.0909,0.0000,0.0909,amorphous,0,-0.063,20.0
1360,21.181,0.0786,0.1429,0.0000,0.0952,amorphous,0,3.930,30.0
1361,21.320,0.0611,0.1111,0.0000,0.0741,amorphous,0,18.698,30.0
1362,12.603,0.0591,0.0909,0.0000,0.0909,amorphous,0,-3.090,20.0
1363,20.852,0.0457,0.1304,0.0000,0.0000,amorphous,0,14.124,30.0
1364,21.373,0.0304,0.0000,0.0870,0.0000,amorphous,0,5.054,20.0
1365,8.794,0.0966,0.1591,0.0000,0.1364,intermediate,0,-2.245,10.0
1366,14.848,0.0828,0.1562,0.0000,0.0938,amorphous,0,2.954,20.0
1367,16.451,0.0421,0.0526,0.0000,0.0789,amorphous,0,3.743,20.0
1368,9.059,0.1152,0.2174,0.0000,0.1304,intermediate,0,-4.797,10.0
1369,14.798,0.0412,0.1176,0.0000,0.0000,amorphous,0,-4.862,20.0
1370,21.618,0.1019,0.1923,0.0000,0.1154,amorphous,0,20.876,30.0
1371,20.398,0.0241,0.0000,0.0690,0.0000,amorphous,0,7.320,20.0
1372,19.600,0.1023,0.1364,0.0000,0.1818,intermediate,0,3.075,20.0
1373,20.055,0.0765,0.1176,0.0000,0.1176,amorphous,0,-2.309,20.0
1374,18.632,0.0394,0.0606,0.0000,0.0606,amorphous,0,7.189,20.0
1375,15.807,0.2217,0.2667,0.1667,0.2333,intermediate,0,0.161,20.0
1376,18.355,0.3214,0.4286,0.2143,0.3214,crystalline,0,1.954,20.0
1377,14.529,0.0244,0.0698,0.0000,0.0000,amorphous,0,3.433,20.0
1378,7.704,0.0878,0.1463,0.0000,0.1220,intermediate,0,-4.600,10.0
1379,19.936,0.1375,0.2500,0.0000,0.1667,intermediate,0,27.421,30.0
1380,19.249,0.0394,0.0606,0.0000,0.0606,amorphous,0,8.423,20.0
1381,15.790,0.0284,0.0811,0.0000,0.0000,amorphous,0,0.818,20.0
1382,18.814,0.0382,0.0588,0.0000,0.0588,amorphous,0,8.406,20.0
1383,18.383,0.0485,0.0606,0.0000,0.0909,amorphous,0,5.919,20.0
1384,20.741,0.0650,0.1000,0.0000,0.1000,amorphous,0,-2.494,30.0
1385,18.550,0.1000,0.1818,0.0000,0.1212,intermediate,0,-1.857,20.0
1386,15.108,0.1122,0.1951,0.0000,0.1463,intermediate,0,-1.152,20.0
1387,18.912,0.0844,0.0938,0.0938,0.0625,amorphous,0,12.662,20.0
1388,11.497,0.1190,0.1190,0.1190,0.1190,amorphous,0,-2.825,20.0
1389,15.298,0.0803,0.0909,0.0606,0.0909,amorphous,0,-3.081,20.0
1390,11.104,0.0389,0.1111,0.0000,0.0000,amorphous,0,-1.250,20.0
1391,7.600,0.0870,0.1739,0.0000,0.0870,amorphous,0,-3.768,10.0
1392,15.554,0.1353,0.2353,0.0000,0.1765,intermediate,0,-1.557,20.0
1393,14.602,0.1176,0.2353,0.0000,0.1176,amorphous,0,-5.719,20.0
1394,16.381,0.0821,0.1429,0.0000,0.1071,amorphous,0,-4.678,20.0
1395,13.556,0.1411,0.2000,0.0889,0.1333,intermediate,0,-2.464,20.0
1396,14.727,0.0276,0.0789,0.0000,0.0000,amorphous,0,1.842,20.0
1397,6.319,0.1056,0.1556,0.0889,0.0667,amorphous,0,-3.680,10.0
1398,17.275,0.0300,0.0857,0.0000,0.0000,amorphous,0,16.503,20.0
1399,22.741,0.0765,0.1176,0.0000,0.1176,amorphous,0,6.134,30.0
1400,14.070,0.0956,0.1471,0.0000,0.1471,intermediate,0,-5.715,20.0
1401,22.193,0.0420,0.1200,0.0000,0.0000,amorphous,0,10.126,30.0
1402,18.354,0.0619,0.0952,0.0000,0.0952,amorphous,0,-6.746,20.0
1403,20.320,0.0520,0.0800,0.0000,0.0800,amorphous,0,3.523,30.0
1404,13.400,0.1265,0.2353,0.0000,0.1471,intermediate,0,-4.043,20.0
1405,17.096,0.0371,0.0571,0.0000,0.0571,amorphous,0,7.439,20.0
1406,17.683,0.0526,0.1053,0.0000,0.0526,amorphous,0,10.578,20.0
1407,19.673,0.0933,0.1333,0.1333,0.0000,intermediate,0,13.746,20.0
1408,19.387,0.0625,0.0625,0.0625,0.0625,amorphous,0,1.607,20.0
1409,22.517,0.0667,0.0952,0.0952,0.0000,amorphous,0,12.133,30.0
1410,20.183,0.0696,0.0870,0.0000,0.1304,amorphous,0,26.462,30.0
1411,20.575,0.1955,0.3636,0.0000,0.2273,intermediate,0,22.625,30.0
1412,18.619,0.0273,0.0000,0.0000,0.0909,amorphous,0,0.525,20.0
1413,18.217,0.0697,0.0606,0.0606,0.0909,amorphous,0,12.208,20.0
1414,18.243,0.0767,0.1333,0.0000,0.1000,amorphous,0,22.159,20.0
1415,17.537,0.0729,0.2083,0.0000,0.0000,amorphous,0,-3.378,20.0
1416,19.036,0.0821,0.1429,0.0000,0.1071,amorphous,0,25.373,20.0
1417,18.358,0.0406,0.0625,0.0000,0.0625,amorphous,0,1.125,20.0
1418,18.262,0.0433,0.0667,0.0000,0.0667,amorphous,0,3.148,20.0
1419,21.476,0.0958,0.0833,0.0833,0.1250,amorphous,0,8.229,30.0
1420,16.902,0.0697,0.1316,0.0000,0.0789,amorphous,0,1.775,20.0
1421,15.644,0.1603,0.2069,0.1034,0.1724,intermediate,0,-2.509,20.0
1422,12.045,0.1073,0.1463,0.0976,0.0732,amorphous,0,-0.338,20.0
1423,20.062,0.0848,0.1304,0.0000,0.1304,intermediate,0,-1.419,30.0
1424,15.437,0.2200,0.4000,0.0000,0.2667,intermediate,0,-2.843,20.0
1425,17.947,0.0371,0.0571,0.0000,0.0571,amorphous,0,6.691,20.0
1426,7.400,0.1239,0.1522,0.1087,0.1087,amorphous,0,-5.464,10.0
1427,13.442,0.0500,0.1429,0.0000,0.0000,amorphous,0,-2.850,20.0
1428,11.189,0.1037,0.1707,0.0000,0.1463,intermediate,0,-6.142,20.0
1429,18.921,0.0382,0.0588,0.0000,0.0588,amorphous,0,7.577,20.0
1430,21.683,0.1147,0.1765,0.0000,0.1765,intermediate,0,30.198,30.0
1431,19.766,0.2024,0.3333,0.0000,0.2857,intermediate,0,1.174,20.0
1432,21.449,0.2548,0.2857,0.2381,0.2381,crystalline,0,28.528,30.0
1433,20.026,0.0589,0.1071,0.0000,0.0714,amorphous,0,-1.021,20.0
1434,18.855,0.0516,0.0645,0.0000,0.0968,amorphous,0,13.090,20.0
1435,22.353,0.1068,0.1364,0.0909,0.0909,amorphous,0,3.161,30.0
1436,22.109,0.0420,0.1200,0.0000,0.0000,amorphous,0,7.853,30.0
1437,17.734,0.0516,0.0938,0.0000,0.0625,amorphous,0,3.570,20.0
1438,14.881,0.0805,0.1463,0.0000,0.0976,amorphous,0,0.165,20.0
1439,19.776,0.0433,0.0667,0.0000,0.0667,amorphous,0,9.840,20.0
1440,18.121,0.0803,0.0909,0.0606,0.0909,amorphous,0,3.362,20.0
1441,21.515,0.0650,0.1000,0.0000,0.1000,amorphous,0,3.703,30.0
1442,15.461,0.0947,0.1579,0.0000,0.1316,intermediate,0,-1.964,20.0
1443,11.997,0.1533,0.2174,0.1087,0.1304,intermediate,0,-2.931,20.0
1444,11.577,0.1038,0.1282,0.1026,0.0769,amorphous,0,-1.878,20.0
1445,17.447,0.0569,0.1034,0.0000,0.0690,amorphous,0,-3.840,20.0
1446,19.107,0.1125,0.1786,0.1429,0.0000,intermediate,0,15.399,20.0
1447,20.908,0.1739,0.3478,0.0000,0.1739,intermediate,0,23.688,30.0
1448,17.890,0.0943,0.1714,0.0000,0.1143,amorphous,0,2.061,20.0
1449,10.889,0.0417,0.1190,0.0000,0.0000,amorphous,0,-2.234,20.0
1450,20.245,0.1795,0.3182,0.0000,0.2273,intermediate,0,-0.915,30.0
1451,17.031,0.0734,0.0938,0.0625,0.0625,amorphous,0,2.809,20.0
1452,20.005,0.0318,0.0909,0.0000,0.0000,amorphous,0,-1.081,20.0
1453,19.453,0.0200,0.0000,0.0000,0.0667,amorphous,0,5.221,20.0
1454,21.925,0.0481,0.0741,0.0000,0.0741,amorphous,0,9.565,30.0
1455,21.440,0.0280,0.0800,0.0000,0.0000,amorphous,0,6.327,30.0
1456,21.663,0.0261,0.0000,0.0000,0.0870,amorphous,0,9.461,30.0
1457,18.390,0.2167,0.3333,0.0000,0.3333,intermediate,0,-1.353,20.0
1458,21.835,0.1104,0.1250,0.0833,0.1250,intermediate,0,14.244,30.0
1459,10.669,0.0630,0.0870,0.0000,0.1087,amorphous,0,-4.757,20.0
1460,13.320,0.1275,0.1500,0.1500,0.0750,intermediate,0,-5.817,20.0
1461,9.096,0.0477,0.1364,0.0000,0.0000,amorphous,0,-4.293,10.0
1462,18.218,0.1176,0.1471,0.0882,0.1176,amorphous,0,-1.587,20.0
1463,15.515,0.0310,0.0000,0.0000,0.1034,amorphous,0,-7.058,20.0
1464,21.836,0.1000,0.1000,0.1000,0.1000,amorphous,0,19.152,30.0
1465,18.654,0.1587,0.3043,0.0000,0.1739,intermediate,0,-6.246,20.0
1466,12.965,0.1866,0.2439,0.1220,0.1951,intermediate,0,-6.993,20.0
1467,19.403,0.2068,0.3182,0.0000,0.3182,intermediate,0,-1.732,20.0
1468,18.606,0.1045,0.1818,0.0000,0.1364,intermediate,0,-6.039,20.0
1469,20.466,0.0404,0.1154,0.0000,0.0000,amorphous,0,3.483,20.0
1470,19.329,0.0696,0.0000,0.1071,0.1071,amorphous,0,-0.000,20.0
1471,21.896,0.0269,0.0769,0.0000,0.0000,amorphous,0,8.971,30.0
1472,15.816,0.1710,0.3226,0.0000,0.1935,intermediate,0,-7.782,20.0
1473,19.933,0.1154,0.2308,0.0000,0.1154,amorphous,0,21.530,20.0
1474,15.849,0.2250,0.2857,0.1429,0.2500,intermediate,0,-5.422,20.0
1475,18.978,0.0406,0.0625,0.0000,0.0625,amorphous,0,5.117,20.0
1476,22.112,0.1500,0.2727,0.0000,0.1818,intermediate,0,18.797,30.0
1477,16.906,0.0280,0.0800,0.0000,0.0000,amorphous,0,-7.921,20.0
1478,21.677,0.1026,0.1579,0.0000,0.1579,intermediate,0,26.436,30.0
1479,22.605,0.0350,0.1000,0.0000,0.0000,amorphous,0,14.473,30.0
1480,16.574,0.1104,0.2083,0.0000,0.1250,intermediate,0,-6.966,20.0
1481,18.930,0.0448,0.0690,0.0000,0.0690,amorphous,0,1.369,20.0
1482,22.194,0.0684,0.1053,0.0000,0.1053,amorphous,0,5.088,30.0
1483,19.689,0.0722,0.1111,0.0000,0.1111,amorphous,0,16.640,20.0
1484,18.151,0.1362,0.2414,0.0000,0.1724,intermediate,0,-5.374,20.0
1485,20.605,0.0650,0.1000,0.0000,0.1000,amorphous,0,18.257,30.0
1486,22.109,0.0684,0.0000,0.1053,0.1053,amorphous,0,1.846,30.0
1487,11.977,0.0857,0.1429,0.0000,0.1190,amorphous,0,-4.477,20.0
1488,16.955,0.0828,0.1562,0.0000,0.0938,amorphous,0,0.530,20.0
1489,21.539,0.0350,0.0000,0.1000,0.0000,amorphous,0,14.251,30.0
1490,11.355,0.1674,0.2791,0.0000,0.2326,intermediate,0,-8.383,20.0
1491,15.562,0.0530,0.1515,0.0000,0.0000,amorphous,0,-1.305,20.0
1492,12.765,0.1338,0.1250,0.1500,0.1250,intermediate,0,-6.708,20.0
1493,21.721,0.0800,0.0800,0.0800,0.0800,amorphous,0,10.633,30.0
1494,20.625,0.0304,0.0870,0.0000,0.0000,amorphous,0,6.476,20.0
1495,18.230,0.1580,0.2800,0.0000,0.2000,intermediate,0,-5.661,20.0
1496,14.290,0.1793,0.2195,0.1463,0.1707,intermediate,0,-5.988,20.0
1497,21.265,0.0565,0.0870,0.0000,0.0870,amorphous,0,2.754,30.0
1498,14.579,0.1917,0.3333,0.0000,0.2500,intermediate,0,-8.462,20.0
1499,18.725,0.2660,0.3600,0.1600,0.2800,crystalline,0,-4.367,20.0
1500,9.999,0.1221,0.2093,0.0000,0.1628,intermediate,0,-6.937,20.0
1501,18.364,0.1750,0.2857,0.0000,0.2500,intermediate,0,-7.105,20.0
1502,16.098,0.1643,0.2857,0.0000,0.2143,intermediate,0,-9.216,20.0
1503,11.641,0.0919,0.1628,0.0000,0.1163,amorphous,0,-5.931,20.0
1504,21.637,0.0667,0.0833,0.0000,0.1250,amorphous,0,3.726,30.0
1505,20.503,0.0292,0.0833,0.0000,0.0000,amorphous,0,3.218,30.0
1506,16.815,0.1077,0.1923,0.1154,0.0000,amorphous,0,-7.625,20.0
1507,17.125,0.0722,0.1111,0.0000,0.1111,amorphous,0,-1.888,20.0
1508,22.620,0.0619,0.0952,0.0000,0.0952,amorphous,0,5.897,30.0
1509,18.092,0.0812,0.1250,0.0000,0.1250,intermediate,0,-7.633,20.0
1510,13.841,0.2662,0.3000,0.2250,0.2750,crystalline,0,-7.654,20.0
1511,14.831,0.0538,0.1538,0.0000,0.0000,amorphous,0,-3.383,20.0
1512,18.860,0.0963,0.1481,0.0000,0.1481,intermediate,0,-1.786,20.0
1513,18.756,0.1477,0.2273,0.0000,0.2273,intermediate,0,-9.575,20.0
1514,22.252,0.1971,0.2353,0.1765,0.1765,intermediate,0,20.513,30.0
1515,21.803,0.0609,0.1739,0.0000,0.0000,amorphous,0,11.635,30.0
1516,17.998,0.1548,0.2381,0.0000,0.2381,intermediate,0,-6.242,20.0
1517,16.849,0.0409,0.0909,0.0000,0.0303,amorphous,0,-4.411,20.0
1518,17.498,0.0971,0.1765,0.0000,0.1176,amorphous,0,-1.746,20.0
1519,21.633,0.0194,0.0000,0.0556,0.0000,amorphous,0,1.012,30.0
1520,20.256,0.1283,0.2174,0.0000,0.1739,intermediate,0,-4.455,30.0
1521,22.028,0.0292,0.0833,0.0000,0.0000,amorphous,0,6.124,30.0
1522,20.900,0.0591,0.0909,0.0000,0.0909,amorphous,0,3.490,30.0
1523,20.961,0.0931,0.1379,0.0690,0.0690,amorphous,0,2.096,30.0
1524,11.249,0.1756,0.3111,0.0000,0.2222,intermediate,0,-9.139,20.0
1525,14.250,0.1878,0.3514,0.0000,0.2162,intermediate,0,-10.066,20.0
1526,21.299,0.0981,0.1111,0.0741,0.1111,amorphous,0,-0.300,30.0
1527,22.278,0.0591,0.0909,0.0000,0.0909,amorphous,0,3.344,30.0
1528,19.252,0.1362,0.2414,0.0000,0.1724,intermediate,0,-6.114,20.0
1529,22.046,0.0318,0.0909,0.0000,0.0000,amorphous,0,8.736,30.0
1530,11.064,0.1130,0.1739,0.0000,0.1739,intermediate,0,-8.797,20.0
1531,22.430,0.0389,0.1111,0.0000,0.0000,amorphous,0,2.805,30.0
1532,14.093,0.1303,0.2368,0.0000,0.1579,intermediate,0,-9.774,20.0
1533,16.633,0.0812,0.1250,0.0000,0.1250,intermediate,0,-3.172,20.0
1534,22.310,0.0000,0.0000,0.0000,0.0000,amorphous,0,5.710,30.0
1535,16.944,0.0742,0.1290,0.0000,0.0968,amorphous,0,-6.707,20.0
1536,17.117,0.0515,0.1471,0.0000,0.0000,amorphous,0,-3.109,20.0
1537,20.044,0.2294,0.3529,0.0000,0.3529,intermediate,0,-5.147,30.0
1538,13.950,0.1405,0.2381,0.0000,0.1905,intermediate,0,-6.607,20.0
1539,14.751,0.1202,0.1429,0.1190,0.0952,amorphous,0,-4.825,20.0
1540,22.467,0.0194,0.0000,0.0556,0.0000,amorphous,0,14.441,30.0
1541,22.137,0.1250,0.1250,0.1250,0.1250,intermediate,0,18.377,30.0
1542,21.526,0.0825,0.1500,0.0000,0.1000,amorphous,0,0.788,30.0
1543,15.356,0.1053,0.1053,0.1053,0.1053,amorphous,0,-5.544,20.0
1544,18.473,0.1536,0.1786,0.1071,0.1786,intermediate,0,-5.149,20.0
1545,16.462,0.1542,0.2500,0.0000,0.2222,intermediate,0,-6.687,20.0
1546,12.497,0.1089,0.3111,0.0000,0.0000,amorphous,0,-8.215,20.0
1547,20.146,0.0907,0.1852,0.0741,0.0000,amorphous,0,-0.135,30.0
1548,21.172,0.0750,0.1364,0.0000,0.0909,amorphous,0,-2.870,30.0
1549,12.251,0.0878,0.1463,0.0000,0.1220,intermediate,0,-7.673,20.0
1550,22.482,0.0971,0.1765,0.0000,0.1176,amorphous,0,13.471,30.0
1551,19.039,0.1533,0.2667,0.0000,0.2000,intermediate,0,-9.258,20.0
1552,13.184,0.1224,0.2368,0.0000,0.1316,intermediate,0,-10.479,20.0
1553,18.808,0.1174,0.1739,0.0870,0.0870,amorphous,0,-8.002,20.0
1554,16.624,0.0697,0.1212,0.0000,0.0909,amorphous,0,-7.206,20.0
1555,12.434,0.1137,0.1750,0.0000,0.1750,intermediate,0,-9.602,20.0
1556,17.683,0.1553,0.2632,0.0000,0.2105,intermediate,0,-11.455,20.0
1557,21.656,0.0886,0.1364,0.0000,0.1364,intermediate,0,-1.755,30.0
1558,18.039,0.0618,0.1765,0.0000,0.0000,amorphous,0,-4.578,20.0
1559,19.142,0.2304,0.4348,0.0000,0.2609,intermediate,0,-10.558,20.0
1560,21.410,0.1200,0.1200,0.1200,0.1200,intermediate,0,-2.319,30.0
1561,16.425,0.1903,0.3226,0.0000,0.2581,intermediate,0,-12.053,20.0
1562,16.146,0.1069,0.1944,0.1111,0.0000,amorphous,0,-10.329,20.0
1563,21.038,0.0500,0.1429,0.0000,0.0000,amorphous,0,-1.850,30.0
1564,22.507,0.0389,0.1111,0.0000,0.0000,amorphous,0,0.087,30.0
1565,17.332,0.1000,0.1379,0.0000,0.1724,intermediate,0,-6.219,20.0
1566,22.037,0.1179,0.2143,0.0000,0.1429,intermediate,0,-3.618,30.0
1567,16.686,0.1129,0.2000,0.0000,0.1429,intermediate,0,-6.728,20.0
1568,19.435,0.1259,0.2414,0.0000,0.1379,intermediate,0,-5.475,20.0
1569,14.832,0.0812,0.1250,0.0000,0.1250,intermediate,0,-9.125,20.0
1570,20.472,0.0875,0.2500,0.0000,0.0000,amorphous,0,-3.993,30.0
1571,15.880,0.2987,0.3158,0.2895,0.2895,crystalline,0,-11.223,20.0
1572,19.480,0.1609,0.2609,0.0870,0.1304,intermediate,0,-11.037,20.0
1573,16.875,0.1129,0.2000,0.0000,0.1429,intermediate,0,-6.838,20.0
1574,15.429,0.1671,0.1842,0.1579,0.1579,intermediate,0,-8.819,20.0
1575,21.675,0.0972,0.2778,0.0000,0.0000,amorphous,0,-5.939,30.0
1576,20.126,0.2091,0.3636,0.0000,0.2727,intermediate,0,-9.686,30.0
1577,20.255,0.0917,0.1667,0.0000,0.1111,amorphous,0,-7.521,30.0
1578,14.308,0.2631,0.3095,0.2381,0.2381,crystalline,0,-12.517,20.0
1579,16.952,0.2397,0.4483,0.0000,0.2759,intermediate,0,-13.572,20.0
1580,16.564,0.2015,0.3235,0.0000,0.2941,intermediate,0,-12.817,20.0
1581,15.480,0.0961,0.1842,0.0000,0.1053,amorphous,0,-10.455,20.0
1582,18.215,0.1120,0.2000,0.1200,0.0000,intermediate,0,-11.811,20.0
1583,18.875,0.2625,0.4500,0.0000,0.3500,crystalline,0,-13.770,20.0
1584,20.045,0.2312,0.3750,0.0000,0.3333,intermediate,0,-11.368,30.0
1585,18.051,0.1844,0.3125,0.0000,0.2500,intermediate,0,-10.186,20.0
1586,17.554,0.0757,0.1429,0.0000,0.0857,amorphous,0,-8.158,20.0
1587,20.880,0.0975,0.1500,0.0000,0.1500,intermediate,0,-6.446,30.0
1588,15.319,0.1900,0.3500,0.0000,0.2250,intermediate,0,-11.642,20.0
1589,20.892,0.0667,0.1905,0.0000,0.0000,amorphous,0,-5.401,30.0
1590,16.459,0.2917,0.4333,0.2000,0.2333,crystalline,0,-14.339,20.0
1591,16.576,0.1359,0.1875,0.0938,0.1250,intermediate,0,-10.422,20.0
1592,17.561,0.1970,0.3030,0.0000,0.3030,intermediate,0,-11.933,20.0
1593,21.280,0.0971,0.1765,0.0000,0.1176,amorphous,0,-8.054,30.0
1594,16.730,0.1833,0.2727,0.1212,0.1515,intermediate,0,-14.033,20.0
1595,15.730,0.2041,0.3514,0.0000,0.2703,intermediate,0,-13.457,20.0
1596,21.834,0.2625,0.4500,0.0000,0.3500,crystalline,0,-10.416,30.0
1597,19.985,0.1853,0.3529,0.1765,0.0000,intermediate,0,-15.183,20.0
1598,20.620,0.1500,0.2727,0.0000,0.1818,intermediate,0,-7.800,30.0
1599,20.282,0.0885,0.1538,0.0000,0.1154,amorphous,0,-10.712,30.0
1600,16.059,0.1405,0.2162,0.0000,0.2162,intermediate,0,-13.164,20.0
1601,19.209,0.1586,0.2759,0.0000,0.2069,intermediate,0,-10.630,20.0
1602,20.706,0.0963,0.1481,0.0000,0.1481,intermediate,0,-9.711,30.0
1603,18.019,0.1750,0.3125,0.0000,0.2188,intermediate,0,-12.415,20.0
1604,20.934,0.1636,0.2727,0.0000,0.2273,intermediate,0,-10.968,30.0
1605,22.309,0.1553,0.2632,0.0000,0.2105,intermediate,0,-7.494,30.0
1606,20.771,0.1000,0.1739,0.0000,0.1304,intermediate,0,-9.077,30.0
1607,17.261,0.1300,0.2000,0.0000,0.2000,intermediate,0,-14.770,20.0
1608,19.311,0.2071,0.2857,0.1429,0.1905,intermediate,0,-15.732,20.0
1609,18.609,0.1593,0.1852,0.1111,0.1852,intermediate,0,-12.094,20.0
1610,21.390,0.0786,0.1429,0.0000,0.0952,amorphous,0,-11.560,30.0
1611,19.205,0.2100,0.3600,0.0000,0.2800,intermediate,0,-16.322,20.0
1612,18.241,0.1241,0.2069,0.0000,0.1724,intermediate,0,-14.029,20.0
1613,19.971,0.1060,0.2000,0.0000,0.1200,intermediate,0,-14.659,20.0
1614,20.127,0.2042,0.3333,0.0000,0.2917,intermediate,0,-15.496,30.0
1615,19.707,0.3360,0.4800,0.2400,0.2800,crystalline,0,-17.791,20.0
1616,21.067,0.1205,0.2273,0.0000,0.1364,intermediate,0,-12.975,30.0
1617,20.944,0.2529,0.2941,0.1765,0.2941,crystalline,0,-18.032,30.0
1618,22.631,0.1437,0.2500,0.0000,0.1875,intermediate,0,-11.452,30.0
1619,19.133,0.2056,0.3333,0.0000,0.2963,intermediate,0,-16.925,20.0
1620,20.480,0.2130,0.3478,0.0000,0.3043,intermediate,0,-17.162,30.0
1621,21.538,0.1500,0.3000,0.0000,0.1500,intermediate,0,-12.921,30.0
1622,20.803,0.1119,0.1429,0.0952,0.0952,amorphous,0,-15.268,30.0
1623,20.265,0.2000,0.3478,0.0000,0.2609,intermediate,0,-18.542,30.0
1624,21.111,0.1870,0.3478,0.0000,0.2174,intermediate,0,-15.947,30.0
1625,22.272,0.2324,0.4118,0.0000,0.2941,intermediate,0,-16.179,30.0
1626,21.079,0.1341,0.2273,0.0000,0.1818,intermediate,0,-18.339,30.0
1627,21.036,0.2521,0.3750,0.1667,0.2083,crystalline,0,-17.687,30.0
1628,21.816,0.1500,0.2000,0.1000,0.1500,intermediate,0,-17.549,30.0
