ca_index,d_p_A,crystallinity,frac_a,frac_c,frac_384,phase,domain,axial_A,shell_bfac
0,17.332,0.0903,0.1389,0.0000,0.1389,intermediate,0,43.500,20.0
1,19.094,0.1154,0.1538,0.0769,0.1154,amorphous,0,47.584,20.0
2,16.434,0.1179,0.2051,0.0000,0.1538,intermediate,0,40.065,20.0
3,12.489,0.0951,0.1463,0.0000,0.1463,intermediate,0,41.381,20.0
4,12.240,0.0650,0.1000,0.0000,0.1000,amorphous,0,44.741,20.0
5,20.988,0.0767,0.1333,0.0000,0.1000,amorphous,0,44.978,30.0
6,14.059,0.0987,0.1750,0.0000,0.1250,intermediate,0,41.142,20.0
7,18.102,0.1485,0.1765,0.1471,0.1176,intermediate,0,44.813,20.0
8,15.454,0.0878,0.1463,0.0000,0.1220,intermediate,0,41.857,20.0
9,21.469,0.0886,0.1364,0.0000,0.1364,intermediate,0,48.153,30.0
10,16.577,0.1031,0.1875,0.0000,0.1250,intermediate,0,48.266,20.0
11,13.349,0.1179,0.2051,0.0000,0.1538,intermediate,0,38.413,20.0
12,18.629,0.1183,0.1667,0.0000,0.2000,intermediate,0,50.819,20.0
13,21.399,0.0975,0.1500,0.0000,0.1500,intermediate,0,50.329,30.0
14,16.013,0.1137,0.1750,0.0000,0.1750,intermediate,0,38.984,20.0
15,13.434,0.0443,0.0682,0.0000,0.0682,amorphous,0,43.429,20.0
16,17.399,0.1036,0.2143,0.0000,0.0952,amorphous,0,41.377,20.0
17,21.816,0.1093,0.1852,0.0000,0.1481,intermediate,0,43.962,30.0
18,20.643,0.0897,0.1379,0.0000,0.1379,intermediate,0,42.387,30.0
19,16.627,0.1453,0.2558,0.0000,0.1860,intermediate,0,38.802,20.0
20,18.552,0.0879,0.1212,0.0000,0.1515,intermediate,0,46.438,20.0
21,15.260,0.0929,0.1429,0.0000,0.1429,intermediate,0,50.094,20.0
22,21.913,0.1609,0.2174,0.1304,0.1304,intermediate,0,43.700,30.0
23,11.550,0.0987,0.1750,0.0000,0.1250,intermediate,0,37.937,20.0
24,15.514,0.0670,0.1136,0.0000,0.0909,amorphous,0,46.928,20.0
25,15.232,0.0952,0.1613,0.0000,0.1290,intermediate,0,47.698,20.0
26,10.246,0.1115,0.1282,0.1026,0.1026,amorphous,0,45.097,20.0
27,11.483,0.0951,0.1463,0.0000,0.1463,intermediate,0,38.446,20.0
28,11.472,0.1598,0.2683,0.0000,0.2195,intermediate,0,35.364,20.0
29,8.495,0.0583,0.1667,0.0000,0.0000,amorphous,0,39.701,10.0
30,13.834,0.0986,0.1892,0.0000,0.1081,amorphous,0,42.490,20.0
31,15.179,0.0963,0.1707,0.0000,0.1220,intermediate,0,39.901,20.0
32,13.005,0.1378,0.2683,0.0000,0.1463,intermediate,0,35.858,20.0
33,19.652,0.1138,0.2069,0.0000,0.1379,intermediate,0,40.412,20.0
34,16.300,0.1878,0.2195,0.1707,0.1707,intermediate,0,38.642,20.0
35,18.218,0.1303,0.2368,0.0000,0.1579,intermediate,0,39.461,20.0
36,19.410,0.1797,0.2500,0.1562,0.1250,intermediate,0,40.137,20.0
37,20.801,0.1419,0.1935,0.1290,0.0968,intermediate,0,42.428,30.0
38,6.989,0.0684,0.1053,0.0000,0.1053,amorphous,0,42.436,10.0
39,19.148,0.1162,0.2059,0.0000,0.1471,intermediate,0,39.356,20.0
40,13.375,0.1486,0.1944,0.1111,0.1389,intermediate,0,50.208,20.0
41,18.528,0.0750,0.1154,0.0000,0.1154,amorphous,0,45.789,20.0
42,9.859,0.0527,0.0811,0.0000,0.0811,amorphous,0,41.484,10.0
43,22.092,0.1154,0.1538,0.0769,0.1154,amorphous,0,47.196,30.0
44,9.729,0.0912,0.1750,0.0000,0.1000,amorphous,0,34.811,10.0
45,21.604,0.2000,0.3333,0.0000,0.2778,intermediate,0,54.332,30.0
46,17.277,0.0985,0.1515,0.0000,0.1515,intermediate,0,51.550,20.0
47,19.434,0.0609,0.0938,0.0000,0.0938,amorphous,0,44.816,20.0
48,8.908,0.0975,0.1500,0.0000,0.1500,intermediate,0,33.123,10.0
49,21.133,0.1115,0.1538,0.0000,0.1923,intermediate,0,41.075,30.0
50,6.024,0.0797,0.1351,0.0000,0.1081,amorphous,0,37.865,10.0
51,15.286,0.1412,0.2750,0.0000,0.1500,intermediate,0,35.682,20.0
52,13.558,0.1211,0.2105,0.0000,0.1579,intermediate,0,47.998,20.0
53,7.796,0.1118,0.1842,0.0000,0.1579,intermediate,0,45.210,10.0
54,20.148,0.1100,0.2000,0.0000,0.1333,intermediate,0,43.522,30.0
55,17.007,0.1208,0.1667,0.0833,0.1111,amorphous,0,49.103,20.0
56,13.439,0.1094,0.1875,0.0000,0.1458,intermediate,0,35.129,20.0
57,11.910,0.0987,0.1750,0.0000,0.1250,intermediate,0,41.014,20.0
58,11.841,0.1058,0.1628,0.0000,0.1628,intermediate,0,34.390,20.0
59,22.442,0.1472,0.1667,0.1111,0.1667,intermediate,0,53.563,30.0
60,12.351,0.1163,0.2326,0.0000,0.1163,amorphous,0,36.337,20.0
61,15.535,0.1000,0.2000,0.0000,0.1000,amorphous,0,40.085,20.0
62,14.203,0.1419,0.1860,0.0000,0.2558,intermediate,0,34.959,20.0
63,16.150,0.1037,0.1707,0.0000,0.1463,intermediate,0,38.554,20.0
64,13.849,0.1087,0.1500,0.0750,0.1000,amorphous,0,46.551,20.0
65,17.186,0.2162,0.2500,0.1750,0.2250,intermediate,0,36.176,20.0
66,15.991,0.0607,0.0714,0.0000,0.1190,amorphous,0,42.039,20.0
67,16.299,0.1015,0.1212,0.0909,0.0909,amorphous,0,44.764,20.0
68,21.176,0.1529,0.2353,0.0000,0.2353,intermediate,0,51.588,30.0
69,11.665,0.1360,0.2093,0.0000,0.2093,intermediate,0,32.738,20.0
70,16.965,0.2100,0.2571,0.1714,0.2000,intermediate,0,36.412,20.0
71,15.342,0.1278,0.2222,0.0000,0.1667,intermediate,0,51.871,20.0
72,20.054,0.2150,0.4000,0.0000,0.2500,intermediate,0,54.822,30.0
73,13.252,0.1109,0.1562,0.0000,0.1875,intermediate,0,50.084,20.0
74,11.423,0.1026,0.2051,0.0000,0.1026,amorphous,0,36.466,20.0
75,15.150,0.1261,0.2045,0.0000,0.1818,intermediate,0,35.963,20.0
76,18.141,0.1125,0.1875,0.0000,0.1562,intermediate,0,37.747,20.0
77,7.633,0.1269,0.2308,0.0000,0.1538,intermediate,0,31.690,10.0
78,10.492,0.0575,0.1000,0.0000,0.0750,amorphous,0,43.966,20.0
79,13.697,0.1375,0.2500,0.0000,0.1667,intermediate,0,51.538,20.0
80,19.135,0.1091,0.1818,0.0000,0.1515,intermediate,0,37.362,20.0
81,4.045,0.0575,0.1000,0.0000,0.0750,amorphous,0,37.390,6.0
82,20.457,0.1019,0.1154,0.0769,0.1154,amorphous,0,49.672,30.0
83,3.489,0.0671,0.0857,0.0571,0.0571,amorphous,0,39.630,6.0
84,12.439,0.1243,0.2162,0.0000,0.1622,intermediate,0,49.217,20.0
85,22.016,0.1353,0.2353,0.0000,0.1765,intermediate,0,57.566,30.0
86,6.197,0.1026,0.1579,0.0000,0.1579,intermediate,0,30.134,10.0
87,12.956,0.0890,0.1707,0.0000,0.0976,amorphous,0,37.578,20.0
88,11.237,0.1167,0.2000,0.0000,0.1556,intermediate,0,33.563,20.0
89,18.714,0.1274,0.2258,0.0000,0.1613,intermediate,0,39.954,20.0
90,9.144,0.1193,0.2045,0.0000,0.1591,intermediate,0,31.300,10.0
91,17.063,0.1081,0.1351,0.0811,0.1081,amorphous,0,46.469,20.0
92,20.015,0.0722,0.1111,0.0000,0.1111,amorphous,0,46.146,30.0
93,21.412,0.0821,0.1429,0.0000,0.1071,amorphous,0,43.306,30.0
94,9.129,0.1192,0.2308,0.0000,0.1282,intermediate,0,46.541,10.0
95,7.343,0.0389,0.1111,0.0000,0.0000,amorphous,0,34.422,10.0
96,20.583,0.1571,0.2857,0.0000,0.1905,intermediate,0,56.998,30.0
97,19.761,0.1800,0.3000,0.0000,0.2500,intermediate,0,51.889,20.0
98,10.874,0.1366,0.2439,0.0000,0.1707,intermediate,0,34.843,20.0
99,7.999,0.0744,0.1026,0.0000,0.1282,amorphous,0,32.892,10.0
100,14.402,0.1479,0.2766,0.0000,0.1702,intermediate,0,32.557,20.0
101,21.892,0.1852,0.2222,0.1481,0.1852,intermediate,0,39.852,30.0
102,11.440,0.1478,0.2000,0.0889,0.1556,intermediate,0,46.662,20.0
103,19.321,0.2283,0.3913,0.0000,0.3043,intermediate,0,54.065,20.0
104,13.952,0.1303,0.2424,0.0000,0.1515,intermediate,0,47.430,20.0
105,9.905,0.0616,0.1163,0.0000,0.0698,amorphous,0,40.457,10.0
106,13.360,0.1163,0.2391,0.0000,0.1087,amorphous,0,32.081,20.0
107,22.092,0.1054,0.1786,0.0000,0.1429,intermediate,0,38.857,30.0
108,5.933,0.0803,0.1515,0.0000,0.0909,amorphous,0,37.379,6.0
109,5.499,0.0575,0.1000,0.0000,0.0750,amorphous,0,43.910,6.0
110,6.633,0.1095,0.1905,0.0000,0.1429,intermediate,0,29.223,10.0
111,13.330,0.1207,0.2195,0.0000,0.1463,intermediate,0,31.970,20.0
112,21.110,0.1250,0.2500,0.0000,0.1250,intermediate,0,37.544,30.0
113,8.086,0.1841,0.3171,0.0000,0.2439,intermediate,0,29.136,10.0
114,20.015,0.1016,0.1562,0.0000,0.1562,intermediate,0,39.483,30.0
115,22.248,0.1720,0.2000,0.1200,0.2000,intermediate,0,40.031,30.0
116,13.465,0.1162,0.2250,0.0000,0.1250,intermediate,0,35.556,20.0
117,19.812,0.2017,0.2667,0.1667,0.1667,intermediate,0,36.905,20.0
118,19.785,0.1054,0.1786,0.0000,0.1429,intermediate,0,55.852,20.0
119,10.122,0.1686,0.3023,0.0000,0.2093,intermediate,0,29.612,20.0
120,18.242,0.1162,0.2059,0.0000,0.1471,intermediate,0,34.738,20.0
121,16.975,0.1462,0.2250,0.0000,0.2250,intermediate,0,36.226,20.0
122,5.795,0.0471,0.0857,0.0000,0.0571,amorphous,0,33.720,6.0
123,5.171,0.0971,0.1765,0.0000,0.1176,amorphous,0,28.408,6.0
124,12.064,0.1393,0.2143,0.0000,0.2143,intermediate,0,34.032,20.0
125,13.922,0.1359,0.2391,0.0000,0.1739,intermediate,0,33.608,20.0
126,22.182,0.1300,0.1333,0.0667,0.2000,intermediate,0,56.228,30.0
127,13.310,0.0940,0.1667,0.0000,0.1190,amorphous,0,45.105,20.0
128,15.856,0.0697,0.1316,0.0000,0.0789,amorphous,0,44.206,20.0
129,16.816,0.1591,0.2727,0.0000,0.2121,intermediate,0,53.202,20.0
130,17.249,0.1716,0.2432,0.1081,0.1622,intermediate,0,33.128,20.0
131,13.344,0.1453,0.2812,0.0000,0.1562,intermediate,0,51.861,20.0
132,17.934,0.0973,0.1622,0.0000,0.1351,intermediate,0,33.799,20.0
133,0.976,0.0342,0.0526,0.0000,0.0526,amorphous,0,38.737,6.0
134,8.892,0.0846,0.1538,0.0000,0.1026,amorphous,0,30.731,10.0
135,6.057,0.0671,0.0789,0.0000,0.1316,amorphous,0,29.464,10.0
136,10.270,0.0732,0.1463,0.0000,0.0732,amorphous,0,38.540,20.0
137,9.491,0.1420,0.2500,0.0000,0.1818,intermediate,0,30.403,10.0
138,6.796,0.0605,0.0930,0.0000,0.0930,amorphous,0,38.047,10.0
139,16.974,0.1225,0.2000,0.0000,0.1750,intermediate,0,36.369,20.0
140,19.437,0.1138,0.2069,0.0000,0.1379,intermediate,0,40.023,20.0
141,16.226,0.1366,0.2439,0.0000,0.1707,intermediate,0,37.650,20.0
142,20.943,0.1554,0.1786,0.1429,0.1429,intermediate,0,39.556,30.0
143,12.248,0.1537,0.2927,0.0000,0.1707,intermediate,0,32.566,20.0
144,7.045,0.0900,0.1500,0.0000,0.1250,intermediate,0,41.043,10.0
145,7.457,0.0857,0.1429,0.0000,0.1190,amorphous,0,31.137,10.0
146,12.882,0.1367,0.2000,0.0000,0.2222,intermediate,0,30.065,20.0
147,6.492,0.0622,0.1081,0.0000,0.0811,amorphous,0,28.568,10.0
148,17.171,0.0742,0.1290,0.0000,0.0968,amorphous,0,43.405,20.0
149,19.769,0.1553,0.2632,0.0000,0.2105,intermediate,0,57.298,20.0
150,20.889,0.0717,0.1304,0.0000,0.0870,amorphous,0,43.226,30.0
151,19.113,0.1450,0.2000,0.1000,0.1333,intermediate,0,53.325,20.0
152,22.496,0.1000,0.2000,0.0000,0.1000,amorphous,0,51.847,30.0
153,11.259,0.0767,0.1395,0.0000,0.0930,amorphous,0,36.101,20.0
154,13.333,0.1013,0.1795,0.0000,0.1282,intermediate,0,37.461,20.0
155,20.216,0.1800,0.3000,0.0000,0.2500,intermediate,0,51.320,30.0
156,9.007,0.1179,0.2051,0.0000,0.1538,intermediate,0,46.863,10.0
157,10.183,0.0825,0.1500,0.0000,0.1000,amorphous,0,30.593,20.0
158,7.239,0.0276,0.0789,0.0000,0.0000,amorphous,0,40.546,10.0
159,10.104,0.1333,0.2381,0.0000,0.1667,intermediate,0,30.000,20.0
160,18.264,0.0697,0.1212,0.0000,0.0909,amorphous,0,41.148,20.0
161,18.754,0.1138,0.2069,0.0000,0.1379,intermediate,0,47.798,20.0
162,19.034,0.2475,0.4500,0.0000,0.3000,intermediate,0,54.554,20.0
163,18.969,0.1283,0.2174,0.0000,0.1739,intermediate,0,56.342,20.0
164,21.962,0.1739,0.1739,0.1739,0.1739,intermediate,0,36.233,30.0
165,15.153,0.1325,0.2500,0.0000,0.1500,intermediate,0,34.875,20.0
166,15.267,0.1436,0.2564,0.0000,0.1795,intermediate,0,33.137,20.0
167,3.954,0.0342,0.0526,0.0000,0.0526,amorphous,0,34.590,6.0
168,10.016,0.0737,0.1250,0.0000,0.1000,amorphous,0,34.562,20.0
169,6.728,0.1238,0.1905,0.0000,0.1905,intermediate,0,26.419,10.0
170,3.875,0.0650,0.1000,0.0000,0.1000,amorphous,0,28.451,6.0
171,16.147,0.1000,0.1818,0.0000,0.1212,intermediate,0,39.790,20.0
172,22.274,0.0717,0.1304,0.0000,0.0870,amorphous,0,39.960,30.0
173,14.023,0.1489,0.2500,0.0000,0.2045,intermediate,0,31.060,20.0
174,19.938,0.1790,0.2903,0.0000,0.2581,intermediate,0,33.604,20.0
175,13.936,0.1162,0.2059,0.0000,0.1471,intermediate,0,51.943,20.0
176,14.493,0.1883,0.3667,0.0000,0.2000,intermediate,0,48.111,20.0
177,6.368,0.0590,0.1026,0.0000,0.0769,amorphous,0,43.883,10.0
178,15.148,0.1500,0.2727,0.0000,0.1818,intermediate,0,29.683,20.0
179,7.152,0.1012,0.1667,0.0000,0.1429,intermediate,0,28.169,10.0
180,6.374,0.1090,0.1795,0.0000,0.1538,intermediate,0,42.325,10.0
181,22.642,0.0938,0.1250,0.0000,0.1667,intermediate,0,36.122,30.0
182,15.935,0.1344,0.2500,0.0000,0.1562,intermediate,0,53.315,20.0
183,19.156,0.1203,0.1562,0.0000,0.2188,intermediate,0,33.785,20.0
184,11.111,0.0743,0.1143,0.0000,0.1143,amorphous,0,44.161,20.0
185,5.941,0.1077,0.1538,0.0000,0.1795,intermediate,0,28.089,6.0
186,16.947,0.1676,0.2353,0.1176,0.1471,intermediate,0,48.328,20.0
187,13.669,0.1045,0.1818,0.0000,0.1364,intermediate,0,29.112,20.0
188,6.375,0.0679,0.1282,0.0000,0.0769,amorphous,0,34.715,10.0
189,8.637,0.1400,0.2500,0.0000,0.1750,intermediate,0,26.168,10.0
190,6.971,0.0931,0.1111,0.0833,0.0833,amorphous,0,35.902,10.0
191,15.200,0.0919,0.1628,0.0000,0.1163,amorphous,0,37.421,20.0
192,6.576,0.0513,0.0789,0.0000,0.0789,amorphous,0,30.539,10.0
193,21.853,0.1262,0.2381,0.0000,0.1429,intermediate,0,34.809,30.0
194,19.853,0.1379,0.2121,0.0000,0.2121,intermediate,0,35.112,20.0
195,8.188,0.0737,0.1250,0.0000,0.1000,amorphous,0,27.837,10.0
196,14.388,0.1707,0.3103,0.0000,0.2069,intermediate,0,50.287,20.0
197,19.582,0.2190,0.3810,0.0000,0.2857,intermediate,0,56.729,20.0
198,17.241,0.1118,0.1842,0.0000,0.1579,intermediate,0,33.634,20.0
199,7.834,0.1562,0.2750,0.0000,0.2000,intermediate,0,27.415,10.0
200,17.079,0.0852,0.1481,0.0000,0.1111,amorphous,0,44.877,20.0
201,11.377,0.1768,0.3171,0.0000,0.2195,intermediate,0,26.738,20.0
202,21.222,0.1833,0.1667,0.1667,0.2222,intermediate,0,59.474,30.0
203,17.070,0.1638,0.2750,0.0000,0.2250,intermediate,0,30.159,20.0
204,15.002,0.1328,0.2188,0.0000,0.1875,intermediate,0,53.191,20.0
205,17.131,0.1676,0.2059,0.1471,0.1471,intermediate,0,52.451,20.0
206,7.720,0.0000,0.0000,0.0000,0.0000,amorphous,0,27.334,10.0
207,4.855,0.0786,0.1429,0.0000,0.0952,amorphous,0,38.746,6.0
208,7.864,0.1211,0.2105,0.0000,0.1579,intermediate,0,25.691,10.0
209,13.788,0.0722,0.1111,0.0000,0.1111,amorphous,0,37.702,20.0
210,20.867,0.1083,0.1667,0.0000,0.1667,intermediate,0,37.087,30.0
211,18.349,0.1181,0.1944,0.0000,0.1667,intermediate,0,31.779,20.0
212,8.149,0.0686,0.1163,0.0000,0.0930,amorphous,0,32.538,10.0
213,10.374,0.0697,0.1212,0.0000,0.0909,amorphous,0,45.491,20.0
214,2.813,0.0432,0.0541,0.0000,0.0811,amorphous,0,24.772,6.0
215,14.208,0.0756,0.1282,0.0000,0.1026,amorphous,0,39.969,20.0
216,13.539,0.1302,0.2326,0.0000,0.1628,intermediate,0,31.671,20.0
217,18.625,0.0867,0.1333,0.0000,0.1333,intermediate,0,37.156,20.0
218,5.103,0.0342,0.0526,0.0000,0.0526,amorphous,0,38.199,6.0
219,0.611,0.0639,0.1111,0.0000,0.0833,amorphous,0,25.144,6.0
220,22.186,0.1045,0.1818,0.0000,0.1364,intermediate,0,47.923,30.0
221,8.341,0.0371,0.0571,0.0000,0.0571,amorphous,0,27.645,10.0
222,14.082,0.1382,0.2368,0.0000,0.1842,intermediate,0,45.077,20.0
223,19.136,0.0922,0.1562,0.0000,0.1250,intermediate,0,31.209,20.0
224,7.938,0.0419,0.0000,0.0645,0.0645,amorphous,0,32.511,10.0
225,7.771,0.1250,0.2143,0.0000,0.1667,intermediate,0,25.509,10.0
226,17.838,0.1338,0.2059,0.0000,0.2059,intermediate,0,30.659,20.0
227,12.531,0.1122,0.1951,0.0000,0.1463,intermediate,0,30.852,20.0
228,12.323,0.1045,0.1818,0.0000,0.1364,intermediate,0,47.925,20.0
229,7.694,0.1167,0.1795,0.0000,0.1795,intermediate,0,24.343,10.0
230,1.026,0.0557,0.0857,0.0000,0.0857,amorphous,0,23.673,6.0
231,21.849,0.0500,0.0769,0.0000,0.0769,amorphous,0,41.481,30.0
232,14.326,0.1359,0.2391,0.0000,0.1739,intermediate,0,27.215,20.0
233,6.384,0.0890,0.1707,0.0000,0.0976,amorphous,0,29.763,10.0
234,21.841,0.0958,0.1667,0.0000,0.1250,intermediate,0,39.261,30.0
235,16.329,0.1197,0.2121,0.0000,0.1515,intermediate,0,36.551,20.0
236,11.665,0.1400,0.2500,0.0000,0.1750,intermediate,0,27.410,20.0
237,20.056,0.2524,0.4762,0.0000,0.2857,crystalline,0,54.178,30.0
238,1.972,0.0500,0.0769,0.0000,0.0769,amorphous,0,35.089,6.0
239,22.070,0.1135,0.1923,0.0000,0.1538,intermediate,0,33.867,30.0
240,13.383,0.1302,0.2326,0.0000,0.1628,intermediate,0,46.190,20.0
241,16.756,0.1062,0.1750,0.0000,0.1500,intermediate,0,33.747,20.0
242,4.124,0.0634,0.0976,0.0000,0.0976,amorphous,0,23.109,6.0
243,14.588,0.1424,0.2391,0.0000,0.1957,intermediate,0,31.312,20.0
244,20.035,0.1125,0.1875,0.0000,0.1562,intermediate,0,36.539,30.0
245,8.071,0.0200,0.0000,0.0000,0.0667,amorphous,0,27.998,10.0
246,22.098,0.1135,0.1923,0.0000,0.1538,intermediate,0,32.686,30.0
247,8.949,0.0513,0.0789,0.0000,0.0789,amorphous,0,44.782,10.0
248,14.355,0.1442,0.2326,0.0000,0.2093,intermediate,0,28.256,20.0
249,10.746,0.1366,0.2439,0.0000,0.1707,intermediate,0,26.426,20.0
250,21.723,0.1147,0.1765,0.0000,0.1765,intermediate,0,58.517,30.0
251,21.060,0.1222,0.2222,0.0000,0.1481,intermediate,0,31.374,30.0
252,9.705,0.0743,0.1143,0.0000,0.1143,amorphous,0,33.508,10.0
253,17.045,0.1324,0.2162,0.0000,0.1892,intermediate,0,32.239,20.0
254,10.939,0.1024,0.1905,0.0000,0.1190,amorphous,0,34.001,20.0
255,12.407,0.0944,0.1556,0.0000,0.1333,intermediate,0,32.570,20.0
256,18.110,0.1944,0.2222,0.1667,0.1944,intermediate,0,28.585,20.0
257,22.078,0.1318,0.1818,0.0000,0.2273,intermediate,0,34.278,30.0
258,6.778,0.0800,0.1333,0.0000,0.1111,amorphous,0,25.887,10.0
259,4.165,0.0382,0.0588,0.0000,0.0588,amorphous,0,26.429,6.0
260,9.294,0.1049,0.1951,0.0000,0.1220,intermediate,0,39.458,10.0
261,13.311,0.0756,0.1282,0.0000,0.1026,amorphous,0,37.882,20.0
262,16.024,0.1500,0.2727,0.0000,0.1818,intermediate,0,26.558,20.0
263,16.567,0.1435,0.2609,0.0000,0.1739,intermediate,0,47.543,20.0
264,7.397,0.0476,0.0732,0.0000,0.0732,amorphous,0,31.976,10.0
265,18.423,0.1935,0.2258,0.1613,0.1935,intermediate,0,54.646,20.0
266,19.276,0.1333,0.2222,0.0000,0.1852,intermediate,0,34.403,20.0
267,15.692,0.1097,0.1944,0.0000,0.1389,intermediate,0,43.740,20.0
268,20.142,0.0640,0.0800,0.0000,0.1200,amorphous,0,41.891,30.0
269,9.344,0.1045,0.1818,0.0000,0.1364,intermediate,0,42.306,10.0
270,12.872,0.1176,0.1176,0.1176,0.1176,amorphous,0,49.631,20.0
271,13.590,0.0650,0.1000,0.0000,0.1000,amorphous,0,41.901,20.0
272,15.090,0.1324,0.2162,0.0000,0.1892,intermediate,0,30.522,20.0
273,17.782,0.1060,0.2000,0.0000,0.1200,intermediate,0,45.367,20.0
274,10.592,0.1648,0.2955,0.0000,0.2045,intermediate,0,23.119,20.0
275,17.452,0.1097,0.1944,0.0000,0.1389,intermediate,0,33.455,20.0
276,17.684,0.0983,0.1667,0.0000,0.1333,intermediate,0,42.627,20.0
277,20.492,0.1844,0.3125,0.0000,0.2500,intermediate,0,57.411,30.0
278,21.186,0.0963,0.1481,0.0000,0.1481,intermediate,0,33.571,30.0
279,19.658,0.1362,0.2414,0.0000,0.1724,intermediate,0,49.658,20.0
280,17.339,0.1419,0.2432,0.0000,0.1892,intermediate,0,30.199,20.0
281,16.148,0.1891,0.2174,0.1739,0.1739,intermediate,0,53.720,20.0
282,12.224,0.1756,0.3023,0.0000,0.2326,intermediate,0,23.613,20.0
283,8.245,0.0513,0.0789,0.0000,0.0789,amorphous,0,25.369,10.0
284,6.048,0.0444,0.0556,0.0000,0.0833,amorphous,0,36.544,10.0
285,20.501,0.0952,0.1905,0.0000,0.0952,amorphous,0,43.282,30.0
286,14.656,0.0702,0.1190,0.0000,0.0952,amorphous,0,36.472,20.0
287,12.019,0.0818,0.1364,0.0000,0.1136,amorphous,0,32.906,20.0
288,16.033,0.1565,0.2609,0.0000,0.2174,intermediate,0,50.778,20.0
289,14.939,0.1250,0.1818,0.0000,0.2045,intermediate,0,26.179,20.0
290,22.545,0.1130,0.1739,0.0000,0.1739,intermediate,0,36.891,30.0
291,11.272,0.0527,0.0811,0.0000,0.0811,amorphous,0,35.895,20.0
292,5.124,0.0786,0.1429,0.0000,0.0952,amorphous,0,23.014,6.0
293,20.479,0.1457,0.1739,0.1304,0.1304,intermediate,0,54.626,30.0
294,12.745,0.1022,0.1778,0.0000,0.1333,intermediate,0,29.835,20.0
295,15.185,0.0855,0.1316,0.0000,0.1316,intermediate,0,37.592,20.0
296,10.551,0.1000,0.1860,0.0000,0.1163,amorphous,0,29.016,20.0
297,8.990,0.1207,0.2195,0.0000,0.1463,intermediate,0,40.571,10.0
298,8.154,0.0646,0.1220,0.0000,0.0732,amorphous,0,40.527,10.0
299,3.781,0.0292,0.0833,0.0000,0.0000,amorphous,0,22.176,6.0
300,18.633,0.1353,0.2353,0.0000,0.1765,intermediate,0,27.111,20.0
301,11.814,0.1311,0.2222,0.0000,0.1778,intermediate,0,23.706,20.0
302,9.319,0.1280,0.2195,0.0000,0.1707,intermediate,0,25.087,10.0
303,16.700,0.1195,0.1951,0.0000,0.1707,intermediate,0,26.152,20.0
304,21.858,0.1229,0.2083,0.0000,0.1667,intermediate,0,30.061,30.0
305,5.160,0.0966,0.1591,0.0000,0.1364,intermediate,0,23.616,6.0
306,1.929,0.0697,0.1212,0.0000,0.0909,amorphous,0,24.573,6.0
307,6.880,0.0182,0.0000,0.0000,0.0606,amorphous,0,32.468,10.0
308,9.864,0.1000,0.1667,0.0000,0.1389,intermediate,0,22.566,10.0
309,5.187,0.0171,0.0000,0.0000,0.0571,amorphous,0,22.891,6.0
310,9.694,0.1114,0.1818,0.0000,0.1591,intermediate,0,26.489,10.0
311,1.336,0.0697,0.0789,0.0526,0.0789,amorphous,0,21.503,6.0
312,15.550,0.1451,0.2683,0.0000,0.1707,intermediate,0,28.722,20.0
313,19.371,0.1681,0.2222,0.1389,0.1389,intermediate,0,27.646,20.0
314,11.087,0.0684,0.1053,0.0000,0.1053,amorphous,0,34.266,20.0
315,9.334,0.1303,0.2368,0.0000,0.1579,intermediate,0,31.897,10.0
316,11.303,0.1815,0.2609,0.1087,0.1739,intermediate,0,26.556,20.0
317,13.006,0.0767,0.1333,0.0000,0.1000,amorphous,0,45.604,20.0
318,14.091,0.1209,0.1860,0.0000,0.1860,intermediate,0,29.437,20.0
319,19.623,0.1000,0.1739,0.0000,0.1304,intermediate,0,40.856,20.0
320,18.911,0.0929,0.1429,0.0000,0.1429,intermediate,0,27.786,20.0
321,5.839,0.0686,0.1163,0.0000,0.0930,amorphous,0,26.200,6.0
322,16.659,0.1091,0.1818,0.0000,0.1515,intermediate,0,49.648,20.0
323,10.550,0.0663,0.1250,0.0000,0.0750,amorphous,0,36.170,20.0
324,13.512,0.1318,0.1515,0.1212,0.1212,intermediate,0,48.721,20.0
325,21.771,0.1393,0.2143,0.0000,0.2143,intermediate,0,58.818,30.0
326,16.734,0.1859,0.2500,0.0938,0.2188,intermediate,0,29.251,20.0
327,4.828,0.0500,0.0769,0.0000,0.0769,amorphous,0,22.066,6.0
328,10.160,0.1268,0.1951,0.0000,0.1951,intermediate,0,21.253,20.0
329,21.585,0.1521,0.1667,0.1250,0.1667,intermediate,0,38.041,30.0
330,22.099,0.1211,0.2105,0.0000,0.1579,intermediate,0,49.576,30.0
331,2.624,0.0905,0.1081,0.0811,0.0811,amorphous,0,26.252,6.0
332,17.091,0.0886,0.1364,0.0000,0.1364,intermediate,0,52.954,20.0
333,4.447,0.0182,0.0000,0.0000,0.0606,amorphous,0,20.132,6.0
334,18.875,0.1179,0.2143,0.0000,0.1429,intermediate,0,49.981,20.0
335,15.751,0.2000,0.2326,0.1395,0.2326,intermediate,0,24.166,20.0
336,10.840,0.0575,0.1000,0.0000,0.0750,amorphous,0,43.418,20.0
337,6.574,0.0548,0.0952,0.0000,0.0714,amorphous,0,36.687,10.0
338,11.972,0.1237,0.2250,0.0000,0.1500,intermediate,0,41.736,20.0
339,12.863,0.1566,0.2895,0.0000,0.1842,intermediate,0,23.847,20.0
340,11.322,0.0262,0.0750,0.0000,0.0000,amorphous,0,38.655,20.0
341,10.665,0.0653,0.0833,0.0556,0.0556,amorphous,0,42.272,20.0
342,16.239,0.1324,0.2162,0.0000,0.1892,intermediate,0,27.345,20.0
343,18.759,0.1265,0.2353,0.0000,0.1471,intermediate,0,32.836,20.0
344,13.185,0.1075,0.2000,0.0000,0.1250,intermediate,0,23.116,20.0
345,21.267,0.0929,0.1429,0.0000,0.1429,intermediate,0,27.770,30.0
346,8.498,0.0000,0.0000,0.0000,0.0000,amorphous,0,21.819,10.0
347,12.469,0.1192,0.2308,0.0000,0.1282,intermediate,0,27.013,20.0
348,10.418,0.1179,0.2143,0.0000,0.1429,intermediate,0,23.700,20.0
349,18.381,0.2117,0.2333,0.2000,0.2000,intermediate,0,31.016,20.0
350,20.824,0.1250,0.2500,0.0000,0.1250,intermediate,0,58.249,30.0
351,17.392,0.1138,0.2069,0.0000,0.1379,intermediate,0,37.125,20.0
352,8.856,0.0663,0.1250,0.0000,0.0750,amorphous,0,37.594,10.0
353,6.297,0.0671,0.0789,0.0000,0.1316,amorphous,0,19.367,10.0
354,22.513,0.1639,0.1667,0.1111,0.2222,intermediate,0,31.230,30.0
355,15.102,0.1243,0.2162,0.0000,0.1622,intermediate,0,46.171,20.0
356,10.128,0.0663,0.1250,0.0000,0.0750,amorphous,0,41.607,20.0
357,3.131,0.0663,0.0750,0.0500,0.0750,amorphous,0,28.492,6.0
358,9.185,0.1140,0.1860,0.0000,0.1628,intermediate,0,27.932,10.0
359,19.157,0.1177,0.2258,0.0000,0.1290,intermediate,0,31.189,20.0
360,8.099,0.0803,0.0606,0.0909,0.0909,amorphous,0,32.654,10.0
361,5.481,0.0574,0.0882,0.0000,0.0882,amorphous,0,21.699,6.0
362,10.898,0.0756,0.1163,0.0000,0.1163,amorphous,0,37.213,20.0
363,21.074,0.1318,0.1818,0.0000,0.2273,intermediate,0,31.334,30.0
364,13.835,0.0516,0.0938,0.0000,0.0625,amorphous,0,46.934,20.0
365,14.139,0.0968,0.0968,0.0968,0.0968,amorphous,0,48.597,20.0
366,8.114,0.1134,0.2195,0.0000,0.1220,intermediate,0,23.610,10.0
367,6.354,0.0476,0.0732,0.0000,0.0732,amorphous,0,35.019,10.0
368,15.721,0.1053,0.1316,0.0789,0.1053,amorphous,0,31.996,20.0
369,22.129,0.1083,0.1667,0.0000,0.1667,intermediate,0,33.276,30.0
370,19.063,0.1234,0.2188,0.0000,0.1562,intermediate,0,27.463,20.0
371,20.765,0.1762,0.1905,0.1905,0.1429,intermediate,0,54.927,30.0
372,7.474,0.1012,0.1667,0.0000,0.1429,intermediate,0,20.485,10.0
373,9.500,0.1151,0.2093,0.0000,0.1395,intermediate,0,29.901,10.0
374,10.067,0.0856,0.1111,0.0000,0.1556,amorphous,0,20.357,20.0
375,18.221,0.1475,0.2500,0.0000,0.2000,intermediate,0,47.843,20.0
376,10.243,0.1194,0.2222,0.0000,0.1389,intermediate,0,29.618,20.0
377,17.182,0.2177,0.2903,0.1935,0.1613,intermediate,0,29.848,20.0
378,5.480,0.0406,0.0625,0.0000,0.0625,amorphous,0,28.844,6.0
379,11.331,0.1692,0.3077,0.0000,0.2051,intermediate,0,22.352,20.0
380,6.413,0.1378,0.1463,0.1220,0.1463,intermediate,0,27.459,10.0
381,4.313,0.1167,0.1515,0.0000,0.2121,intermediate,0,18.521,6.0
382,16.782,0.0547,0.1562,0.0000,0.0000,amorphous,0,37.803,20.0
383,17.010,0.1453,0.1875,0.0938,0.1562,intermediate,0,43.714,20.0
384,4.855,0.0591,0.0909,0.0000,0.0909,amorphous,0,31.858,6.0
385,10.877,0.1205,0.2273,0.0000,0.1364,intermediate,0,21.624,20.0
386,18.248,0.1921,0.2105,0.1579,0.2105,intermediate,0,24.660,20.0
387,18.121,0.1553,0.2632,0.0000,0.2105,intermediate,0,50.019,20.0
388,6.342,0.0574,0.0882,0.0000,0.0882,amorphous,0,23.275,10.0
389,9.263,0.1137,0.1750,0.0000,0.1750,intermediate,0,19.938,10.0
390,7.611,0.0663,0.1250,0.0000,0.0750,amorphous,0,32.179,10.0
391,21.871,0.1269,0.2308,0.0000,0.1538,intermediate,0,28.262,30.0
392,21.675,0.1222,0.2222,0.0000,0.1481,intermediate,0,34.743,30.0
393,16.031,0.1214,0.2000,0.0000,0.1714,intermediate,0,44.613,20.0
394,11.852,0.0590,0.1026,0.0000,0.0769,amorphous,0,39.038,20.0
395,12.882,0.0976,0.1951,0.0000,0.0976,amorphous,0,21.254,20.0
396,12.069,0.1430,0.2093,0.0000,0.2326,intermediate,0,20.493,20.0
397,13.483,0.0951,0.1463,0.0000,0.1463,intermediate,0,26.400,20.0
398,16.142,0.0868,0.1471,0.0000,0.1176,amorphous,0,47.452,20.0
399,7.257,0.0557,0.0857,0.0000,0.0857,amorphous,0,20.661,10.0
400,15.904,0.0382,0.0588,0.0000,0.0588,amorphous,0,41.237,20.0
401,15.752,0.1149,0.1892,0.0000,0.1622,intermediate,0,33.441,20.0
402,6.649,0.0000,0.0000,0.0000,0.0000,amorphous,0,22.909,10.0
403,2.825,0.0857,0.0857,0.0857,0.0857,amorphous,0,22.703,6.0
404,8.985,0.0622,0.1081,0.0000,0.0811,amorphous,0,32.236,10.0
405,15.196,0.1329,0.1842,0.1053,0.1053,amorphous,0,38.331,20.0
406,8.150,0.0963,0.1707,0.0000,0.1220,intermediate,0,21.949,10.0
407,8.634,0.0987,0.1750,0.0000,0.1250,intermediate,0,19.446,10.0
408,4.750,0.0883,0.0667,0.1000,0.1000,amorphous,0,29.038,6.0
409,22.532,0.1437,0.2500,0.0000,0.1875,intermediate,0,44.256,30.0
410,12.725,0.1207,0.2195,0.0000,0.1463,intermediate,0,29.152,20.0
411,1.873,0.0609,0.0938,0.0000,0.0938,amorphous,0,24.651,6.0
412,20.021,0.1538,0.1923,0.1154,0.1538,intermediate,0,25.709,30.0
413,13.468,0.0516,0.0938,0.0000,0.0625,amorphous,0,45.173,20.0
414,7.032,0.0527,0.0811,0.0000,0.0811,amorphous,0,33.033,10.0
415,7.293,0.0800,0.1333,0.0000,0.1111,amorphous,0,22.830,10.0
416,13.788,0.1011,0.1556,0.0000,0.1556,intermediate,0,21.222,20.0
417,15.447,0.1132,0.2105,0.0000,0.1316,intermediate,0,22.567,20.0
418,7.811,0.0849,0.1628,0.0000,0.0930,amorphous,0,24.655,10.0
419,9.185,0.1284,0.2500,0.0000,0.1364,intermediate,0,24.213,10.0
420,16.798,0.1241,0.1481,0.1111,0.1111,amorphous,0,50.053,20.0
421,18.515,0.0819,0.1389,0.0000,0.1111,amorphous,0,23.559,20.0
422,16.690,0.1474,0.2632,0.0000,0.1842,intermediate,0,25.159,20.0
423,5.171,0.0187,0.0000,0.0000,0.0625,amorphous,0,18.755,6.0
424,19.671,0.1340,0.2000,0.0800,0.1200,intermediate,0,24.872,20.0
425,15.486,0.0968,0.0968,0.0968,0.0968,amorphous,0,43.696,20.0
426,13.850,0.1130,0.1739,0.0000,0.1739,intermediate,0,20.985,20.0
427,20.064,0.0700,0.2000,0.0000,0.0000,amorphous,0,56.187,30.0
428,18.305,0.0868,0.1471,0.0000,0.1176,amorphous,0,29.866,20.0
429,18.968,0.1550,0.1667,0.1333,0.1667,intermediate,0,33.160,20.0
430,14.481,0.1269,0.2308,0.0000,0.1538,intermediate,0,33.707,20.0
431,19.384,0.2250,0.2500,0.1786,0.2500,intermediate,0,28.340,20.0
432,9.118,0.0000,0.0000,0.0000,0.0000,amorphous,0,18.233,10.0
433,13.455,0.1179,0.2051,0.0000,0.1538,intermediate,0,21.072,20.0
434,17.169,0.1250,0.1500,0.1000,0.1250,intermediate,0,34.073,20.0
435,5.274,0.0542,0.0833,0.0000,0.0833,amorphous,0,16.943,6.0
436,20.643,0.1000,0.1739,0.0000,0.1304,intermediate,0,36.553,30.0
437,3.286,0.0622,0.1081,0.0000,0.0811,amorphous,0,18.859,6.0
438,17.518,0.1083,0.1667,0.0000,0.1667,intermediate,0,24.356,20.0
439,4.621,0.0756,0.0769,0.0513,0.1026,amorphous,0,17.493,6.0
440,9.046,0.0646,0.1220,0.0000,0.0732,amorphous,0,35.104,10.0
441,20.454,0.0979,0.1250,0.0833,0.0833,amorphous,0,37.927,30.0
442,4.847,0.0535,0.0930,0.0000,0.0698,amorphous,0,28.948,6.0
443,3.489,0.0406,0.0625,0.0000,0.0625,amorphous,0,25.550,6.0
444,13.834,0.1103,0.2051,0.0000,0.1282,intermediate,0,31.337,20.0
445,6.542,0.0300,0.0857,0.0000,0.0000,amorphous,0,17.692,10.0
446,16.267,0.1292,0.1667,0.0833,0.1389,intermediate,0,31.073,20.0
447,19.359,0.1469,0.1875,0.1250,0.1250,intermediate,0,53.254,20.0
448,21.809,0.1045,0.1818,0.0000,0.1364,intermediate,0,51.311,30.0
449,18.402,0.1229,0.2286,0.0000,0.1429,intermediate,0,23.755,20.0
450,5.249,0.0634,0.0976,0.0000,0.0976,amorphous,0,20.437,6.0
451,7.290,0.1436,0.2564,0.0000,0.1795,intermediate,0,21.789,10.0
452,16.380,0.1300,0.2000,0.0000,0.2000,intermediate,0,24.770,20.0
453,7.354,0.1150,0.2000,0.0000,0.1500,intermediate,0,17.357,10.0
454,17.087,0.0793,0.1379,0.0000,0.1034,amorphous,0,39.871,20.0
455,19.544,0.1403,0.1290,0.1613,0.1290,intermediate,0,27.488,20.0
456,6.086,0.0684,0.1053,0.0000,0.1053,amorphous,0,28.479,10.0
457,20.258,0.0968,0.1935,0.0000,0.0968,amorphous,0,34.160,30.0
458,19.285,0.1352,0.1481,0.1111,0.1481,intermediate,0,42.154,20.0
459,21.700,0.1118,0.1176,0.0000,0.2353,amorphous,0,28.286,30.0
460,4.319,0.0527,0.0811,0.0000,0.0811,amorphous,0,28.679,6.0
461,7.811,0.1068,0.1081,0.0811,0.1351,amorphous,0,20.715,10.0
462,14.814,0.0767,0.1333,0.0000,0.1000,amorphous,0,43.332,20.0
463,18.337,0.1472,0.1667,0.1111,0.1667,intermediate,0,52.296,20.0
464,17.464,0.1029,0.1714,0.0000,0.1429,intermediate,0,22.247,20.0
465,12.051,0.0674,0.0930,0.0000,0.1163,amorphous,0,38.763,20.0
466,13.221,0.1250,0.1250,0.1250,0.1250,intermediate,0,41.833,20.0
467,13.429,0.1487,0.2750,0.0000,0.1750,intermediate,0,24.731,20.0
468,3.621,0.0527,0.0811,0.0000,0.0811,amorphous,0,24.609,6.0
469,11.989,0.0750,0.1500,0.0000,0.0750,amorphous,0,31.339,20.0
470,8.895,0.0702,0.1190,0.0000,0.0952,amorphous,0,34.258,10.0
471,7.002,0.0684,0.1053,0.0000,0.1053,amorphous,0,32.729,10.0
472,2.871,0.0644,0.0889,0.0000,0.1111,amorphous,0,17.032,6.0
473,7.748,0.0394,0.0606,0.0000,0.0606,amorphous,0,15.864,10.0
474,16.663,0.0929,0.1429,0.0000,0.1429,intermediate,0,21.715,20.0
475,10.177,0.0686,0.1163,0.0000,0.0930,amorphous,0,35.672,20.0
476,11.293,0.1313,0.2250,0.0000,0.1750,intermediate,0,25.420,20.0
477,21.996,0.1083,0.1667,0.0000,0.1667,intermediate,0,31.789,30.0
478,9.435,0.0889,0.1778,0.0000,0.0889,amorphous,0,18.211,10.0
479,4.352,0.0716,0.0811,0.0541,0.0811,amorphous,0,15.194,6.0
480,12.910,0.1111,0.2222,0.0000,0.1111,amorphous,0,27.336,20.0
481,12.009,0.1511,0.2955,0.0000,0.1591,intermediate,0,24.911,20.0
482,6.340,0.0947,0.1579,0.0000,0.1316,intermediate,0,26.445,10.0
483,4.774,0.0650,0.1000,0.0000,0.1000,amorphous,0,16.217,6.0
484,14.726,0.0765,0.1176,0.0000,0.1176,amorphous,0,36.105,20.0
485,16.929,0.1022,0.1304,0.0870,0.0870,amorphous,0,48.711,20.0
486,20.497,0.1559,0.1765,0.1176,0.1765,intermediate,0,39.369,30.0
487,11.376,0.0634,0.0976,0.0000,0.0976,amorphous,0,37.272,20.0
488,10.353,0.1118,0.1842,0.0000,0.1579,intermediate,0,20.047,20.0
489,3.913,0.0866,0.1220,0.0000,0.1463,intermediate,0,15.532,6.0
490,12.060,0.0515,0.1471,0.0000,0.0000,amorphous,0,36.606,20.0
491,13.897,0.0542,0.0833,0.0000,0.0833,amorphous,0,41.655,20.0
492,5.132,0.0513,0.0789,0.0000,0.0789,amorphous,0,30.982,6.0
493,9.252,0.0957,0.1277,0.0000,0.1702,intermediate,0,17.368,10.0
494,10.799,0.0837,0.1395,0.0000,0.1163,amorphous,0,36.731,20.0
495,4.351,0.0187,0.0000,0.0000,0.0625,amorphous,0,17.837,6.0
496,14.619,0.0774,0.1190,0.0000,0.1190,amorphous,0,19.958,20.0
497,19.793,0.1917,0.2667,0.1667,0.1333,intermediate,0,28.952,20.0
498,11.732,0.1122,0.1333,0.1111,0.0889,amorphous,0,18.535,20.0
499,16.409,0.1530,0.1818,0.1515,0.1212,intermediate,0,44.972,20.0
500,11.264,0.0605,0.1053,0.0000,0.0789,amorphous,0,34.180,20.0
501,14.012,0.1295,0.1818,0.0909,0.1136,amorphous,0,21.857,20.0
502,20.046,0.1481,0.1481,0.1481,0.1481,intermediate,0,23.296,30.0
503,17.216,0.0943,0.1714,0.0000,0.1143,amorphous,0,26.119,20.0
504,3.889,0.0622,0.1081,0.0000,0.0811,amorphous,0,15.946,6.0
505,16.563,0.1250,0.2143,0.0000,0.1667,intermediate,0,27.860,20.0
506,10.827,0.1179,0.2143,0.0000,0.1429,intermediate,0,18.768,20.0
507,7.544,0.0564,0.1064,0.0000,0.0638,amorphous,0,15.667,10.0
508,5.241,0.0756,0.1282,0.0000,0.1026,amorphous,0,17.240,6.0
509,3.116,0.0557,0.0857,0.0000,0.0857,amorphous,0,21.089,6.0
510,10.025,0.0774,0.1190,0.0000,0.1190,amorphous,0,16.890,20.0
511,16.255,0.1212,0.1212,0.1212,0.1212,intermediate,0,45.054,20.0
512,10.210,0.0987,0.1750,0.0000,0.1250,intermediate,0,27.744,20.0
513,8.330,0.0988,0.1628,0.0000,0.1395,intermediate,0,24.394,10.0
514,4.742,0.1090,0.1795,0.0000,0.1538,intermediate,0,18.414,6.0
515,17.950,0.0743,0.1143,0.0000,0.1143,amorphous,0,21.539,20.0
516,20.940,0.1026,0.1579,0.0000,0.1579,intermediate,0,51.300,30.0
517,11.554,0.0837,0.1395,0.0000,0.1163,amorphous,0,17.366,20.0
518,22.503,0.0619,0.0952,0.0000,0.0952,amorphous,0,24.493,30.0
519,21.934,0.1250,0.1875,0.0625,0.1250,intermediate,0,51.425,30.0
520,8.811,0.1122,0.1951,0.0000,0.1463,intermediate,0,22.229,10.0
521,13.676,0.1192,0.2308,0.0000,0.1282,intermediate,0,22.460,20.0
522,18.151,0.1593,0.1852,0.1111,0.1852,intermediate,0,35.563,20.0
523,14.730,0.1293,0.2439,0.0000,0.1463,intermediate,0,25.333,20.0
524,14.269,0.0656,0.1111,0.0000,0.0889,amorphous,0,18.519,20.0
525,3.162,0.0219,0.0625,0.0000,0.0000,amorphous,0,15.226,6.0
526,16.916,0.1403,0.1944,0.1111,0.1111,intermediate,0,36.535,20.0
527,18.389,0.1853,0.2059,0.1471,0.2059,intermediate,0,44.587,20.0
528,18.045,0.0660,0.1200,0.0000,0.0800,amorphous,0,46.619,20.0
529,9.705,0.0663,0.1250,0.0000,0.0750,amorphous,0,34.683,10.0
530,12.722,0.1293,0.2439,0.0000,0.1463,intermediate,0,21.964,20.0
531,13.490,0.1280,0.2195,0.0000,0.1707,intermediate,0,27.636,20.0
532,18.953,0.0825,0.1500,0.0000,0.1000,amorphous,0,50.374,20.0
533,4.546,0.0739,0.1136,0.0000,0.1136,amorphous,0,14.660,6.0
534,13.817,0.0806,0.1111,0.0000,0.1389,amorphous,0,39.494,20.0
535,3.422,0.0000,0.0000,0.0000,0.0000,amorphous,0,20.532,6.0
536,4.220,0.0000,0.0000,0.0000,0.0000,amorphous,0,19.881,6.0
537,7.769,0.0789,0.1579,0.0000,0.0789,amorphous,0,26.666,10.0
538,18.810,0.1081,0.1290,0.0968,0.0968,amorphous,0,35.253,20.0
539,17.565,0.0605,0.1053,0.0000,0.0789,amorphous,0,19.997,20.0
540,16.398,0.1403,0.1667,0.1389,0.1111,intermediate,0,19.832,20.0
541,22.281,0.1850,0.2500,0.1500,0.1500,intermediate,0,31.028,30.0
542,4.852,0.0448,0.0690,0.0000,0.0690,amorphous,0,24.399,6.0
543,16.576,0.1211,0.2105,0.0000,0.1579,intermediate,0,27.457,20.0
544,6.726,0.1012,0.1667,0.0000,0.1429,intermediate,0,19.623,10.0
545,13.222,0.0720,0.1220,0.0000,0.0976,amorphous,0,35.676,20.0
546,15.054,0.1675,0.2000,0.1500,0.1500,intermediate,0,19.801,20.0
547,1.752,0.0812,0.1250,0.0000,0.1250,intermediate,0,16.533,6.0
548,19.378,0.0825,0.1500,0.0000,0.1000,amorphous,0,39.648,20.0
549,14.107,0.0702,0.1190,0.0000,0.0952,amorphous,0,39.787,20.0
550,5.192,0.0488,0.0750,0.0000,0.0750,amorphous,0,18.498,6.0
551,17.679,0.1394,0.2424,0.0000,0.1818,intermediate,0,23.785,20.0
552,9.410,0.0987,0.1750,0.0000,0.1250,intermediate,0,30.374,10.0
553,9.639,0.0702,0.1190,0.0000,0.0952,amorphous,0,31.905,10.0
554,20.172,0.0971,0.1765,0.0000,0.1176,amorphous,0,30.187,30.0
555,2.250,0.0371,0.0571,0.0000,0.0571,amorphous,0,27.215,6.0
556,21.769,0.0825,0.1500,0.0000,0.1000,amorphous,0,25.119,30.0
557,22.318,0.0786,0.0952,0.0476,0.0952,amorphous,0,22.944,30.0
558,5.154,0.0855,0.1316,0.0000,0.1316,intermediate,0,22.408,6.0
559,18.165,0.1068,0.1892,0.0000,0.1351,intermediate,0,28.540,20.0
560,21.379,0.0886,0.1364,0.0000,0.1364,intermediate,0,22.555,30.0
561,21.704,0.0750,0.1154,0.0000,0.1154,amorphous,0,23.928,30.0
562,19.067,0.1621,0.2069,0.1379,0.1379,intermediate,0,25.862,20.0
563,7.022,0.0656,0.1250,0.0625,0.0000,amorphous,0,13.907,10.0
564,18.442,0.0897,0.1379,0.0000,0.1379,intermediate,0,33.124,20.0
565,15.173,0.1053,0.2105,0.0000,0.1053,amorphous,0,19.573,20.0
566,10.912,0.0604,0.0833,0.0000,0.1042,amorphous,0,16.458,20.0
567,11.243,0.1273,0.2273,0.0000,0.1591,intermediate,0,33.651,20.0
568,14.141,0.0674,0.0930,0.0000,0.1163,amorphous,0,17.937,20.0
569,10.807,0.0988,0.1628,0.0000,0.1395,intermediate,0,27.918,20.0
570,13.894,0.0720,0.1220,0.0000,0.0976,amorphous,0,33.488,20.0
571,5.268,0.0904,0.1489,0.0000,0.1277,intermediate,0,13.945,6.0
572,4.854,0.1250,0.2143,0.0000,0.1667,intermediate,0,17.888,6.0
573,7.069,0.0805,0.1463,0.0000,0.0976,amorphous,0,16.518,10.0
574,9.959,0.0898,0.1591,0.0000,0.1136,amorphous,0,17.273,10.0
575,0.978,0.0471,0.0857,0.0000,0.0571,amorphous,0,15.312,6.0
576,7.592,0.0890,0.1707,0.0000,0.0976,amorphous,0,14.720,10.0
577,13.588,0.0936,0.1795,0.0000,0.1026,amorphous,0,17.509,20.0
578,17.968,0.0897,0.1379,0.0000,0.1379,intermediate,0,39.985,20.0
579,21.376,0.2056,0.2778,0.1667,0.1667,intermediate,0,39.580,30.0
580,6.649,0.0868,0.1471,0.0000,0.1176,amorphous,0,30.917,10.0
581,8.881,0.0818,0.1364,0.0000,0.1136,amorphous,0,15.787,10.0
582,17.094,0.0687,0.1250,0.0000,0.0833,amorphous,0,41.389,20.0
583,17.461,0.0797,0.1351,0.0000,0.1081,amorphous,0,21.699,20.0
584,7.025,0.0744,0.1026,0.0000,0.1282,amorphous,0,14.422,10.0
585,7.506,0.0767,0.1395,0.0000,0.0930,amorphous,0,13.195,10.0
586,20.300,0.0852,0.1481,0.0000,0.1111,amorphous,0,21.714,30.0
587,13.989,0.1070,0.1860,0.0000,0.1395,intermediate,0,27.792,20.0
588,17.210,0.0868,0.1471,0.0000,0.1176,amorphous,0,19.626,20.0
589,11.383,0.1487,0.2750,0.0000,0.1750,intermediate,0,19.860,20.0
590,14.754,0.1395,0.2632,0.0000,0.1579,intermediate,0,25.369,20.0
591,17.262,0.0839,0.1290,0.0000,0.1290,intermediate,0,43.379,20.0
592,11.550,0.0973,0.1622,0.0000,0.1351,intermediate,0,35.226,20.0
593,12.826,0.0987,0.1750,0.0000,0.1250,intermediate,0,17.638,20.0
594,11.785,0.0859,0.1795,0.0000,0.0769,amorphous,0,18.235,20.0
595,7.065,0.0776,0.1316,0.0000,0.1053,amorphous,0,17.633,10.0
596,21.129,0.1019,0.1923,0.0000,0.1154,amorphous,0,30.303,30.0
597,11.614,0.0963,0.1707,0.0000,0.1220,intermediate,0,25.549,20.0
598,5.760,0.0500,0.0769,0.0000,0.0769,amorphous,0,25.140,6.0
599,5.762,0.0371,0.0571,0.0000,0.0571,amorphous,0,20.880,6.0
600,21.575,0.1238,0.1905,0.0000,0.1905,intermediate,0,35.066,30.0
601,15.078,0.0985,0.1515,0.0000,0.1515,intermediate,0,40.695,20.0
602,8.192,0.1022,0.1778,0.0000,0.1333,intermediate,0,20.141,10.0
603,18.379,0.0882,0.1176,0.0588,0.0882,amorphous,0,19.299,20.0
604,4.451,0.0716,0.1351,0.0000,0.0811,amorphous,0,29.048,6.0
605,13.031,0.1425,0.1750,0.1250,0.1250,intermediate,0,31.700,20.0
606,5.515,0.0846,0.1538,0.0000,0.1026,amorphous,0,19.609,6.0
607,16.389,0.0903,0.1389,0.0000,0.1389,intermediate,0,38.966,20.0
608,16.432,0.1156,0.1562,0.0938,0.0938,amorphous,0,41.814,20.0
609,15.883,0.0900,0.1500,0.0000,0.1250,intermediate,0,18.595,20.0
610,15.167,0.0923,0.1538,0.0000,0.1282,intermediate,0,19.595,20.0
611,5.498,0.0720,0.1220,0.0000,0.0976,amorphous,0,12.899,6.0
612,11.122,0.0774,0.1190,0.0000,0.1190,amorphous,0,36.134,20.0
613,12.368,0.0919,0.1628,0.0000,0.1163,amorphous,0,16.033,20.0
614,20.264,0.0981,0.1852,0.0000,0.1111,amorphous,0,20.950,30.0
615,13.166,0.1352,0.2500,0.0000,0.1591,intermediate,0,22.637,20.0
616,3.797,0.0269,0.0769,0.0000,0.0000,amorphous,0,13.260,6.0
617,6.456,0.0830,0.1277,0.0000,0.1277,intermediate,0,13.409,10.0
618,18.929,0.1739,0.1739,0.1739,0.1739,intermediate,0,36.428,20.0
619,9.185,0.0860,0.1163,0.0698,0.0698,amorphous,0,14.779,10.0
620,20.921,0.0750,0.1364,0.0000,0.0909,amorphous,0,20.799,30.0
621,18.571,0.0867,0.1333,0.0000,0.1333,intermediate,0,25.088,20.0
622,11.746,0.0786,0.1429,0.0000,0.0952,amorphous,0,36.217,20.0
623,8.980,0.1012,0.1667,0.0000,0.1429,intermediate,0,28.726,10.0
624,19.981,0.1609,0.1739,0.1739,0.1304,intermediate,0,46.301,20.0
625,17.593,0.0756,0.1282,0.0000,0.1026,amorphous,0,29.517,20.0
626,4.169,0.0284,0.0811,0.0000,0.0000,amorphous,0,21.435,6.0
627,13.386,0.0909,0.1818,0.0000,0.0909,amorphous,0,37.063,20.0
628,17.411,0.1177,0.2258,0.0000,0.1290,intermediate,0,29.318,20.0
629,9.993,0.1000,0.1860,0.0000,0.1163,amorphous,0,19.095,10.0
630,5.565,0.0720,0.1220,0.0000,0.0976,amorphous,0,28.992,6.0
631,7.625,0.1462,0.2308,0.0769,0.1282,intermediate,0,11.811,10.0
632,13.291,0.0956,0.1778,0.0000,0.1111,amorphous,0,15.895,20.0
633,21.375,0.1320,0.1200,0.1200,0.1600,intermediate,0,23.620,30.0
634,4.071,0.0361,0.0556,0.0000,0.0556,amorphous,0,22.710,6.0
635,9.665,0.1024,0.1905,0.0000,0.1190,amorphous,0,17.236,10.0
636,3.050,0.0171,0.0000,0.0000,0.0571,amorphous,0,20.057,6.0
637,5.239,0.0812,0.1250,0.0000,0.1250,intermediate,0,22.690,6.0
638,10.677,0.0952,0.1905,0.0000,0.0952,amorphous,0,20.991,20.0
639,10.280,0.1149,0.1892,0.0000,0.1622,intermediate,0,29.807,20.0
640,18.688,0.1385,0.2308,0.0000,0.1923,intermediate,0,20.981,20.0
641,21.428,0.1587,0.1739,0.1304,0.1739,intermediate,0,22.372,30.0
642,9.616,0.0732,0.1463,0.0000,0.0732,amorphous,0,14.188,10.0
643,5.951,0.0833,0.1282,0.0000,0.1282,intermediate,0,18.002,6.0
644,16.989,0.1065,0.0968,0.0968,0.1290,amorphous,0,40.079,20.0
645,3.333,0.0756,0.1282,0.0000,0.1026,amorphous,0,11.081,6.0
646,6.117,0.0412,0.0750,0.0000,0.0500,amorphous,0,13.655,10.0
647,8.907,0.0793,0.1522,0.0000,0.0870,amorphous,0,13.539,10.0
648,22.230,0.0717,0.1304,0.0000,0.0870,amorphous,0,33.695,30.0
649,14.644,0.1269,0.2308,0.0000,0.1538,intermediate,0,35.745,20.0
650,17.987,0.0609,0.0938,0.0000,0.0938,amorphous,0,17.860,20.0
651,21.421,0.0971,0.1765,0.0000,0.1176,amorphous,0,21.585,30.0
652,4.034,0.0859,0.1522,0.0000,0.1087,amorphous,0,11.482,6.0
653,5.330,0.1075,0.1250,0.0750,0.1250,intermediate,0,20.321,6.0
654,9.330,0.1225,0.2000,0.0000,0.1750,intermediate,0,24.129,10.0
655,10.967,0.1000,0.1739,0.0000,0.1304,intermediate,0,19.266,20.0
656,11.851,0.1000,0.1860,0.0000,0.1163,amorphous,0,14.345,20.0
657,17.094,0.1592,0.2105,0.1316,0.1316,intermediate,0,18.905,20.0
658,19.522,0.1469,0.1875,0.1250,0.1250,intermediate,0,36.516,20.0
659,2.915,0.1068,0.1892,0.0000,0.1351,intermediate,0,13.342,6.0
660,16.406,0.0420,0.1200,0.0000,0.0000,amorphous,0,38.489,20.0
661,6.974,0.0697,0.1316,0.0000,0.0789,amorphous,0,12.398,10.0
662,3.636,0.0646,0.0732,0.0488,0.0732,amorphous,0,10.430,6.0
663,15.508,0.1068,0.1892,0.0000,0.1351,intermediate,0,20.177,20.0
664,16.440,0.1256,0.2051,0.0000,0.1795,intermediate,0,23.058,20.0
665,9.686,0.0988,0.1628,0.0000,0.1395,intermediate,0,31.476,10.0
666,22.387,0.1184,0.1579,0.0000,0.2105,intermediate,0,32.581,30.0
667,2.983,0.0372,0.0000,0.0465,0.0698,amorphous,0,11.001,6.0
668,12.035,0.0779,0.0698,0.0930,0.0698,amorphous,0,13.606,20.0
669,16.677,0.0309,0.0882,0.0000,0.0000,amorphous,0,16.536,20.0
670,18.642,0.0983,0.1667,0.0000,0.1333,intermediate,0,37.628,20.0
671,22.394,0.1429,0.2857,0.0000,0.1429,intermediate,0,29.276,30.0
672,19.772,0.0350,0.1000,0.0000,0.0000,amorphous,0,45.044,20.0
673,3.757,0.0458,0.0833,0.0000,0.0556,amorphous,0,23.355,6.0
674,19.965,0.1000,0.1538,0.0000,0.1538,intermediate,0,18.203,20.0
675,12.882,0.0819,0.1389,0.0000,0.1111,amorphous,0,37.579,20.0
676,15.506,0.0833,0.1111,0.0556,0.0833,amorphous,0,34.951,20.0
677,19.185,0.1093,0.1852,0.0000,0.1481,intermediate,0,24.633,20.0
678,11.445,0.0622,0.1081,0.0000,0.0811,amorphous,0,33.843,20.0
679,19.583,0.0467,0.1333,0.0000,0.0000,amorphous,0,42.297,20.0
680,15.580,0.0679,0.1282,0.0000,0.0769,amorphous,0,30.689,20.0
681,18.539,0.0750,0.1364,0.0000,0.0909,amorphous,0,42.926,20.0
682,13.207,0.0318,0.0909,0.0000,0.0000,amorphous,0,14.218,20.0
683,8.786,0.0634,0.0976,0.0000,0.0976,amorphous,0,32.416,10.0
684,16.291,0.0676,0.1176,0.0000,0.0882,amorphous,0,37.226,20.0
685,16.671,0.1250,0.2059,0.0000,0.1765,intermediate,0,23.725,20.0
686,18.963,0.1155,0.1379,0.1034,0.1034,amorphous,0,19.330,20.0
687,4.419,0.1167,0.1905,0.0000,0.1667,intermediate,0,12.707,6.0
688,7.503,0.1095,0.1905,0.0000,0.1429,intermediate,0,22.205,10.0
689,12.766,0.0930,0.1860,0.0000,0.0930,amorphous,0,15.245,20.0
690,7.057,0.1000,0.1250,0.0750,0.1000,amorphous,0,10.978,10.0
691,3.690,0.1074,0.1176,0.0882,0.1176,amorphous,0,11.782,6.0
692,2.417,0.0516,0.0938,0.0000,0.0625,amorphous,0,16.565,6.0
693,21.979,0.1182,0.1818,0.0000,0.1818,intermediate,0,24.965,30.0
694,7.045,0.0840,0.1489,0.0000,0.1064,amorphous,0,31.571,10.0
695,8.715,0.0961,0.1842,0.0000,0.1053,amorphous,0,19.172,10.0
696,4.267,0.0619,0.0952,0.0000,0.0952,amorphous,0,25.185,6.0
697,16.181,0.1303,0.2368,0.0000,0.1579,intermediate,0,21.669,20.0
698,4.260,0.0446,0.0811,0.0000,0.0541,amorphous,0,17.179,6.0
699,18.259,0.1682,0.2273,0.1364,0.1364,intermediate,0,42.139,20.0
700,3.410,0.0789,0.0789,0.0789,0.0789,amorphous,0,13.252,6.0
701,16.463,0.1122,0.1951,0.0000,0.1463,intermediate,0,23.239,20.0
702,12.840,0.1378,0.1707,0.0976,0.1463,intermediate,0,21.933,20.0
703,5.662,0.0714,0.1429,0.0000,0.0714,amorphous,0,10.907,6.0
704,14.488,0.1378,0.2683,0.0000,0.1463,intermediate,0,15.469,20.0
705,5.646,0.0890,0.1707,0.0000,0.0976,amorphous,0,9.409,6.0
706,20.930,0.1375,0.2500,0.0000,0.1667,intermediate,0,26.472,30.0
707,9.190,0.1115,0.1538,0.0769,0.1026,amorphous,0,13.504,10.0
708,6.044,0.0963,0.1707,0.0000,0.1220,intermediate,0,25.342,10.0
709,6.790,0.0737,0.1250,0.0000,0.1000,amorphous,0,9.759,10.0
710,21.612,0.1405,0.2381,0.0000,0.1905,intermediate,0,41.315,30.0
711,7.722,0.0608,0.0811,0.0000,0.1081,amorphous,0,10.724,10.0
712,16.040,0.1486,0.2222,0.0833,0.1389,intermediate,0,20.633,20.0
713,17.190,0.1103,0.2051,0.0000,0.1282,intermediate,0,25.509,20.0
714,13.751,0.0609,0.0938,0.0000,0.0938,amorphous,0,34.689,20.0
715,12.369,0.0825,0.1500,0.0000,0.1000,amorphous,0,16.175,20.0
716,9.530,0.0833,0.1282,0.0000,0.1282,intermediate,0,24.923,10.0
717,19.160,0.1017,0.1724,0.0000,0.1379,intermediate,0,26.892,20.0
718,13.933,0.0924,0.1522,0.0000,0.1304,intermediate,0,20.477,20.0
719,19.029,0.1000,0.1818,0.0000,0.1212,intermediate,0,16.199,20.0
720,3.904,0.1237,0.2250,0.0000,0.1500,intermediate,0,13.590,6.0
721,7.371,0.1273,0.2273,0.0000,0.1591,intermediate,0,14.680,10.0
722,8.967,0.0963,0.1707,0.0000,0.1220,intermediate,0,13.314,10.0
723,12.400,0.0622,0.1081,0.0000,0.0811,amorphous,0,14.649,20.0
724,21.318,0.1095,0.1905,0.0000,0.1429,intermediate,0,30.483,30.0
725,9.001,0.1125,0.2045,0.0000,0.1364,intermediate,0,11.549,10.0
726,9.789,0.0476,0.0732,0.0000,0.0732,amorphous,0,11.285,10.0
727,3.843,0.0622,0.1081,0.0000,0.0811,amorphous,0,19.046,6.0
728,5.492,0.0909,0.1818,0.0000,0.0909,amorphous,0,9.151,6.0
729,12.198,0.0966,0.1591,0.0000,0.1364,intermediate,0,18.651,20.0
730,3.270,0.0589,0.1111,0.0000,0.0667,amorphous,0,10.563,6.0
731,17.690,0.1241,0.2069,0.0000,0.1724,intermediate,0,38.523,20.0
732,15.173,0.1872,0.2308,0.1282,0.2051,intermediate,0,20.737,20.0
733,13.555,0.0986,0.1892,0.0000,0.1081,amorphous,0,22.569,20.0
734,20.621,0.1304,0.1739,0.0870,0.1304,intermediate,0,18.058,30.0
735,17.408,0.0719,0.1250,0.0000,0.0938,amorphous,0,28.501,20.0
736,14.151,0.0907,0.1395,0.0000,0.1395,intermediate,0,12.907,20.0
737,4.606,0.0527,0.0811,0.0000,0.0811,amorphous,0,18.045,6.0
738,16.033,0.1204,0.1852,0.0000,0.1852,intermediate,0,32.133,20.0
739,16.768,0.0868,0.1471,0.0000,0.1176,amorphous,0,17.752,20.0
740,19.438,0.1200,0.1600,0.0800,0.1200,intermediate,0,18.945,20.0
741,7.414,0.0631,0.1190,0.0000,0.0714,amorphous,0,10.920,10.0
742,16.968,0.1083,0.1667,0.0000,0.1667,intermediate,0,41.281,20.0
743,18.742,0.1200,0.2000,0.0000,0.1667,intermediate,0,23.755,20.0
744,9.272,0.1053,0.2105,0.0000,0.1053,amorphous,0,29.982,10.0
745,6.501,0.1338,0.2432,0.0000,0.1622,intermediate,0,14.302,10.0
746,9.411,0.2049,0.2927,0.1463,0.1707,intermediate,0,8.664,10.0
747,7.640,0.1364,0.2727,0.0000,0.1364,intermediate,0,10.959,10.0
748,1.595,0.2093,0.2791,0.1395,0.2093,intermediate,0,11.929,6.0
749,3.522,0.0500,0.0870,0.0000,0.0652,amorphous,0,10.107,6.0
750,22.095,0.1045,0.1818,0.0000,0.1364,intermediate,0,28.816,30.0
751,15.263,0.1290,0.2581,0.0000,0.1290,intermediate,0,38.486,20.0
752,20.221,0.1059,0.1765,0.0000,0.1471,intermediate,0,25.632,30.0
753,7.329,0.0869,0.1667,0.0000,0.0952,amorphous,0,28.240,10.0
754,17.610,0.1800,0.2286,0.1143,0.2000,intermediate,0,15.421,20.0
755,15.717,0.0903,0.1389,0.0000,0.1389,intermediate,0,15.894,20.0
756,10.604,0.0536,0.0714,0.0000,0.0952,amorphous,0,12.700,20.0
757,20.759,0.0920,0.1600,0.0000,0.1200,intermediate,0,22.133,30.0
758,15.283,0.0549,0.0732,0.0000,0.0976,amorphous,0,13.923,20.0
759,12.288,0.1262,0.1667,0.0714,0.1429,intermediate,0,27.864,20.0
760,22.275,0.1833,0.3333,0.0000,0.2222,intermediate,0,19.390,30.0
761,9.742,0.0940,0.1667,0.0000,0.1190,amorphous,0,32.612,10.0
762,11.242,0.0890,0.1707,0.0000,0.0976,amorphous,0,20.465,20.0
763,6.517,0.0591,0.0909,0.0000,0.0909,amorphous,0,20.821,10.0
764,14.912,0.1097,0.1944,0.0000,0.1389,intermediate,0,17.496,20.0
765,13.796,0.0667,0.1026,0.0000,0.1026,amorphous,0,24.993,20.0
766,11.214,0.1095,0.1905,0.0000,0.1429,intermediate,0,26.816,20.0
767,15.695,0.1303,0.2368,0.0000,0.1579,intermediate,0,33.698,20.0
768,22.219,0.1579,0.2105,0.1053,0.1579,intermediate,0,34.781,30.0
769,8.365,0.1537,0.2927,0.0000,0.1707,intermediate,0,12.854,10.0
770,11.674,0.1451,0.2683,0.0000,0.1707,intermediate,0,11.998,20.0
771,4.795,0.0657,0.1143,0.0000,0.0857,amorphous,0,16.015,6.0
772,6.505,0.0737,0.1250,0.0000,0.1000,amorphous,0,11.526,10.0
773,16.817,0.1547,0.2812,0.0000,0.1875,intermediate,0,16.053,20.0
774,7.255,0.0786,0.0952,0.0476,0.0952,amorphous,0,14.195,10.0
775,16.366,0.0609,0.0938,0.0000,0.0938,amorphous,0,13.689,20.0
776,20.502,0.1435,0.2609,0.0000,0.1739,intermediate,0,18.603,30.0
777,6.970,0.0756,0.0769,0.0513,0.1026,amorphous,0,8.495,10.0
778,19.195,0.0696,0.1071,0.0000,0.1071,amorphous,0,15.404,20.0
779,6.631,0.0963,0.1707,0.0000,0.1220,intermediate,0,29.167,10.0
780,5.789,0.2750,0.3750,0.1750,0.2750,crystalline,0,8.922,6.0
781,5.047,0.0686,0.1163,0.0000,0.0930,amorphous,0,27.709,6.0
782,21.657,0.1135,0.1923,0.0000,0.1538,intermediate,0,20.071,30.0
783,9.714,0.1070,0.1860,0.0000,0.1395,intermediate,0,15.891,10.0
784,7.090,0.1325,0.2500,0.0000,0.1500,intermediate,0,8.836,10.0
785,4.415,0.1380,0.1957,0.0870,0.1304,intermediate,0,7.696,6.0
786,17.308,0.1054,0.1622,0.0000,0.1622,intermediate,0,14.056,20.0
787,16.470,0.1208,0.1667,0.0833,0.1111,amorphous,0,31.965,20.0
788,18.524,0.0368,0.1053,0.0000,0.0000,amorphous,0,36.115,20.0
789,22.356,0.1184,0.1579,0.0000,0.2105,intermediate,0,21.976,30.0
790,14.025,0.0929,0.1429,0.0000,0.1429,intermediate,0,37.515,20.0
791,17.290,0.0956,0.1471,0.0000,0.1471,intermediate,0,13.259,20.0
792,18.425,0.1404,0.2692,0.0000,0.1538,intermediate,0,39.584,20.0
793,16.219,0.0812,0.1250,0.0000,0.1250,intermediate,0,15.815,20.0
794,10.843,0.1012,0.1163,0.0930,0.0930,amorphous,0,14.071,20.0
795,15.339,0.1147,0.1765,0.0000,0.1765,intermediate,0,28.391,20.0
796,11.793,0.1122,0.1951,0.0000,0.1463,intermediate,0,28.887,20.0
797,4.603,0.0511,0.0889,0.0000,0.0667,amorphous,0,8.033,6.0
798,17.036,0.1606,0.3030,0.0000,0.1818,intermediate,0,34.757,20.0
799,4.879,0.0465,0.0930,0.0000,0.0465,amorphous,0,7.557,6.0
800,10.333,0.0825,0.1500,0.0000,0.1000,amorphous,0,11.488,20.0
801,11.607,0.1359,0.2391,0.0000,0.1739,intermediate,0,10.561,20.0
802,16.645,0.0757,0.1429,0.0000,0.0857,amorphous,0,24.014,20.0
803,20.540,0.1060,0.1200,0.0800,0.1200,intermediate,0,40.059,30.0
804,9.336,0.1167,0.1905,0.0000,0.1667,intermediate,0,18.439,10.0
805,16.826,0.1729,0.2286,0.1429,0.1429,intermediate,0,21.143,20.0
806,8.003,0.0737,0.1250,0.0000,0.1000,amorphous,0,18.941,10.0
807,4.167,0.2149,0.4054,0.0000,0.2432,intermediate,0,9.805,6.0
808,14.503,0.0720,0.1220,0.0000,0.0976,amorphous,0,13.806,20.0
809,4.232,0.0684,0.1053,0.0000,0.1053,amorphous,0,13.264,6.0
810,7.198,0.1878,0.2927,0.0976,0.1707,intermediate,0,12.811,10.0
811,9.670,0.0350,0.1000,0.0000,0.0000,amorphous,0,8.695,10.0
812,3.483,0.1711,0.2222,0.1333,0.1556,intermediate,0,7.952,6.0
813,22.013,0.0619,0.0952,0.0000,0.0952,amorphous,0,16.828,30.0
814,9.136,0.0919,0.1628,0.0000,0.1163,amorphous,0,26.719,10.0
815,9.120,0.0923,0.1538,0.0000,0.1282,intermediate,0,14.560,10.0
816,12.624,0.1013,0.1795,0.0000,0.1282,intermediate,0,26.449,20.0
817,13.821,0.0562,0.0750,0.0000,0.1000,amorphous,0,10.357,20.0
818,19.692,0.1983,0.2759,0.1724,0.1379,intermediate,0,23.085,20.0
819,4.682,0.0686,0.1163,0.0000,0.0930,amorphous,0,22.132,6.0
820,17.243,0.0765,0.1176,0.0000,0.1176,amorphous,0,29.950,20.0
821,5.863,0.0973,0.1622,0.0000,0.1351,intermediate,0,10.494,6.0
822,15.568,0.0663,0.1250,0.0000,0.0750,amorphous,0,14.350,20.0
823,11.688,0.0535,0.0930,0.0000,0.0698,amorphous,0,9.629,20.0
824,7.201,0.1012,0.2093,0.0000,0.0930,amorphous,0,9.424,10.0
825,5.231,0.1013,0.1795,0.0000,0.1282,intermediate,0,24.447,6.0
826,11.737,0.0756,0.1282,0.0000,0.1026,amorphous,0,22.045,20.0
827,21.937,0.0958,0.1667,0.0000,0.1250,intermediate,0,37.602,30.0
828,19.212,0.0922,0.1562,0.0000,0.1250,intermediate,0,34.975,20.0
829,12.500,0.0244,0.0698,0.0000,0.0000,amorphous,0,10.486,20.0
830,15.263,0.1256,0.2051,0.0000,0.1795,intermediate,0,29.854,20.0
831,19.291,0.0810,0.1034,0.0690,0.0690,amorphous,0,15.501,20.0
832,3.210,0.3346,0.4872,0.2051,0.3077,crystalline,0,8.143,6.0
833,13.194,0.1333,0.2381,0.0000,0.1667,intermediate,0,17.897,20.0
834,6.481,0.0956,0.1778,0.0000,0.1111,amorphous,0,9.098,10.0
835,7.201,0.2884,0.3953,0.2093,0.2558,crystalline,0,7.174,10.0
836,8.041,0.1149,0.1892,0.0000,0.1622,intermediate,0,26.724,10.0
837,9.261,0.1500,0.2000,0.1000,0.1500,intermediate,0,30.592,10.0
838,7.009,0.1727,0.3182,0.0000,0.2045,intermediate,0,6.486,10.0
839,16.364,0.1125,0.1875,0.0000,0.1562,intermediate,0,25.907,20.0
840,19.012,0.1823,0.1935,0.1613,0.1935,intermediate,0,27.830,20.0
841,21.846,0.1587,0.3043,0.0000,0.1739,intermediate,0,15.085,30.0
842,14.375,0.1681,0.2222,0.1389,0.1389,intermediate,0,35.252,20.0
843,8.250,0.0800,0.1333,0.0000,0.1111,amorphous,0,11.756,10.0
844,7.726,0.0561,0.0488,0.0488,0.0732,amorphous,0,18.627,10.0
845,19.272,0.1182,0.1818,0.0000,0.1818,intermediate,0,42.341,20.0
846,13.392,0.1265,0.1471,0.0882,0.1471,intermediate,0,12.628,20.0
847,18.386,0.1194,0.2222,0.0000,0.1389,intermediate,0,20.957,20.0
848,20.523,0.1977,0.4091,0.0000,0.1818,intermediate,0,15.712,30.0
849,18.303,0.0697,0.1212,0.0000,0.0909,amorphous,0,15.607,20.0
850,21.805,0.0696,0.0870,0.0000,0.1304,amorphous,0,14.636,30.0
851,8.926,0.0684,0.1053,0.0000,0.1053,amorphous,0,6.932,10.0
852,16.679,0.1264,0.1944,0.0000,0.1944,intermediate,0,11.348,20.0
853,19.309,0.0894,0.1515,0.0000,0.1212,intermediate,0,16.402,20.0
854,10.766,0.0907,0.1395,0.0000,0.1395,intermediate,0,23.582,20.0
855,8.110,0.1011,0.1304,0.0652,0.1087,amorphous,0,19.501,10.0
856,6.925,0.1107,0.2143,0.0000,0.1190,amorphous,0,9.964,10.0
857,9.718,0.1021,0.1667,0.0000,0.1458,intermediate,0,16.515,10.0
858,18.423,0.1952,0.2258,0.1935,0.1613,intermediate,0,19.841,20.0
859,13.560,0.1602,0.2273,0.1136,0.1364,intermediate,0,14.236,20.0
860,8.235,0.0707,0.0976,0.0000,0.1220,amorphous,0,24.489,10.0
861,7.895,0.1273,0.2273,0.0000,0.1591,intermediate,0,12.185,10.0
862,21.994,0.0975,0.1500,0.0000,0.1500,intermediate,0,38.501,30.0
863,14.448,0.0767,0.1395,0.0000,0.0930,amorphous,0,12.528,20.0
864,16.332,0.1433,0.2667,0.0000,0.1667,intermediate,0,36.503,20.0
865,9.202,0.0963,0.1707,0.0000,0.1220,intermediate,0,7.114,10.0
866,17.245,0.0833,0.1667,0.0000,0.0833,amorphous,0,20.286,20.0
867,16.698,0.1776,0.2368,0.1579,0.1316,intermediate,0,18.532,20.0
868,17.407,0.2106,0.3939,0.0000,0.2424,intermediate,0,13.075,20.0
869,7.220,0.1487,0.2750,0.0000,0.1750,intermediate,0,10.517,10.0
870,9.542,0.1678,0.2889,0.0000,0.2222,intermediate,0,6.591,10.0
871,10.758,0.1420,0.2500,0.0000,0.1818,intermediate,0,8.011,20.0
872,15.878,0.0557,0.0857,0.0000,0.0857,amorphous,0,12.199,20.0
873,18.677,0.1853,0.2059,0.1471,0.2059,intermediate,0,18.351,20.0
874,8.931,0.1366,0.2439,0.0000,0.1707,intermediate,0,5.623,10.0
875,14.973,0.1829,0.3421,0.0000,0.2105,intermediate,0,31.580,20.0
876,9.618,0.0947,0.1579,0.0000,0.1316,intermediate,0,10.094,10.0
877,6.529,0.0469,0.0625,0.0000,0.0833,amorphous,0,12.413,10.0
878,11.971,0.1571,0.2857,0.0000,0.1905,intermediate,0,15.954,20.0
879,10.080,0.1382,0.2368,0.0000,0.1842,intermediate,0,11.820,20.0
880,22.313,0.0833,0.1667,0.0000,0.0833,amorphous,0,18.326,30.0
881,14.521,0.1061,0.1220,0.0976,0.0976,amorphous,0,13.138,20.0
882,17.113,0.0672,0.1034,0.0000,0.1034,amorphous,0,31.445,20.0
883,2.562,0.1232,0.1707,0.0976,0.0976,amorphous,0,6.139,6.0
884,16.969,0.2456,0.3235,0.1765,0.2353,intermediate,0,11.639,20.0
885,6.207,0.0615,0.1042,0.0000,0.0833,amorphous,0,16.252,10.0
886,14.964,0.2446,0.3784,0.1351,0.2162,intermediate,0,12.269,20.0
887,12.791,0.1167,0.1795,0.0000,0.1795,intermediate,0,34.338,20.0
888,9.445,0.0702,0.1277,0.0000,0.0851,amorphous,0,17.016,10.0
889,6.018,0.0805,0.1463,0.0000,0.0976,amorphous,0,12.229,10.0
890,11.823,0.1151,0.2093,0.0000,0.1395,intermediate,0,19.592,20.0
891,20.834,0.0437,0.1250,0.0000,0.0000,amorphous,0,29.161,30.0
892,13.828,0.1322,0.2444,0.0000,0.1556,intermediate,0,15.443,20.0
893,9.233,0.0756,0.1163,0.0000,0.1163,amorphous,0,17.614,10.0
894,19.907,0.1472,0.1667,0.1111,0.1667,intermediate,0,39.930,20.0
895,5.077,0.0825,0.1000,0.0500,0.1000,amorphous,0,7.517,6.0
896,6.474,0.1782,0.3333,0.0000,0.2051,intermediate,0,6.178,10.0
897,19.488,0.2289,0.2632,0.2105,0.2105,intermediate,0,41.329,20.0
898,13.494,0.1053,0.1915,0.0000,0.1277,intermediate,0,22.642,20.0
899,8.512,0.1233,0.2000,0.0000,0.1778,intermediate,0,22.011,10.0
900,6.829,0.0793,0.1522,0.0000,0.0870,amorphous,0,15.186,10.0
901,5.925,0.2400,0.4500,0.0000,0.2750,intermediate,0,9.026,6.0
902,8.296,0.1150,0.2000,0.0000,0.1500,intermediate,0,7.997,10.0
903,10.271,0.0859,0.1522,0.0000,0.1087,amorphous,0,23.203,20.0
904,13.930,0.0987,0.1750,0.0000,0.1250,intermediate,0,17.257,20.0
905,22.502,0.0929,0.1429,0.0000,0.1429,intermediate,0,28.049,30.0
906,7.055,0.0818,0.1364,0.0000,0.1136,amorphous,0,23.041,10.0
907,11.116,0.2152,0.3913,0.0000,0.2609,intermediate,0,8.214,20.0
908,6.868,0.1964,0.3571,0.0000,0.2381,intermediate,0,5.137,10.0
909,12.736,0.0476,0.0732,0.0000,0.0732,amorphous,0,8.935,20.0
910,21.419,0.1818,0.2273,0.1364,0.1818,intermediate,0,21.917,30.0
911,18.280,0.1362,0.2414,0.0000,0.1724,intermediate,0,17.401,20.0
912,22.003,0.1971,0.2941,0.1176,0.1765,intermediate,0,20.647,30.0
913,8.591,0.1694,0.3265,0.0000,0.1837,intermediate,0,7.432,10.0
914,4.288,0.2953,0.3953,0.2093,0.2791,crystalline,0,8.399,6.0
915,11.775,0.1854,0.3415,0.0000,0.2195,intermediate,0,9.652,20.0
916,15.092,0.1341,0.2273,0.0000,0.1818,intermediate,0,26.696,20.0
917,20.700,0.1231,0.1538,0.0000,0.2308,intermediate,0,12.941,30.0
918,15.541,0.0961,0.1053,0.0789,0.1053,amorphous,0,24.971,20.0
919,11.554,0.0580,0.0682,0.0000,0.1136,amorphous,0,20.624,20.0
920,8.888,0.0833,0.1373,0.0000,0.1176,amorphous,0,14.218,10.0
921,20.290,0.1179,0.2143,0.0000,0.1429,intermediate,0,22.455,30.0
922,10.444,0.1266,0.2340,0.0000,0.1489,intermediate,0,13.069,20.0
923,13.962,0.1325,0.2500,0.0000,0.1500,intermediate,0,13.708,20.0
924,10.215,0.1469,0.2449,0.0000,0.2041,intermediate,0,6.335,20.0
925,16.289,0.1487,0.1579,0.1316,0.1579,intermediate,0,15.458,20.0
926,14.755,0.1566,0.2895,0.0000,0.1842,intermediate,0,32.659,20.0
927,15.050,0.2097,0.3611,0.0000,0.2778,intermediate,0,9.002,20.0
928,14.011,0.1137,0.1750,0.0000,0.1750,intermediate,0,34.577,20.0
929,17.688,0.0591,0.0909,0.0000,0.0909,amorphous,0,9.885,20.0
930,8.621,0.1795,0.3182,0.0000,0.2273,intermediate,0,7.476,10.0
931,9.882,0.1000,0.1860,0.0000,0.1163,amorphous,0,13.781,10.0
932,11.031,0.1057,0.2045,0.0000,0.1136,amorphous,0,5.366,20.0
933,10.187,0.1417,0.2619,0.0000,0.1667,intermediate,0,9.650,20.0
934,20.252,0.0909,0.1818,0.0000,0.0909,amorphous,0,34.439,30.0
935,18.597,0.0500,0.0909,0.0000,0.0606,amorphous,0,10.627,20.0
936,19.075,0.1603,0.1379,0.1724,0.1724,intermediate,0,31.226,20.0
937,15.070,0.0878,0.1351,0.0000,0.1351,intermediate,0,7.740,20.0
938,8.610,0.1370,0.2609,0.0000,0.1522,intermediate,0,11.357,10.0
939,8.619,0.1012,0.1667,0.0000,0.1429,intermediate,0,26.841,10.0
940,7.544,0.1075,0.2000,0.0000,0.1250,intermediate,0,20.586,10.0
941,12.013,0.0966,0.1591,0.0000,0.1364,intermediate,0,20.718,20.0
942,4.795,0.2171,0.3947,0.0000,0.2632,intermediate,0,6.020,6.0
943,17.674,0.1870,0.2593,0.1481,0.1481,intermediate,0,36.179,20.0
944,16.831,0.1486,0.2286,0.0000,0.2286,intermediate,0,22.140,20.0
945,17.273,0.2077,0.2692,0.1923,0.1538,intermediate,0,37.563,20.0
946,18.451,0.1179,0.2143,0.0000,0.1429,intermediate,0,9.567,20.0
947,8.369,0.0857,0.1429,0.0000,0.1190,amorphous,0,25.611,10.0
948,20.603,0.0885,0.1538,0.0000,0.1154,amorphous,0,15.515,30.0
949,7.895,0.0737,0.1250,0.0000,0.1000,amorphous,0,4.586,10.0
950,19.539,0.1340,0.1600,0.1200,0.1200,intermediate,0,26.963,20.0
951,18.157,0.1739,0.1739,0.1739,0.1739,intermediate,0,39.261,20.0
952,14.482,0.1726,0.3095,0.0000,0.2143,intermediate,0,27.777,20.0
953,8.962,0.2056,0.3778,0.0000,0.2444,intermediate,0,5.764,10.0
954,11.928,0.0750,0.1364,0.0000,0.0909,amorphous,0,7.011,20.0
955,7.334,0.0923,0.1538,0.0000,0.1282,intermediate,0,9.463,10.0
956,22.382,0.0941,0.1176,0.0000,0.1765,amorphous,0,12.965,30.0
957,9.240,0.0805,0.1463,0.0000,0.0976,amorphous,0,13.817,10.0
958,12.240,0.0650,0.1000,0.0000,0.1000,amorphous,0,9.408,20.0
959,21.564,0.0929,0.1429,0.0000,0.1429,intermediate,0,17.421,30.0
960,10.785,0.0789,0.0789,0.0789,0.0789,amorphous,0,8.746,20.0
961,21.544,0.1083,0.1667,0.0000,0.1667,intermediate,0,11.868,30.0
962,10.896,0.0766,0.1277,0.0000,0.1064,amorphous,0,19.725,20.0
963,20.937,0.1152,0.2174,0.0000,0.1304,intermediate,0,31.983,30.0
964,15.088,0.1400,0.2500,0.0000,0.1750,intermediate,0,20.216,20.0
965,21.687,0.1065,0.1935,0.0000,0.1290,intermediate,0,21.413,30.0
966,16.286,0.0868,0.1471,0.0000,0.1176,amorphous,0,11.823,20.0
967,19.023,0.1960,0.3200,0.0000,0.2800,intermediate,0,13.706,20.0
968,11.899,0.0702,0.1190,0.0000,0.0952,amorphous,0,8.281,20.0
969,18.004,0.0839,0.1290,0.0000,0.1290,intermediate,0,26.389,20.0
970,6.668,0.2380,0.4565,0.0000,0.2609,intermediate,0,6.686,10.0
971,13.648,0.0458,0.0833,0.0000,0.0556,amorphous,0,5.933,20.0
972,22.564,0.1875,0.3750,0.0000,0.1875,intermediate,0,16.257,30.0
973,10.973,0.1117,0.1915,0.0000,0.1489,intermediate,0,18.474,20.0
974,12.582,0.1686,0.1628,0.1395,0.2093,intermediate,0,29.918,20.0
975,10.079,0.1807,0.3409,0.0000,0.2045,intermediate,0,5.664,20.0
976,8.229,0.0667,0.1026,0.0000,0.1026,amorphous,0,19.740,10.0
977,11.074,0.2036,0.3571,0.0000,0.2619,intermediate,0,3.736,20.0
978,7.775,0.2786,0.3810,0.1905,0.2619,crystalline,0,9.284,10.0
979,3.496,0.3114,0.4318,0.2045,0.2955,crystalline,0,4.358,6.0
980,13.539,0.1205,0.1538,0.1026,0.1026,amorphous,0,23.448,20.0
981,15.218,0.0879,0.1212,0.0000,0.1515,intermediate,0,6.573,20.0
982,9.420,0.2867,0.3878,0.2041,0.2653,crystalline,0,3.388,10.0
983,15.183,0.1179,0.2051,0.0000,0.1538,intermediate,0,14.917,20.0
984,17.064,0.1303,0.2368,0.0000,0.1579,intermediate,0,16.813,20.0
985,13.670,0.1134,0.2195,0.0000,0.1220,intermediate,0,29.669,20.0
986,11.077,0.0833,0.1042,0.0625,0.0833,amorphous,0,12.708,20.0
987,20.733,0.0750,0.1364,0.0000,0.0909,amorphous,0,29.858,30.0
988,17.486,0.1243,0.1429,0.1143,0.1143,amorphous,0,26.758,20.0
989,9.920,0.0869,0.1667,0.0000,0.0952,amorphous,0,8.967,10.0
990,17.533,0.1344,0.1250,0.1250,0.1562,intermediate,0,22.495,20.0
991,19.429,0.1318,0.1515,0.1212,0.1212,intermediate,0,20.889,20.0
992,16.681,0.1143,0.2286,0.0000,0.1143,amorphous,0,25.130,20.0
993,9.669,0.1851,0.2553,0.1277,0.1702,intermediate,0,7.218,10.0
994,5.682,0.2567,0.4667,0.0000,0.3111,crystalline,0,7.572,6.0
995,22.101,0.1553,0.2632,0.0000,0.2105,intermediate,0,11.281,30.0
996,10.807,0.1283,0.2174,0.0000,0.1739,intermediate,0,10.845,20.0
997,11.664,0.1384,0.2558,0.0000,0.1628,intermediate,0,23.495,20.0
998,6.313,0.1311,0.2222,0.0000,0.1778,intermediate,0,4.877,10.0
999,9.447,0.1400,0.2667,0.0000,0.1556,intermediate,0,5.719,10.0
1000,14.058,0.0987,0.1750,0.0000,0.1250,intermediate,0,12.212,20.0
1001,16.157,0.0929,0.1429,0.0000,0.1429,intermediate,0,31.074,20.0
1002,12.594,0.1090,0.1795,0.0000,0.1538,intermediate,0,7.754,20.0
1003,16.551,0.2797,0.5312,0.0000,0.3125,crystalline,0,9.292,20.0
1004,16.597,0.1426,0.2059,0.0000,0.2353,intermediate,0,7.422,20.0
1005,17.107,0.1429,0.1714,0.1143,0.1429,intermediate,0,13.128,20.0
1006,12.169,0.1076,0.1957,0.0000,0.1304,intermediate,0,10.187,20.0
1007,12.954,0.0966,0.1591,0.0000,0.1364,intermediate,0,12.672,20.0
1008,20.896,0.0467,0.1333,0.0000,0.0000,amorphous,0,32.372,30.0
1009,17.548,0.0868,0.1471,0.0000,0.1176,amorphous,0,10.712,20.0
1010,2.345,0.3580,0.5000,0.2500,0.3182,crystalline,0,4.614,6.0
1011,9.289,0.2396,0.4167,0.0000,0.3125,intermediate,0,3.646,10.0
1012,16.542,0.1613,0.1935,0.1290,0.1613,intermediate,0,36.001,20.0
1013,14.924,0.0619,0.0952,0.0000,0.0952,amorphous,0,21.793,20.0
1014,9.153,0.0818,0.1364,0.0000,0.1136,amorphous,0,10.886,10.0
1015,11.101,0.1286,0.2449,0.0000,0.1429,intermediate,0,18.211,20.0
1016,11.056,0.1026,0.1579,0.0000,0.1579,intermediate,0,21.364,20.0
1017,21.206,0.2381,0.4762,0.0000,0.2381,intermediate,0,13.365,30.0
1018,13.098,0.1132,0.2105,0.0000,0.1316,intermediate,0,31.341,20.0
1019,10.206,0.1793,0.3261,0.0000,0.2174,intermediate,0,9.996,20.0
1020,8.343,0.1031,0.1875,0.0000,0.1250,intermediate,0,11.401,10.0
1021,18.912,0.1286,0.2143,0.0000,0.1786,intermediate,0,19.655,20.0
1022,14.875,0.1167,0.1905,0.0000,0.1667,intermediate,0,22.853,20.0
1023,17.795,0.0629,0.0968,0.0000,0.0968,amorphous,0,9.298,20.0
1024,10.235,0.1881,0.3333,0.0000,0.2381,intermediate,0,6.989,20.0
1025,18.004,0.2621,0.4828,0.0000,0.3103,crystalline,0,10.728,20.0
1026,10.925,0.0890,0.1707,0.0000,0.0976,amorphous,0,13.028,20.0
1027,8.950,0.1568,0.2727,0.0000,0.2045,intermediate,0,9.872,10.0
1028,11.755,0.0973,0.1622,0.0000,0.1351,intermediate,0,3.151,20.0
1029,20.695,0.1500,0.1852,0.1481,0.1111,intermediate,0,14.915,30.0
1030,20.451,0.2154,0.3846,0.0000,0.2692,intermediate,0,10.098,30.0
1031,9.543,0.1359,0.2564,0.0000,0.1538,intermediate,0,6.209,10.0
1032,10.740,0.1191,0.2128,0.0000,0.1489,intermediate,0,17.365,20.0
1033,17.729,0.0697,0.1316,0.0000,0.0789,amorphous,0,10.255,20.0
1034,6.450,0.2477,0.4545,0.0000,0.2955,intermediate,0,5.240,10.0
1035,21.047,0.1682,0.1818,0.1818,0.1364,intermediate,0,23.068,30.0
1036,19.614,0.1635,0.2162,0.1351,0.1351,intermediate,0,16.257,20.0
1037,12.793,0.1650,0.3000,0.0000,0.2000,intermediate,0,4.227,20.0
1038,7.602,0.1134,0.2195,0.0000,0.1220,intermediate,0,3.306,10.0
1039,15.313,0.1037,0.1707,0.0000,0.1463,intermediate,0,16.643,20.0
1040,20.065,0.0821,0.1429,0.0000,0.1071,amorphous,0,12.182,30.0
1041,6.590,0.1167,0.2000,0.0000,0.1556,intermediate,0,2.506,10.0
1042,13.691,0.1103,0.2051,0.0000,0.1282,intermediate,0,26.406,20.0
1043,21.970,0.0786,0.1429,0.0000,0.0952,amorphous,0,12.868,30.0
1044,11.950,0.1000,0.1860,0.0000,0.1163,amorphous,0,13.815,20.0
1045,20.587,0.0727,0.0909,0.0000,0.1364,amorphous,0,8.679,30.0
1046,21.688,0.0842,0.1053,0.0000,0.1579,amorphous,0,9.774,30.0
1047,17.205,0.0676,0.1176,0.0000,0.0882,amorphous,0,7.459,20.0
1048,18.336,0.0606,0.1212,0.0000,0.0606,amorphous,0,7.370,20.0
1049,14.472,0.2888,0.5250,0.0000,0.3500,crystalline,0,6.655,20.0
1050,9.841,0.1244,0.2222,0.0000,0.1556,intermediate,0,11.657,10.0
1051,17.721,0.1738,0.1905,0.1429,0.1905,intermediate,0,32.943,20.0
1052,15.872,0.0922,0.1562,0.0000,0.1250,intermediate,0,4.819,20.0
1053,14.487,0.0878,0.1633,0.0000,0.1020,amorphous,0,16.952,20.0
1054,12.444,0.1833,0.3333,0.0000,0.2222,intermediate,0,1.910,20.0
1055,14.095,0.0971,0.1176,0.0588,0.1176,amorphous,0,4.126,20.0
1056,13.628,0.1313,0.2250,0.0000,0.1750,intermediate,0,12.227,20.0
1057,12.863,0.0857,0.1429,0.0000,0.1190,amorphous,0,10.269,20.0
1058,21.299,0.1174,0.1304,0.1304,0.0870,intermediate,0,23.541,30.0
1059,14.045,0.1650,0.3000,0.0000,0.2000,intermediate,0,24.598,20.0
1060,11.276,0.0966,0.1591,0.0000,0.1364,intermediate,0,25.001,20.0
1061,11.544,0.3267,0.4651,0.2093,0.3023,crystalline,0,5.868,20.0
1062,12.292,0.0476,0.0732,0.0000,0.0732,amorphous,0,16.546,20.0
1063,19.845,0.0868,0.1579,0.0000,0.1053,amorphous,0,33.121,20.0
1064,15.217,0.1162,0.2059,0.0000,0.1471,intermediate,0,27.272,20.0
1065,20.762,0.1500,0.3000,0.0000,0.1500,intermediate,0,12.919,30.0
1066,12.298,0.0686,0.1163,0.0000,0.0930,amorphous,0,7.394,20.0
1067,17.171,0.0819,0.1389,0.0000,0.1111,amorphous,0,11.652,20.0
1068,6.194,0.3076,0.5435,0.0000,0.3913,crystalline,0,2.901,10.0
1069,14.483,0.0833,0.0833,0.0833,0.0833,amorphous,0,7.448,20.0
1070,10.506,0.0592,0.0789,0.0000,0.1053,amorphous,0,5.538,20.0
1071,21.348,0.1587,0.3043,0.0000,0.1739,intermediate,0,8.434,30.0
1072,21.144,0.1182,0.1818,0.0000,0.1818,intermediate,0,9.137,30.0
1073,10.066,0.1311,0.2222,0.0000,0.1778,intermediate,0,7.007,20.0
1074,5.487,0.3581,0.4884,0.2558,0.3256,crystalline,0,5.499,6.0
1075,10.445,0.0915,0.1702,0.0000,0.1064,amorphous,0,10.555,20.0
1076,18.176,0.0788,0.1212,0.0000,0.1212,intermediate,0,10.857,20.0
1077,8.373,0.2938,0.4000,0.2250,0.2500,crystalline,0,7.357,10.0
1078,16.649,0.1273,0.2273,0.0000,0.1591,intermediate,0,16.409,20.0
1079,18.853,0.1469,0.1875,0.1250,0.1250,intermediate,0,13.730,20.0
1080,6.595,0.1122,0.1951,0.0000,0.1463,intermediate,0,2.762,10.0
1081,13.021,0.1919,0.3488,0.0000,0.2326,intermediate,0,2.806,20.0
1082,17.786,0.1654,0.3077,0.0000,0.1923,intermediate,0,10.282,20.0
1083,15.059,0.0915,0.1702,0.0000,0.1064,amorphous,0,12.826,20.0
1084,12.354,0.1037,0.1707,0.0000,0.1463,intermediate,0,26.683,20.0
1085,14.991,0.1667,0.2222,0.1111,0.1667,intermediate,0,32.269,20.0
1086,17.616,0.2226,0.3871,0.0000,0.2903,intermediate,0,9.923,20.0
1087,21.863,0.1460,0.1600,0.1200,0.1600,intermediate,0,15.854,30.0
1088,16.001,0.0458,0.0833,0.0000,0.0556,amorphous,0,4.998,20.0
1089,13.606,0.1833,0.3333,0.0000,0.2222,intermediate,0,1.838,20.0
1090,8.260,0.2457,0.4468,0.0000,0.2979,intermediate,0,1.352,10.0
1091,16.234,0.2000,0.3636,0.0000,0.2424,intermediate,0,5.323,20.0
1092,20.069,0.1324,0.1765,0.0000,0.2353,intermediate,0,39.308,30.0
1093,17.159,0.0660,0.1200,0.0000,0.0800,amorphous,0,4.709,20.0
1094,21.360,0.1019,0.1923,0.0000,0.1154,amorphous,0,15.412,30.0
1095,11.016,0.1659,0.3182,0.0000,0.1818,intermediate,0,6.945,20.0
1096,11.113,0.0548,0.0952,0.0000,0.0714,amorphous,0,14.226,20.0
1097,12.587,0.0798,0.1190,0.0476,0.0714,amorphous,0,15.882,20.0
1098,22.267,0.1211,0.2105,0.0000,0.1579,intermediate,0,26.556,30.0
1099,3.050,0.4071,0.5476,0.3095,0.3571,crystalline,0,3.785,6.0
1100,14.743,0.1278,0.2222,0.0000,0.1667,intermediate,0,30.582,20.0
1101,13.596,0.1352,0.2500,0.0000,0.1591,intermediate,0,10.252,20.0
1102,21.686,0.0825,0.1500,0.0000,0.1000,amorphous,0,9.444,30.0
1103,8.261,0.2151,0.3953,0.0000,0.2558,intermediate,0,1.933,10.0
1104,17.275,0.1444,0.2222,0.0000,0.2222,intermediate,0,24.954,20.0
1105,15.671,0.0737,0.1250,0.0000,0.1000,amorphous,0,9.727,20.0
1106,13.526,0.1595,0.2143,0.1190,0.1429,intermediate,0,10.359,20.0
1107,15.750,0.1211,0.2105,0.0000,0.1579,intermediate,0,10.501,20.0
1108,15.238,0.1622,0.1951,0.1220,0.1707,intermediate,0,19.899,20.0
1109,11.481,0.0766,0.1277,0.0000,0.1064,amorphous,0,8.188,20.0
1110,21.061,0.1222,0.2222,0.0000,0.1481,intermediate,0,28.819,30.0
1111,14.836,0.3153,0.4167,0.2222,0.3056,crystalline,0,7.305,20.0
1112,15.989,0.0550,0.1000,0.0000,0.0667,amorphous,0,2.994,20.0
1113,11.129,0.0576,0.1087,0.0000,0.0652,amorphous,0,13.637,20.0
1114,19.005,0.1031,0.1875,0.0000,0.1250,intermediate,0,21.909,20.0
1115,19.172,0.0897,0.1379,0.0000,0.1379,intermediate,0,23.959,20.0
1116,10.686,0.2053,0.4043,0.0000,0.2128,intermediate,0,7.828,20.0
1117,6.816,0.2446,0.4565,0.0000,0.2826,intermediate,0,2.233,10.0
1118,12.940,0.1256,0.2051,0.0000,0.1795,intermediate,0,27.591,20.0
1119,11.913,0.2128,0.2766,0.1489,0.2128,intermediate,0,0.381,20.0
1120,10.076,0.1988,0.3488,0.0000,0.2558,intermediate,0,3.318,20.0
1121,13.299,0.0878,0.1351,0.0000,0.1351,intermediate,0,4.945,20.0
1122,12.373,0.1118,0.1842,0.0000,0.1579,intermediate,0,17.623,20.0
1123,13.844,0.1435,0.2609,0.0000,0.1739,intermediate,0,14.910,20.0
1124,13.721,0.2370,0.4348,0.0000,0.2826,intermediate,0,1.093,20.0
1125,20.286,0.1071,0.2143,0.0000,0.1071,amorphous,0,16.189,30.0
1126,18.403,0.0574,0.0882,0.0000,0.0882,amorphous,0,7.080,20.0
1127,17.011,0.0672,0.1034,0.0000,0.1034,amorphous,0,7.727,20.0
1128,18.116,0.2058,0.2692,0.1538,0.1923,intermediate,0,35.464,20.0
1129,11.244,0.1767,0.3333,0.0000,0.2000,intermediate,0,5.852,20.0
1130,21.297,0.0868,0.1579,0.0000,0.1053,amorphous,0,6.701,30.0
1131,21.664,0.1675,0.2000,0.1500,0.1500,intermediate,0,26.362,30.0
1132,13.836,0.1289,0.2105,0.0000,0.1842,intermediate,0,1.609,20.0
1133,9.696,0.2535,0.4651,0.0000,0.3023,crystalline,0,1.554,10.0
1134,22.218,0.1542,0.2083,0.1250,0.1250,intermediate,0,16.859,30.0
1135,14.535,0.1143,0.2041,0.0000,0.1429,intermediate,0,15.777,20.0
1136,12.780,0.0956,0.1778,0.0000,0.1111,amorphous,0,21.699,20.0
1137,20.114,0.1500,0.2308,0.0000,0.2308,intermediate,0,6.290,30.0
1138,14.265,0.1513,0.2564,0.0000,0.2051,intermediate,0,22.545,20.0
1139,17.471,0.1788,0.2308,0.1154,0.1923,intermediate,0,4.081,20.0
1140,20.486,0.2188,0.3750,0.0000,0.2917,intermediate,0,32.707,30.0
1141,12.587,0.2756,0.3778,0.2000,0.2444,crystalline,0,3.691,20.0
1142,11.938,0.2183,0.4146,0.0000,0.2439,intermediate,0,1.880,20.0
1143,19.768,0.0767,0.1333,0.0000,0.1000,amorphous,0,21.771,20.0
1144,22.005,0.0717,0.1304,0.0000,0.0870,amorphous,0,11.132,30.0
1145,14.766,0.1000,0.1538,0.0000,0.1538,intermediate,0,12.057,20.0
1146,11.453,0.1375,0.2500,0.0000,0.1667,intermediate,0,7.679,20.0
1147,15.673,0.1291,0.2093,0.0000,0.1860,intermediate,0,19.772,20.0
1148,17.098,0.0300,0.0857,0.0000,0.0000,amorphous,0,7.883,20.0
1149,18.951,0.1059,0.1765,0.0000,0.1471,intermediate,0,13.195,20.0
1150,9.128,0.2532,0.4681,0.0000,0.2979,crystalline,0,3.160,10.0
1151,6.375,0.2750,0.5000,0.0000,0.3333,crystalline,0,0.572,10.0
1152,11.462,0.0963,0.1707,0.0000,0.1220,intermediate,0,19.046,20.0
1153,16.266,0.1306,0.1944,0.0833,0.1111,amorphous,0,23.971,20.0
1154,1.798,0.2852,0.5227,0.0000,0.3409,crystalline,0,0.828,6.0
1155,12.080,0.2217,0.3913,0.0000,0.2826,intermediate,0,6.210,20.0
1156,11.071,0.2023,0.4186,0.0000,0.1860,intermediate,0,6.166,20.0
1157,8.960,0.2711,0.4889,0.0000,0.3333,crystalline,0,-0.140,10.0
1158,21.426,0.1000,0.1739,0.0000,0.1304,intermediate,0,10.960,30.0
1159,10.981,0.2567,0.4667,0.0000,0.3111,crystalline,0,-0.398,20.0
1160,19.960,0.2896,0.5417,0.0000,0.3333,crystalline,0,7.752,20.0
1161,16.898,0.0765,0.1176,0.0000,0.1176,amorphous,0,8.675,20.0
1162,20.739,0.1300,0.2000,0.0000,0.2000,intermediate,0,33.871,30.0
1163,16.838,0.1243,0.2162,0.0000,0.1622,intermediate,0,11.713,20.0
1164,13.003,0.2206,0.4118,0.0000,0.2549,intermediate,0,1.977,20.0
1165,15.988,0.3045,0.4242,0.2121,0.2727,crystalline,0,2.686,20.0
1166,17.460,0.2845,0.5172,0.0000,0.3448,crystalline,0,6.946,20.0
1167,14.920,0.1441,0.2353,0.0000,0.2059,intermediate,0,0.126,20.0
1168,20.764,0.0920,0.1600,0.0000,0.1200,intermediate,0,6.322,30.0
1169,13.266,0.0777,0.1489,0.0000,0.0851,amorphous,0,13.504,20.0
1170,22.406,0.1083,0.1667,0.0000,0.1667,intermediate,0,9.065,30.0
1171,17.363,0.1729,0.2286,0.1429,0.1429,intermediate,0,17.182,20.0
1172,15.609,0.1590,0.2564,0.0000,0.2308,intermediate,0,2.550,20.0
1173,20.748,0.1857,0.2857,0.0000,0.2857,intermediate,0,27.824,30.0
1174,7.190,0.2872,0.5106,0.0000,0.3617,crystalline,0,4.041,10.0
1175,15.706,0.1382,0.2368,0.0000,0.1842,intermediate,0,20.832,20.0
1176,16.914,0.1289,0.2105,0.0000,0.1842,intermediate,0,11.701,20.0
1177,20.932,0.1800,0.3000,0.0000,0.2500,intermediate,0,6.314,30.0
1178,10.250,0.1927,0.3415,0.0000,0.2439,intermediate,0,2.531,20.0
1179,13.896,0.0591,0.0909,0.0000,0.0909,amorphous,0,12.502,20.0
1180,12.168,0.1580,0.2955,0.0000,0.1818,intermediate,0,2.189,20.0
1181,10.185,0.0750,0.1500,0.0000,0.0750,amorphous,0,1.960,20.0
1182,16.788,0.0906,0.1250,0.0000,0.1562,intermediate,0,16.389,20.0
1183,9.295,0.3691,0.4681,0.2766,0.3617,crystalline,0,4.753,10.0
1184,16.349,0.1014,0.1944,0.0000,0.1111,amorphous,0,9.887,20.0
1185,15.004,0.1000,0.2162,0.0000,0.0811,amorphous,0,4.549,20.0
1186,22.094,0.1095,0.1905,0.0000,0.1429,intermediate,0,22.755,30.0
1187,15.267,0.1111,0.1111,0.1111,0.1111,amorphous,0,13.882,20.0
1188,12.140,0.1255,0.2128,0.0000,0.1702,intermediate,0,7.616,20.0
1189,20.059,0.0929,0.1429,0.0000,0.1429,intermediate,0,15.665,30.0
1190,12.679,0.2198,0.3958,0.0000,0.2708,intermediate,0,6.467,20.0
1191,15.884,0.0667,0.1026,0.0000,0.1026,amorphous,0,16.514,20.0
1192,18.633,0.1621,0.1818,0.1515,0.1515,intermediate,0,24.816,20.0
1193,7.478,0.3273,0.4318,0.2500,0.2955,crystalline,0,-1.010,10.0
1194,12.652,0.0886,0.1364,0.0000,0.1364,intermediate,0,19.974,20.0
1195,15.640,0.1162,0.2059,0.0000,0.1471,intermediate,0,29.035,20.0
1196,20.825,0.1093,0.1852,0.0000,0.1481,intermediate,0,15.099,30.0
1197,11.217,0.2383,0.4255,0.0000,0.2979,intermediate,0,3.204,20.0
1198,18.444,0.1250,0.2059,0.0000,0.1765,intermediate,0,13.436,20.0
1199,15.479,0.2847,0.5278,0.0000,0.3333,crystalline,0,2.976,20.0
1200,15.264,0.3703,0.5405,0.2162,0.3514,crystalline,0,4.309,20.0
1201,9.929,0.2195,0.3171,0.1220,0.2195,intermediate,0,1.161,10.0
1202,13.885,0.1738,0.2143,0.1190,0.1905,intermediate,0,23.030,20.0
1203,21.033,0.1031,0.1875,0.0000,0.1250,intermediate,0,29.887,30.0
1204,14.850,0.1217,0.2174,0.0000,0.1522,intermediate,0,8.797,20.0
1205,17.073,0.2000,0.3226,0.0000,0.2903,intermediate,0,6.500,20.0
1206,21.105,0.0687,0.1250,0.0000,0.0833,amorphous,0,10.557,30.0
1207,12.983,0.1659,0.3182,0.0000,0.1818,intermediate,0,7.048,20.0
1208,5.683,0.4011,0.5333,0.2889,0.3778,crystalline,0,-0.885,6.0
1209,12.557,0.1293,0.2391,0.0000,0.1522,intermediate,0,8.443,20.0
1210,5.695,0.2870,0.5217,0.0000,0.3478,crystalline,0,1.712,6.0
1211,8.510,0.2561,0.4694,0.0000,0.3061,crystalline,0,1.455,10.0
1212,12.756,0.0489,0.0851,0.0000,0.0638,amorphous,0,9.784,20.0
1213,12.533,0.1622,0.1951,0.1220,0.1707,intermediate,0,-1.280,20.0
1214,9.583,0.1262,0.2381,0.0000,0.1429,intermediate,0,-1.024,10.0
1215,20.593,0.0825,0.1500,0.0000,0.1000,amorphous,0,3.538,30.0
1216,20.320,0.1000,0.1250,0.0000,0.1875,intermediate,0,2.822,30.0
1217,10.760,0.1474,0.2632,0.0000,0.1842,intermediate,0,-0.499,20.0
1218,19.810,0.1742,0.2424,0.1515,0.1212,intermediate,0,18.048,20.0
1219,16.839,0.1359,0.2564,0.0000,0.1538,intermediate,0,16.167,20.0
1220,12.044,0.2238,0.4250,0.0000,0.2500,intermediate,0,1.410,20.0
1221,8.106,0.2693,0.4773,0.0000,0.3409,crystalline,0,2.380,10.0
1222,15.172,0.1244,0.2222,0.0000,0.1556,intermediate,0,15.989,20.0
1223,21.622,0.1639,0.2778,0.0000,0.2222,intermediate,0,9.477,30.0
1224,18.179,0.0433,0.0667,0.0000,0.0667,amorphous,0,3.951,20.0
1225,19.442,0.2208,0.4167,0.0000,0.2500,intermediate,0,29.549,20.0
1226,16.162,0.0930,0.1163,0.0698,0.0930,amorphous,0,8.966,20.0
1227,20.601,0.2545,0.4545,0.0000,0.3182,crystalline,0,8.382,30.0
1228,9.259,0.1162,0.2250,0.0000,0.1250,intermediate,0,-0.646,10.0
1229,15.047,0.1412,0.1750,0.1000,0.1500,intermediate,0,4.632,20.0
1230,20.768,0.2118,0.3529,0.0000,0.2941,intermediate,0,34.432,30.0
1231,15.390,0.1125,0.2045,0.0000,0.1364,intermediate,0,9.424,20.0
1232,19.849,0.2232,0.3929,0.0000,0.2857,intermediate,0,3.764,20.0
1233,17.841,0.0605,0.1053,0.0000,0.0789,amorphous,0,8.394,20.0
1234,14.421,0.1107,0.1667,0.0476,0.1190,amorphous,0,12.724,20.0
1235,12.936,0.1833,0.3333,0.0000,0.2222,intermediate,0,-0.737,20.0
1236,21.628,0.0868,0.1579,0.0000,0.1053,amorphous,0,25.485,30.0
1237,17.927,0.1385,0.2308,0.0000,0.1923,intermediate,0,32.306,20.0
1238,2.800,0.2947,0.5319,0.0000,0.3617,crystalline,0,0.000,6.0
1239,15.982,0.1359,0.2564,0.0000,0.1538,intermediate,0,19.325,20.0
1240,18.917,0.1500,0.1500,0.1500,0.1500,intermediate,0,1.015,20.0
1241,11.240,0.3263,0.4500,0.2250,0.3000,crystalline,0,-1.852,20.0
1242,14.201,0.1679,0.2381,0.1190,0.1429,intermediate,0,7.127,20.0
1243,14.444,0.1129,0.2000,0.0000,0.1429,intermediate,0,4.090,20.0
1244,14.418,0.1058,0.1628,0.0000,0.1628,intermediate,0,15.481,20.0
1245,21.740,0.0848,0.1304,0.0000,0.1304,intermediate,0,5.943,30.0
1246,14.076,0.1924,0.3261,0.0000,0.2609,intermediate,0,2.945,20.0
1247,10.535,0.2098,0.3902,0.0000,0.2439,intermediate,0,4.438,20.0
1248,14.359,0.1097,0.1944,0.0000,0.1389,intermediate,0,24.474,20.0
1249,13.660,0.1451,0.1951,0.0732,0.1707,intermediate,0,4.659,20.0
1250,15.182,0.2242,0.2581,0.1613,0.2581,intermediate,0,3.863,20.0
1251,14.903,0.3432,0.4595,0.2432,0.3243,crystalline,0,3.522,20.0
1252,8.473,0.3148,0.5682,0.0000,0.3864,crystalline,0,-0.626,10.0
1253,17.415,0.0568,0.1081,0.0541,0.0000,amorphous,0,6.058,20.0
1254,10.246,0.1346,0.2308,0.0000,0.1795,intermediate,0,-0.107,20.0
1255,17.735,0.0966,0.1591,0.0000,0.1364,intermediate,0,12.513,20.0
1256,21.307,0.1040,0.1600,0.0000,0.1600,intermediate,0,8.574,30.0
1257,18.222,0.0742,0.1290,0.0000,0.0968,amorphous,0,5.239,20.0
1258,14.766,0.1375,0.2000,0.0000,0.2250,intermediate,0,17.898,20.0
1259,21.763,0.1040,0.1600,0.0000,0.1600,intermediate,0,11.455,30.0
1260,19.835,0.0920,0.1600,0.0000,0.1200,intermediate,0,6.859,20.0
1261,16.038,0.0840,0.1489,0.0000,0.1064,amorphous,0,11.108,20.0
1262,17.320,0.1400,0.2286,0.0000,0.2000,intermediate,0,20.171,20.0
1263,14.790,0.1117,0.1277,0.0638,0.1489,intermediate,0,14.387,20.0
1264,11.474,0.3044,0.4000,0.2222,0.2889,crystalline,0,5.011,20.0
1265,19.046,0.0520,0.0800,0.0000,0.0800,amorphous,0,1.134,20.0
1266,20.221,0.1233,0.1667,0.1000,0.1000,amorphous,0,10.392,30.0
1267,15.961,0.0547,0.1562,0.0000,0.0000,amorphous,0,2.724,20.0
1268,15.120,0.2743,0.5143,0.0000,0.3143,crystalline,0,0.339,20.0
1269,19.162,0.2222,0.2593,0.1852,0.2222,intermediate,0,11.252,20.0
1270,20.265,0.1904,0.3462,0.0000,0.2308,intermediate,0,24.645,30.0
1271,15.098,0.0767,0.1395,0.0000,0.0930,amorphous,0,10.242,20.0
1272,9.362,0.2686,0.4884,0.0000,0.3256,crystalline,0,3.262,10.0
1273,18.698,0.1375,0.2500,0.0000,0.1667,intermediate,0,26.075,20.0
1274,18.716,0.1325,0.2500,0.0000,0.1500,intermediate,0,0.679,20.0
1275,22.310,0.1717,0.3043,0.0000,0.2174,intermediate,0,25.235,30.0
1276,18.335,0.1500,0.2143,0.0000,0.2500,intermediate,0,29.943,20.0
1277,17.108,0.0917,0.1667,0.0000,0.1111,amorphous,0,15.929,20.0
1278,6.523,0.3076,0.5435,0.0000,0.3913,crystalline,0,0.256,10.0
1279,19.176,0.1129,0.2000,0.0000,0.1429,intermediate,0,13.380,20.0
1280,14.447,0.1013,0.1026,0.0769,0.1282,amorphous,0,15.314,20.0
1281,11.868,0.3351,0.4595,0.2432,0.2973,crystalline,0,-1.596,20.0
1282,12.240,0.2400,0.4500,0.0000,0.2750,intermediate,0,-0.466,20.0
1283,22.075,0.0958,0.1667,0.0000,0.1250,intermediate,0,23.220,30.0
1284,19.893,0.2208,0.4167,0.0000,0.2500,intermediate,0,30.629,20.0
1285,8.408,0.2728,0.5000,0.0000,0.3261,crystalline,0,-1.569,10.0
1286,14.879,0.0605,0.0930,0.0000,0.0930,amorphous,0,7.620,20.0
1287,8.775,0.3581,0.4651,0.2791,0.3256,crystalline,0,0.753,10.0
1288,16.316,0.1114,0.1714,0.0000,0.1714,intermediate,0,21.397,20.0
1289,22.105,0.0765,0.1176,0.0000,0.1176,amorphous,0,18.683,30.0
1290,14.838,0.0839,0.1290,0.0000,0.1290,intermediate,0,1.901,20.0
1291,21.710,0.1300,0.2000,0.0000,0.2000,intermediate,0,30.637,30.0
1292,12.978,0.2605,0.4651,0.0000,0.3256,crystalline,0,-2.434,20.0
1293,22.467,0.1382,0.2941,0.0000,0.1176,amorphous,0,13.906,30.0
1294,18.898,0.1197,0.2121,0.0000,0.1515,intermediate,0,9.840,20.0
1295,13.439,0.3250,0.4474,0.2105,0.3158,crystalline,0,0.971,20.0
1296,20.280,0.2750,0.5000,0.0000,0.3333,crystalline,0,3.968,30.0
1297,16.115,0.1109,0.1562,0.0000,0.1875,intermediate,0,25.381,20.0
1298,20.933,0.1000,0.1739,0.0000,0.1304,intermediate,0,11.635,30.0
1299,17.334,0.1581,0.2581,0.0000,0.2258,intermediate,0,28.463,20.0
1300,18.105,0.1000,0.1667,0.0000,0.1389,intermediate,0,8.850,20.0
1301,16.966,0.1695,0.3171,0.0000,0.1951,intermediate,0,17.654,20.0
1302,21.815,0.2437,0.3750,0.0000,0.3750,intermediate,0,7.576,30.0
1303,19.749,0.2129,0.3871,0.0000,0.2581,intermediate,0,25.706,20.0
1304,22.075,0.1125,0.1500,0.0000,0.2000,intermediate,0,9.030,30.0
1305,13.642,0.2015,0.3939,0.0000,0.2121,intermediate,0,-1.612,20.0
1306,15.962,0.1264,0.1944,0.0000,0.1944,intermediate,0,23.637,20.0
1307,21.051,0.2667,0.4762,0.0000,0.3333,crystalline,0,5.405,30.0
1308,9.466,0.4011,0.5333,0.2889,0.3778,crystalline,0,0.968,10.0
1309,17.963,0.1750,0.3125,0.0000,0.2188,intermediate,0,-0.980,20.0
1310,17.603,0.0726,0.0968,0.0000,0.1290,amorphous,0,2.287,20.0
1311,17.115,0.1180,0.2000,0.0000,0.1600,intermediate,0,-2.174,20.0
1312,14.334,0.2604,0.4583,0.0000,0.3333,crystalline,0,2.424,20.0
1313,12.951,0.2711,0.4889,0.0000,0.3333,crystalline,0,2.680,20.0
1314,16.125,0.0769,0.1026,0.0513,0.0769,amorphous,0,6.178,20.0
1315,15.552,0.2476,0.3333,0.1905,0.2143,intermediate,0,5.638,20.0
1316,7.777,0.3216,0.5682,0.0000,0.4091,crystalline,0,-1.405,10.0
1317,14.353,0.1359,0.2391,0.0000,0.1739,intermediate,0,7.092,20.0
1318,12.209,0.4023,0.5227,0.2955,0.3864,crystalline,0,-1.552,20.0
1319,22.442,0.0870,0.1739,0.0000,0.0870,amorphous,0,11.238,30.0
1320,11.625,0.3744,0.4884,0.3023,0.3256,crystalline,0,-2.375,20.0
1321,13.318,0.1214,0.2000,0.0000,0.1714,intermediate,0,-1.040,20.0
1322,17.230,0.1982,0.3214,0.0000,0.2857,intermediate,0,-3.404,20.0
1323,21.866,0.0750,0.1364,0.0000,0.0909,amorphous,0,6.806,30.0
1324,6.745,0.2809,0.5106,0.0000,0.3404,crystalline,0,-2.957,10.0
1325,11.179,0.3417,0.4286,0.2619,0.3333,crystalline,0,-3.925,20.0
1326,20.407,0.1942,0.2692,0.1538,0.1538,intermediate,0,10.966,30.0
1327,18.495,0.1250,0.1923,0.0000,0.1923,intermediate,0,-2.843,20.0
1328,19.513,0.2523,0.4091,0.0000,0.3636,crystalline,0,4.959,20.0
1329,18.418,0.2381,0.3333,0.1429,0.2381,intermediate,0,-1.096,20.0
1330,15.047,0.2163,0.2791,0.1395,0.2326,intermediate,0,4.086,20.0
1331,13.903,0.1927,0.3415,0.0000,0.2439,intermediate,0,2.636,20.0
1332,20.729,0.1300,0.2000,0.0000,0.2000,intermediate,0,33.387,30.0
1333,22.143,0.1675,0.2500,0.1000,0.1500,intermediate,0,14.786,30.0
1334,19.083,0.2944,0.5556,0.0000,0.3333,crystalline,0,1.417,20.0
1335,17.038,0.1919,0.2703,0.1622,0.1351,intermediate,0,6.667,20.0
1336,16.373,0.2781,0.5000,0.0000,0.3438,crystalline,0,0.631,20.0
1337,16.159,0.1514,0.2857,0.0000,0.1714,intermediate,0,0.988,20.0
1338,18.781,0.1544,0.2647,0.0000,0.2059,intermediate,0,8.493,20.0
1339,18.028,0.1556,0.2778,0.0000,0.1944,intermediate,0,15.464,20.0
1340,15.832,0.1346,0.2308,0.0000,0.1795,intermediate,0,7.351,20.0
1341,16.766,0.1700,0.3143,0.0000,0.2000,intermediate,0,18.734,20.0
1342,20.369,0.2333,0.3810,0.0000,0.3333,intermediate,0,4.600,30.0
1343,18.189,0.1179,0.2051,0.0000,0.1538,intermediate,0,12.238,20.0
1344,12.173,0.2989,0.5227,0.0000,0.3864,crystalline,0,-3.213,20.0
1345,18.437,0.0609,0.0938,0.0000,0.0938,amorphous,0,12.835,20.0
1346,10.959,0.3000,0.5455,0.0000,0.3636,crystalline,0,1.226,20.0
1347,15.988,0.1338,0.2059,0.0000,0.2059,intermediate,0,20.723,20.0
1348,15.183,0.2243,0.3714,0.0000,0.3143,intermediate,0,-4.183,20.0
1349,13.027,0.1917,0.3333,0.0000,0.2500,intermediate,0,-3.084,20.0
1350,20.538,0.0261,0.0000,0.0000,0.0870,amorphous,0,0.239,30.0
1351,18.934,0.1515,0.1818,0.1212,0.1515,intermediate,0,6.679,20.0
1352,18.808,0.2453,0.4062,0.0000,0.3438,intermediate,0,-2.692,20.0
1353,19.664,0.1286,0.2143,0.0000,0.1786,intermediate,0,16.869,20.0
1354,19.279,0.1269,0.2308,0.0000,0.1538,intermediate,0,22.325,20.0
1355,17.462,0.0639,0.1111,0.0000,0.0833,amorphous,0,11.638,20.0
1356,21.428,0.1740,0.2400,0.1200,0.1600,intermediate,0,17.591,30.0
1357,21.589,0.1150,0.2000,0.0000,0.1500,intermediate,0,26.983,30.0
1358,9.266,0.3078,0.5556,0.0000,0.3778,crystalline,0,-0.523,10.0
1359,17.719,0.2371,0.3226,0.1613,0.2258,intermediate,0,-0.096,20.0
1360,21.077,0.1095,0.1905,0.0000,0.1429,intermediate,0,3.854,30.0
1361,21.059,0.1093,0.1852,0.0000,0.1481,intermediate,0,18.752,30.0
1362,12.794,0.2162,0.2941,0.1471,0.2059,intermediate,0,-3.258,20.0
1363,20.818,0.0750,0.1364,0.0000,0.0909,amorphous,0,14.215,30.0
1364,19.232,0.0828,0.1562,0.0000,0.0938,amorphous,0,5.745,20.0
1365,8.782,0.3011,0.5435,0.0000,0.3696,crystalline,0,-2.073,10.0
1366,14.876,0.1859,0.3333,0.0000,0.2308,intermediate,0,4.232,20.0
1367,16.197,0.1193,0.2045,0.0000,0.1591,intermediate,0,3.830,20.0
1368,9.052,0.2948,0.5208,0.0000,0.3750,crystalline,0,-4.671,10.0
1369,14.809,0.1591,0.2727,0.0000,0.2121,intermediate,0,-4.810,20.0
1370,21.676,0.1960,0.3200,0.0000,0.2800,intermediate,0,20.879,30.0
1371,19.442,0.0894,0.1515,0.0000,0.1212,intermediate,0,7.820,20.0
1372,19.609,0.1238,0.1905,0.0000,0.1905,intermediate,0,3.075,20.0
1373,19.927,0.1324,0.1765,0.0000,0.2353,intermediate,0,-2.262,20.0
1374,17.787,0.1087,0.1250,0.1000,0.1000,amorphous,0,7.807,20.0
1375,15.793,0.2183,0.3667,0.0000,0.3000,intermediate,0,0.185,20.0
1376,18.321,0.3446,0.4643,0.2143,0.3571,crystalline,0,1.963,20.0
1377,14.582,0.1837,0.3256,0.0000,0.2326,intermediate,0,3.520,20.0
1378,7.846,0.3078,0.5556,0.0000,0.3778,crystalline,0,-4.412,10.0
1379,20.037,0.2568,0.2727,0.2273,0.2727,crystalline,0,27.450,30.0
1380,19.097,0.1343,0.1429,0.1429,0.1143,intermediate,0,8.653,20.0
1381,15.396,0.1395,0.2632,0.0000,0.1579,intermediate,0,0.922,20.0
1382,18.454,0.0803,0.1515,0.0000,0.0909,amorphous,0,8.642,20.0
1383,17.674,0.1703,0.3243,0.0000,0.1892,intermediate,0,5.894,20.0
1384,20.810,0.1500,0.2000,0.1000,0.1500,intermediate,0,-2.512,30.0
1385,18.357,0.2458,0.4167,0.0000,0.3333,intermediate,0,-1.808,20.0
1386,15.033,0.2415,0.4390,0.0000,0.2927,intermediate,0,-0.582,20.0
1387,18.905,0.1141,0.2188,0.0000,0.1250,intermediate,0,12.771,20.0
1388,11.700,0.2750,0.5000,0.0000,0.3333,crystalline,0,-3.066,20.0
1389,14.236,0.2250,0.3947,0.0000,0.2895,intermediate,0,-2.117,20.0
1390,11.128,0.2711,0.4889,0.0000,0.3333,crystalline,0,-1.149,20.0
1391,7.737,0.2947,0.5319,0.0000,0.3617,crystalline,0,-3.785,10.0
1392,15.804,0.2643,0.4857,0.0000,0.3143,crystalline,0,-2.007,20.0
1393,14.660,0.2643,0.4857,0.0000,0.3143,crystalline,0,-5.638,20.0
1394,16.181,0.1786,0.3571,0.0000,0.1786,intermediate,0,-4.521,20.0
1395,13.505,0.3777,0.4894,0.2979,0.3404,crystalline,0,-2.331,20.0
1396,14.237,0.2321,0.3333,0.1538,0.2051,intermediate,0,1.808,20.0
1397,6.075,0.3144,0.5556,0.0000,0.4000,crystalline,0,-3.529,10.0
1398,16.940,0.0970,0.1212,0.0000,0.1818,intermediate,0,16.608,20.0
1399,22.607,0.0684,0.1053,0.0000,0.1053,amorphous,0,6.231,30.0
1400,13.867,0.2776,0.5000,0.0000,0.3421,crystalline,0,-5.382,20.0
1401,22.060,0.1269,0.2308,0.0000,0.1538,intermediate,0,10.079,30.0
1402,17.247,0.1440,0.2400,0.0000,0.2000,intermediate,0,-5.511,20.0
1403,20.308,0.0812,0.1250,0.0000,0.1250,intermediate,0,3.350,30.0
1404,13.269,0.1944,0.2778,0.1111,0.1944,intermediate,0,-3.888,20.0
1405,16.848,0.0657,0.1143,0.0000,0.0857,amorphous,0,7.610,20.0
1406,17.594,0.0987,0.1750,0.0000,0.1250,intermediate,0,10.625,20.0
1407,19.456,0.1433,0.2667,0.0000,0.1667,intermediate,0,13.850,20.0
1408,19.334,0.1424,0.1818,0.1212,0.1212,intermediate,0,1.712,20.0
1409,22.425,0.1095,0.1905,0.0000,0.1429,intermediate,0,12.028,30.0
1410,20.207,0.1739,0.1739,0.1739,0.1739,intermediate,0,26.395,30.0
1411,20.432,0.2304,0.4348,0.0000,0.2609,intermediate,0,22.624,30.0
1412,18.671,0.0650,0.1000,0.0000,0.1000,amorphous,0,0.525,20.0
1413,17.820,0.0729,0.0857,0.0000,0.1429,amorphous,0,12.080,20.0
1414,18.254,0.0897,0.1379,0.0000,0.1379,intermediate,0,22.148,20.0
1415,17.473,0.2457,0.4783,0.0000,0.2609,intermediate,0,-3.442,20.0
1416,18.944,0.1333,0.2222,0.0000,0.1852,intermediate,0,25.382,20.0
1417,18.281,0.1274,0.2258,0.0000,0.1613,intermediate,0,1.165,20.0
1418,18.125,0.1594,0.2500,0.1250,0.0938,intermediate,0,3.283,20.0
1419,20.725,0.1138,0.2069,0.0000,0.1379,intermediate,0,8.324,30.0
1420,16.676,0.2357,0.4286,0.0000,0.2857,intermediate,0,1.853,20.0
1421,15.556,0.1345,0.2069,0.0000,0.2069,intermediate,0,-2.453,20.0
1422,12.065,0.2756,0.4884,0.0000,0.3488,crystalline,0,-0.265,20.0
1423,20.142,0.1500,0.1667,0.0833,0.2083,intermediate,0,-1.363,30.0
1424,15.370,0.3438,0.4688,0.2188,0.3438,crystalline,0,-2.812,20.0
1425,17.487,0.0811,0.1081,0.0541,0.0811,amorphous,0,6.811,20.0
1426,7.223,0.3144,0.5556,0.0000,0.4000,crystalline,0,-5.190,10.0
1427,13.226,0.3351,0.4595,0.2432,0.2973,crystalline,0,-2.863,20.0
1428,11.367,0.3833,0.5000,0.3095,0.3333,crystalline,0,-6.160,20.0
1429,18.305,0.0657,0.0571,0.0571,0.0857,amorphous,0,7.677,20.0
1430,21.643,0.1406,0.1875,0.0000,0.2500,intermediate,0,30.208,30.0
1431,19.750,0.2476,0.3810,0.0000,0.3810,intermediate,0,1.175,20.0
1432,21.393,0.1881,0.3333,0.0000,0.2381,intermediate,0,28.511,30.0
1433,19.508,0.2118,0.3529,0.0000,0.2941,intermediate,0,-0.840,20.0
1434,18.616,0.0823,0.0968,0.0000,0.1613,amorphous,0,12.987,20.0
1435,22.068,0.0833,0.1667,0.0000,0.0833,amorphous,0,3.279,30.0
1436,22.041,0.1320,0.2400,0.0000,0.1600,intermediate,0,7.879,30.0
1437,17.570,0.2486,0.3429,0.1714,0.2286,intermediate,0,3.565,20.0
1438,14.734,0.2817,0.5122,0.0000,0.3415,crystalline,0,0.447,20.0
1439,19.698,0.0883,0.1667,0.0000,0.1000,amorphous,0,9.888,20.0
1440,18.147,0.2222,0.3056,0.1389,0.2222,intermediate,0,3.307,20.0
1441,21.342,0.0722,0.1111,0.0000,0.1111,amorphous,0,3.808,30.0
1442,14.491,0.3061,0.5610,0.0000,0.3659,crystalline,0,-1.105,20.0
1443,11.799,0.3152,0.5652,0.0000,0.3913,crystalline,0,-2.818,20.0
1444,11.957,0.2453,0.4419,0.0000,0.3023,intermediate,0,-1.977,20.0
1445,17.421,0.1433,0.2667,0.0000,0.1667,intermediate,0,-3.830,20.0
1446,18.839,0.1768,0.3214,0.0000,0.2143,intermediate,0,15.576,20.0
1447,20.870,0.2250,0.4091,0.0000,0.2727,intermediate,0,23.685,30.0
1448,17.413,0.3343,0.4571,0.2286,0.3143,crystalline,0,2.109,20.0
1449,10.915,0.3148,0.5682,0.0000,0.3864,crystalline,0,-2.559,20.0
1450,20.161,0.2705,0.5000,0.0000,0.3182,crystalline,0,-0.929,30.0
1451,16.884,0.2094,0.2812,0.1562,0.1875,intermediate,0,2.775,20.0
1452,19.844,0.0825,0.1500,0.0000,0.1000,amorphous,0,-1.009,20.0
1453,19.215,0.0650,0.1000,0.0000,0.1000,amorphous,0,5.314,20.0
1454,21.410,0.1093,0.1852,0.0000,0.1481,intermediate,0,9.904,30.0
1455,21.492,0.2136,0.2727,0.1818,0.1818,intermediate,0,6.413,30.0
1456,21.384,0.0292,0.0833,0.0000,0.0000,amorphous,0,9.748,30.0
1457,18.406,0.2435,0.4348,0.0000,0.3043,intermediate,0,-1.375,20.0
1458,21.882,0.1571,0.2857,0.0000,0.1905,intermediate,0,14.284,30.0
1459,10.696,0.3078,0.5556,0.0000,0.3778,crystalline,0,-4.934,20.0
1460,13.733,0.3782,0.5128,0.2821,0.3333,crystalline,0,-5.902,20.0
1461,9.005,0.3148,0.5682,0.0000,0.3864,crystalline,0,-4.309,10.0
1462,17.692,0.2513,0.4474,0.0000,0.3158,crystalline,0,-1.361,20.0
1463,15.511,0.1867,0.3333,0.0000,0.2333,intermediate,0,-7.043,20.0
1464,21.916,0.1368,0.2105,0.0000,0.2105,intermediate,0,19.090,30.0
1465,18.648,0.2870,0.5217,0.0000,0.3478,crystalline,0,-6.220,20.0
1466,12.918,0.2988,0.5476,0.0000,0.3571,crystalline,0,-6.742,20.0
1467,19.383,0.2386,0.4091,0.0000,0.3182,intermediate,0,-1.716,20.0
1468,18.656,0.2409,0.4545,0.0000,0.2727,intermediate,0,-6.080,20.0
1469,19.578,0.1855,0.2581,0.1613,0.1290,intermediate,0,3.463,20.0
1470,18.846,0.2138,0.3448,0.0000,0.3103,intermediate,0,0.301,20.0
1471,21.729,0.0981,0.1852,0.0000,0.1111,amorphous,0,9.121,30.0
1472,15.773,0.2672,0.4688,0.0000,0.3438,crystalline,0,-7.710,20.0
1473,19.788,0.1300,0.2000,0.0000,0.2000,intermediate,0,21.539,20.0
1474,15.849,0.2732,0.3571,0.1786,0.2857,crystalline,0,-5.430,20.0
1475,18.804,0.1117,0.1667,0.0667,0.1000,amorphous,0,5.261,20.0
1476,21.979,0.2304,0.4348,0.0000,0.2609,intermediate,0,18.781,30.0
1477,16.839,0.1460,0.2800,0.0000,0.1600,intermediate,0,-7.858,20.0
1478,21.623,0.1250,0.1667,0.0000,0.2222,intermediate,0,26.443,30.0
1479,22.477,0.0765,0.1176,0.0000,0.1176,amorphous,0,14.589,30.0
1480,16.478,0.1792,0.3333,0.0000,0.2083,intermediate,0,-6.866,20.0
1481,18.732,0.1683,0.2667,0.1000,0.1333,intermediate,0,1.567,20.0
1482,21.866,0.1325,0.1500,0.1000,0.1500,intermediate,0,5.323,30.0
1483,19.651,0.1333,0.2222,0.0000,0.1852,intermediate,0,16.655,20.0
1484,18.187,0.2845,0.5172,0.0000,0.3448,crystalline,0,-5.337,20.0
1485,20.489,0.0929,0.1429,0.0000,0.1429,intermediate,0,18.334,30.0
1486,22.025,0.1053,0.2105,0.0000,0.1053,amorphous,0,1.960,30.0
1487,11.864,0.3216,0.5682,0.0000,0.4091,crystalline,0,-4.050,20.0
1488,16.705,0.2457,0.4571,0.0000,0.2857,intermediate,0,0.703,20.0
1489,21.260,0.1182,0.0909,0.0909,0.1818,amorphous,0,14.432,30.0
1490,11.181,0.3080,0.5682,0.0000,0.3636,crystalline,0,-8.197,20.0
1491,14.932,0.3639,0.4722,0.3056,0.3056,crystalline,0,-1.010,20.0
1492,12.716,0.4000,0.5366,0.2927,0.3659,crystalline,0,-6.648,20.0
1493,21.712,0.1435,0.2609,0.0000,0.1739,intermediate,0,10.673,30.0
1494,19.958,0.0660,0.1200,0.0000,0.0800,amorphous,0,6.859,20.0
1495,18.336,0.2304,0.4348,0.0000,0.2609,intermediate,0,-5.788,20.0
1496,14.175,0.2905,0.5238,0.0000,0.3571,crystalline,0,-5.858,20.0
1497,21.187,0.0750,0.1364,0.0000,0.0909,amorphous,0,2.720,30.0
1498,14.514,0.3122,0.5676,0.0000,0.3784,crystalline,0,-8.456,20.0
1499,18.709,0.2640,0.4800,0.0000,0.3200,crystalline,0,-4.354,20.0
1500,10.138,0.3144,0.5556,0.0000,0.4000,crystalline,0,-7.315,20.0
1501,18.299,0.3054,0.5357,0.0000,0.3929,crystalline,0,-6.999,20.0
1502,16.068,0.3467,0.4333,0.3000,0.3000,crystalline,0,-9.168,20.0
1503,11.592,0.3078,0.5556,0.0000,0.3778,crystalline,0,-5.763,20.0
1504,21.358,0.1364,0.2727,0.0000,0.1364,intermediate,0,3.737,30.0
1505,20.317,0.1740,0.2400,0.1200,0.1600,intermediate,0,3.294,30.0
1506,17.013,0.3121,0.4483,0.2069,0.2759,crystalline,0,-7.616,20.0
1507,16.882,0.1975,0.3500,0.0000,0.2500,intermediate,0,-1.721,20.0
1508,22.611,0.0650,0.1000,0.0000,0.1000,amorphous,0,6.082,30.0
1509,17.835,0.1521,0.2917,0.0000,0.1667,intermediate,0,-7.313,20.0
1510,13.821,0.3049,0.5366,0.0000,0.3902,crystalline,0,-7.570,20.0
1511,14.731,0.3137,0.5750,0.0000,0.3750,crystalline,0,-3.338,20.0
1512,18.170,0.2824,0.5294,0.0000,0.3235,crystalline,0,-1.933,20.0
1513,18.603,0.2190,0.3810,0.0000,0.2857,intermediate,0,-9.423,20.0
1514,22.248,0.1941,0.3529,0.0000,0.2353,intermediate,0,20.506,30.0
1515,21.606,0.1587,0.3043,0.0000,0.1739,intermediate,0,11.732,30.0
1516,17.968,0.1800,0.3000,0.0000,0.2500,intermediate,0,-6.234,20.0
1517,16.568,0.1394,0.2424,0.0000,0.1818,intermediate,0,-4.227,20.0
1518,17.517,0.2931,0.5278,0.0000,0.3611,crystalline,0,-1.677,20.0
1519,21.782,0.1176,0.1176,0.1176,0.1176,amorphous,0,1.007,30.0
1520,20.133,0.2154,0.3846,0.0000,0.2692,intermediate,0,-4.367,30.0
1521,22.000,0.0717,0.1304,0.0000,0.0870,amorphous,0,6.131,30.0
1522,20.749,0.1205,0.2273,0.0000,0.1364,intermediate,0,3.553,30.0
1523,21.302,0.2597,0.3548,0.1935,0.2258,crystalline,0,1.330,30.0
1524,11.091,0.3144,0.5556,0.0000,0.4000,crystalline,0,-8.977,20.0
1525,14.229,0.2667,0.5000,0.0000,0.3056,crystalline,0,-9.947,20.0
1526,21.115,0.2034,0.3448,0.0000,0.2759,intermediate,0,-0.220,30.0
1527,22.176,0.0619,0.0952,0.0000,0.0952,amorphous,0,3.481,30.0
1528,19.274,0.2724,0.4828,0.0000,0.3448,crystalline,0,-6.116,20.0
1529,22.109,0.0929,0.1429,0.0000,0.1429,intermediate,0,8.605,30.0
1530,10.952,0.3221,0.5814,0.0000,0.3953,crystalline,0,-8.721,20.0
1531,22.165,0.1762,0.2381,0.1429,0.1429,intermediate,0,2.936,30.0
1532,14.020,0.2931,0.5278,0.0000,0.3611,crystalline,0,-9.689,20.0
1533,16.227,0.2889,0.3889,0.2222,0.2500,crystalline,0,-3.059,20.0
1534,22.001,0.0591,0.0000,0.0909,0.0909,amorphous,0,5.971,30.0
1535,16.469,0.2569,0.4722,0.0000,0.3056,crystalline,0,-6.389,20.0
1536,16.700,0.3216,0.5946,0.0000,0.3784,crystalline,0,-3.082,20.0
1537,20.045,0.2706,0.4706,0.0000,0.3529,crystalline,0,-5.159,30.0
1538,13.512,0.3071,0.5714,0.0000,0.3571,crystalline,0,-6.344,20.0
1539,14.798,0.4100,0.5500,0.3000,0.3750,crystalline,0,-4.796,20.0
1540,22.333,0.0722,0.1111,0.0000,0.1111,amorphous,0,14.490,30.0
1541,22.146,0.1643,0.2143,0.0714,0.2143,intermediate,0,18.381,30.0
1542,21.359,0.2000,0.2500,0.1500,0.2000,intermediate,0,0.975,30.0
1543,15.465,0.2859,0.4872,0.0000,0.3846,crystalline,0,-5.507,20.0
1544,18.204,0.2984,0.5484,0.0000,0.3548,crystalline,0,-4.890,20.0
1545,16.370,0.3208,0.5833,0.0000,0.3889,crystalline,0,-6.604,20.0
1546,12.422,0.3078,0.5556,0.0000,0.3778,crystalline,0,-8.094,20.0
1547,20.099,0.1860,0.3600,0.0000,0.2000,intermediate,0,-0.125,30.0
1548,21.124,0.0786,0.1429,0.0000,0.0952,amorphous,0,-2.849,30.0
1549,12.194,0.3291,0.5814,0.0000,0.4186,crystalline,0,-7.836,20.0
1550,22.505,0.1529,0.2353,0.0000,0.2353,intermediate,0,13.478,30.0
1551,18.983,0.2719,0.3750,0.1875,0.2500,crystalline,0,-9.213,20.0
1552,13.213,0.4012,0.5500,0.2750,0.3750,crystalline,0,-10.433,20.0
1553,18.923,0.2432,0.3636,0.1364,0.2273,intermediate,0,-8.139,20.0
1554,16.710,0.2156,0.3750,0.0000,0.2812,intermediate,0,-7.169,20.0
1555,12.234,0.3221,0.5814,0.0000,0.3953,crystalline,0,-9.549,20.0
1556,17.456,0.3208,0.4583,0.2083,0.2917,crystalline,0,-11.401,20.0
1557,21.639,0.1095,0.1905,0.0000,0.1429,intermediate,0,-1.637,30.0
1558,17.877,0.2529,0.4706,0.0000,0.2941,crystalline,0,-4.538,20.0
1559,19.168,0.2976,0.5238,0.0000,0.3810,crystalline,0,-10.529,20.0
1560,21.408,0.2479,0.4583,0.0000,0.2917,intermediate,0,-2.457,30.0
1561,16.359,0.3100,0.6000,0.0000,0.3333,crystalline,0,-11.983,20.0
1562,15.934,0.3797,0.5405,0.2432,0.3514,crystalline,0,-10.175,20.0
1563,20.909,0.1762,0.2857,0.0952,0.1429,intermediate,0,-1.650,30.0
1564,22.476,0.1031,0.1875,0.0000,0.1250,intermediate,0,0.085,30.0
1565,17.340,0.3233,0.4333,0.2333,0.3000,crystalline,0,-6.286,20.0
1566,21.921,0.1300,0.2000,0.0000,0.2000,intermediate,0,-3.463,30.0
1567,16.966,0.3042,0.5833,0.0000,0.3333,crystalline,0,-7.124,20.0
1568,19.306,0.2839,0.5357,0.0000,0.3214,crystalline,0,-5.463,20.0
1569,15.045,0.4317,0.5854,0.2927,0.4146,crystalline,0,-9.293,20.0
1570,20.115,0.2750,0.5000,0.0000,0.3333,crystalline,0,-3.911,30.0
1571,15.741,0.2931,0.5278,0.0000,0.3611,crystalline,0,-11.101,20.0
1572,19.538,0.2568,0.5000,0.0000,0.2727,crystalline,0,-11.145,20.0
1573,16.866,0.3125,0.5833,0.0000,0.3611,crystalline,0,-6.868,20.0
1574,15.227,0.4132,0.5526,0.2895,0.3947,crystalline,0,-8.581,20.0
1575,21.478,0.2605,0.4737,0.0000,0.3158,crystalline,0,-5.719,30.0
1576,20.096,0.2976,0.5238,0.0000,0.3810,crystalline,0,-9.643,30.0
1577,20.146,0.1278,0.2222,0.0000,0.1667,intermediate,0,-7.434,30.0
1578,14.304,0.3225,0.6000,0.0000,0.3750,crystalline,0,-12.506,20.0
1579,16.841,0.2964,0.5714,0.0000,0.3214,crystalline,0,-13.474,20.0
1580,16.521,0.3094,0.5625,0.0000,0.3750,crystalline,0,-12.762,20.0
1581,16.208,0.3015,0.5588,0.0000,0.3529,crystalline,0,-10.954,20.0
1582,18.354,0.2457,0.4783,0.0000,0.2609,intermediate,0,-11.924,20.0
1583,18.836,0.2947,0.5263,0.0000,0.3684,crystalline,0,-13.732,20.0
1584,20.033,0.3000,0.5217,0.0000,0.3913,crystalline,0,-11.357,30.0
1585,18.033,0.2774,0.5161,0.0000,0.3226,crystalline,0,-10.131,20.0
1586,17.648,0.2929,0.5429,0.0000,0.3429,crystalline,0,-8.323,20.0
1587,20.745,0.1405,0.2381,0.0000,0.1905,intermediate,0,-6.222,30.0
1588,15.355,0.3218,0.5897,0.0000,0.3846,crystalline,0,-11.621,20.0
1589,20.852,0.2548,0.3810,0.1429,0.2381,crystalline,0,-5.316,30.0
1590,16.328,0.3000,0.5625,0.0000,0.3438,crystalline,0,-14.219,20.0
1591,16.993,0.2909,0.5455,0.0000,0.3333,crystalline,0,-10.071,20.0
1592,17.512,0.2984,0.5312,0.0000,0.3750,crystalline,0,-11.879,20.0
1593,21.212,0.1278,0.2222,0.0000,0.1667,intermediate,0,-8.048,30.0
1594,16.751,0.3766,0.5625,0.2188,0.3438,crystalline,0,-13.960,20.0
1595,15.623,0.3973,0.5135,0.2973,0.3784,crystalline,0,-13.334,20.0
1596,21.814,0.2605,0.4737,0.0000,0.3158,crystalline,0,-10.389,30.0
1597,19.978,0.2353,0.4706,0.0000,0.2353,intermediate,0,-15.186,20.0
1598,20.493,0.2705,0.5000,0.0000,0.3182,crystalline,0,-7.696,30.0
1599,20.349,0.2315,0.4074,0.0000,0.2963,intermediate,0,-10.698,30.0
1600,15.983,0.4149,0.5676,0.2703,0.4054,crystalline,0,-13.078,20.0
1601,19.212,0.3086,0.5862,0.0000,0.3448,crystalline,0,-10.653,20.0
1602,20.865,0.2500,0.4400,0.0000,0.3200,crystalline,0,-9.813,30.0
1603,17.998,0.2781,0.5000,0.0000,0.3438,crystalline,0,-12.367,20.0
1604,20.923,0.2833,0.5238,0.0000,0.3333,crystalline,0,-10.910,30.0
1605,22.278,0.2789,0.5263,0.0000,0.3158,crystalline,0,-7.440,30.0
1606,20.677,0.2864,0.5455,0.0000,0.3182,crystalline,0,-9.102,30.0
1607,17.227,0.2967,0.5333,0.0000,0.3667,crystalline,0,-14.739,20.0
1608,19.323,0.2650,0.5000,0.0000,0.3000,crystalline,0,-15.709,20.0
1609,18.389,0.3000,0.5625,0.0000,0.3438,crystalline,0,-12.108,20.0
1610,21.409,0.1800,0.3000,0.0000,0.2500,intermediate,0,-11.526,30.0
1611,19.193,0.2625,0.5000,0.0000,0.2917,crystalline,0,-16.291,20.0
1612,18.034,0.2845,0.5172,0.0000,0.3448,crystalline,0,-13.857,20.0
1613,19.834,0.3058,0.5769,0.0000,0.3462,crystalline,0,-14.483,20.0
1614,20.049,0.2729,0.4583,0.0000,0.3750,crystalline,0,-15.407,30.0
1615,19.658,0.2750,0.5000,0.0000,0.3333,crystalline,0,-17.746,20.0
1616,20.476,0.3040,0.5600,0.0000,0.3600,crystalline,0,-13.599,30.0
1617,20.923,0.2706,0.4706,0.0000,0.3529,crystalline,0,-18.005,30.0
1618,22.679,0.2500,0.5000,0.0000,0.2500,crystalline,0,-11.481,30.0
1619,19.073,0.3569,0.4828,0.2414,0.3448,crystalline,0,-16.864,20.0
1620,20.436,0.2523,0.4091,0.0000,0.3636,crystalline,0,-17.119,30.0
1621,21.485,0.2833,0.5238,0.0000,0.3333,crystalline,0,-12.887,30.0
1622,20.940,0.2750,0.5000,0.0000,0.3333,crystalline,0,-15.312,30.0
1623,20.249,0.2386,0.4091,0.0000,0.3182,intermediate,0,-18.525,30.0
1624,21.072,0.2625,0.5000,0.0000,0.2917,crystalline,0,-15.893,30.0
1625,22.250,0.2556,0.4444,0.0000,0.3333,crystalline,0,-16.152,30.0
1626,21.008,0.2705,0.5000,0.0000,0.3182,crystalline,0,-18.269,30.0
1627,20.997,0.2333,0.3810,0.0000,0.3333,intermediate,0,-17.643,30.0
1628,21.671,0.2667,0.4762,0.0000,0.3333,crystalline,0,-17.385,30.0
