ca_index,d_p_A,crystallinity,frac_a,frac_c,frac_384,phase,domain,axial_A,shell_bfac
0,18.148,0.1628,0.2051,0.1282,0.1538,intermediate,0,44.802,20.0
1,16.135,0.1278,0.2222,0.0000,0.1667,intermediate,0,44.326,20.0
2,12.542,0.0797,0.1351,0.0000,0.1081,amorphous,0,42.831,20.0
3,18.517,0.1674,0.1739,0.1739,0.1522,intermediate,0,47.928,20.0
4,18.879,0.1387,0.2250,0.0000,0.2000,intermediate,0,41.929,20.0
5,20.672,0.1237,0.2250,0.0000,0.1500,intermediate,0,47.848,30.0
6,18.723,0.0929,0.1429,0.0000,0.1429,intermediate,0,45.577,20.0
7,15.540,0.1118,0.1842,0.0000,0.1579,intermediate,0,47.374,20.0
8,20.031,0.1269,0.2308,0.0000,0.1538,intermediate,0,43.737,30.0
9,14.832,0.1162,0.2059,0.0000,0.1471,intermediate,0,41.664,20.0
10,14.805,0.0828,0.0938,0.0625,0.0938,amorphous,0,38.351,20.0
11,11.487,0.1000,0.1667,0.0000,0.1389,intermediate,0,44.736,20.0
12,21.917,0.1682,0.1818,0.1818,0.1364,intermediate,0,48.540,30.0
13,18.560,0.0807,0.1136,0.0000,0.1364,amorphous,0,51.048,20.0
14,16.013,0.1230,0.1892,0.0000,0.1892,intermediate,0,38.984,20.0
15,19.626,0.1303,0.2368,0.0000,0.1579,intermediate,0,41.615,20.0
16,22.338,0.1354,0.2195,0.0000,0.1951,intermediate,0,47.746,30.0
17,22.241,0.1289,0.2105,0.0000,0.1842,intermediate,0,45.373,30.0
18,16.590,0.0793,0.1220,0.0000,0.1220,intermediate,0,50.555,20.0
19,18.394,0.1195,0.1951,0.0000,0.1707,intermediate,0,40.411,20.0
20,14.368,0.1338,0.2059,0.0000,0.2059,intermediate,0,41.021,20.0
21,9.241,0.1091,0.1818,0.0000,0.1515,intermediate,0,43.936,10.0
22,11.952,0.0819,0.1389,0.0000,0.1111,amorphous,0,47.516,20.0
23,22.927,0.1167,0.2000,0.0000,0.1556,intermediate,0,44.874,30.0
24,12.949,0.1419,0.2432,0.0000,0.1892,intermediate,0,43.826,20.0
25,14.525,0.1062,0.1750,0.0000,0.1500,intermediate,0,46.881,20.0
26,21.068,0.1221,0.2093,0.0000,0.1628,intermediate,0,47.270,30.0
27,15.860,0.0818,0.1364,0.0000,0.1136,amorphous,0,48.104,20.0
28,11.483,0.0920,0.1600,0.0000,0.1200,intermediate,0,38.446,20.0
29,21.545,0.0725,0.1000,0.0000,0.1250,amorphous,0,52.627,30.0
30,25.213,0.1179,0.2051,0.0000,0.1538,intermediate,0,48.317,30.0
31,20.276,0.1137,0.1750,0.0000,0.1750,intermediate,0,44.667,30.0
32,14.932,0.1031,0.1875,0.0000,0.1250,intermediate,0,43.755,20.0
33,13.005,0.0672,0.1034,0.0000,0.1034,amorphous,0,35.858,20.0
34,24.153,0.1366,0.2439,0.0000,0.1707,intermediate,0,45.350,30.0
35,25.516,0.0757,0.1429,0.0000,0.0857,amorphous,0,51.348,30.0
36,20.632,0.1354,0.2195,0.0000,0.1951,intermediate,0,41.677,30.0
37,22.582,0.1207,0.1220,0.0976,0.1463,intermediate,0,51.602,30.0
38,10.340,0.0000,0.0000,0.0000,0.0000,amorphous,0,34.476,20.0
39,12.141,0.0448,0.0690,0.0000,0.0690,amorphous,0,34.690,20.0
40,14.638,0.0605,0.1053,0.0000,0.0789,amorphous,0,50.932,20.0
41,8.023,0.0300,0.0000,0.0000,0.1000,amorphous,0,37.366,10.0
42,18.836,0.1603,0.1795,0.1026,0.2051,intermediate,0,39.514,20.0
43,21.253,0.1095,0.1905,0.0000,0.1429,intermediate,0,44.303,30.0
44,21.048,0.1453,0.2558,0.0000,0.1860,intermediate,0,41.747,30.0
45,12.153,0.0500,0.0769,0.0000,0.0769,amorphous,0,34.969,20.0
46,10.272,0.0882,0.0882,0.0882,0.0882,amorphous,0,47.041,20.0
47,20.028,0.1167,0.1905,0.0000,0.1667,intermediate,0,46.572,30.0
48,16.758,0.1485,0.2424,0.0000,0.2121,intermediate,0,40.111,20.0
49,25.092,0.2000,0.2500,0.1500,0.2000,intermediate,0,45.849,30.0
50,23.910,0.1305,0.1707,0.0976,0.1220,intermediate,0,51.165,30.0
51,18.699,0.0608,0.0811,0.0000,0.1081,amorphous,0,53.868,20.0
52,13.993,0.0663,0.0750,0.0500,0.0750,amorphous,0,50.658,20.0
53,27.706,0.1410,0.2051,0.0000,0.2308,intermediate,0,48.794,30.0
54,19.714,0.1400,0.2500,0.0000,0.1750,intermediate,0,41.254,20.0
55,23.278,0.1224,0.1316,0.1053,0.1316,intermediate,0,54.878,30.0
56,13.655,0.1603,0.2821,0.0000,0.2051,intermediate,0,45.902,20.0
57,9.135,0.0000,0.0000,0.0000,0.0000,amorphous,0,32.620,10.0
58,22.904,0.1389,0.2444,0.0000,0.1778,intermediate,0,42.301,30.0
59,14.045,0.0983,0.1667,0.0000,0.1333,intermediate,0,37.755,20.0
60,12.519,0.0909,0.1818,0.0000,0.0909,amorphous,0,39.414,20.0
61,24.263,0.1045,0.1818,0.0000,0.1364,intermediate,0,47.743,30.0
62,26.993,0.1194,0.1613,0.0968,0.0968,amorphous,0,54.932,30.0
63,18.059,0.1146,0.1220,0.1220,0.0976,intermediate,0,51.229,20.0
64,19.998,0.0707,0.0976,0.0000,0.1220,amorphous,0,48.860,20.0
65,16.393,0.1603,0.2821,0.0000,0.2051,intermediate,0,37.122,20.0
66,25.514,0.1409,0.1515,0.1212,0.1515,intermediate,0,55.573,30.0
67,23.524,0.1351,0.1622,0.1081,0.1351,intermediate,0,56.884,30.0
68,17.791,0.0634,0.0976,0.0000,0.0976,amorphous,0,54.037,20.0
69,16.179,0.0684,0.1053,0.0000,0.1053,amorphous,0,52.391,20.0
70,12.301,0.0590,0.1026,0.0000,0.0769,amorphous,0,50.182,20.0
71,27.227,0.1161,0.1290,0.0645,0.1613,intermediate,0,53.620,30.0
72,26.067,0.2068,0.2432,0.1622,0.2162,intermediate,0,48.974,30.0
73,28.833,0.0914,0.1724,0.0000,0.1034,amorphous,0,51.743,30.0
74,26.879,0.1176,0.2353,0.0000,0.1176,amorphous,0,52.660,30.0
75,15.191,0.0622,0.1081,0.0000,0.0811,amorphous,0,43.279,20.0
76,15.281,0.0763,0.1053,0.0000,0.1316,amorphous,0,49.754,20.0
77,20.883,0.0947,0.1579,0.0000,0.1316,intermediate,0,43.826,30.0
78,9.087,0.0269,0.0000,0.0769,0.0000,amorphous,0,32.993,10.0
79,9.295,0.0269,0.0000,0.0769,0.0000,amorphous,0,34.352,10.0
80,23.647,0.1181,0.1944,0.0000,0.1667,intermediate,0,53.940,30.0
81,23.928,0.2280,0.2927,0.1707,0.2195,intermediate,0,42.976,30.0
82,27.968,0.0846,0.1538,0.0000,0.1026,amorphous,0,49.924,30.0
83,22.007,0.1463,0.1951,0.0976,0.1463,intermediate,0,56.547,30.0
84,25.612,0.0956,0.1471,0.0000,0.1471,intermediate,0,52.096,30.0
85,21.130,0.0690,0.0952,0.0000,0.1190,amorphous,0,52.446,30.0
86,5.931,0.0609,0.0938,0.0000,0.0938,amorphous,0,44.066,6.0
87,26.633,0.1346,0.2308,0.0000,0.1795,intermediate,0,45.921,30.0
88,6.810,0.0971,0.1765,0.0000,0.1176,amorphous,0,43.170,10.0
89,20.258,0.1439,0.2439,0.0000,0.1951,intermediate,0,38.627,30.0
90,16.751,0.1419,0.2432,0.0000,0.1892,intermediate,0,42.017,20.0
91,14.746,0.0611,0.1111,0.0000,0.0741,amorphous,0,38.613,20.0
92,9.797,0.0779,0.1471,0.0000,0.0882,amorphous,0,46.563,10.0
93,21.611,0.1568,0.2727,0.0000,0.2045,intermediate,0,39.850,30.0
94,18.021,0.1195,0.1951,0.0000,0.1707,intermediate,0,36.526,20.0
95,8.614,0.0167,0.0000,0.0476,0.0000,amorphous,0,36.980,10.0
96,21.730,0.1589,0.2444,0.0000,0.2444,intermediate,0,40.782,30.0
97,13.447,0.1197,0.2121,0.0000,0.1515,intermediate,0,33.694,20.0
98,17.015,0.1346,0.2308,0.0000,0.1795,intermediate,0,35.370,20.0
99,17.458,0.1132,0.2105,0.0000,0.1316,intermediate,0,35.530,20.0
100,18.054,0.0731,0.0769,0.0000,0.1538,amorphous,0,47.365,20.0
101,21.407,0.1439,0.2439,0.0000,0.1951,intermediate,0,39.121,30.0
102,22.016,0.1346,0.2308,0.0000,0.1795,intermediate,0,57.566,30.0
103,29.943,0.1138,0.2069,0.0000,0.1379,intermediate,0,50.089,30.0
104,5.359,0.0780,0.1200,0.0000,0.1200,intermediate,0,39.032,6.0
105,24.721,0.1683,0.2927,0.0000,0.2195,intermediate,0,42.794,30.0
106,21.151,0.1000,0.1250,0.0750,0.1000,amorphous,0,51.706,30.0
107,7.699,0.0175,0.0000,0.0500,0.0000,amorphous,0,32.862,10.0
108,20.862,0.1352,0.2500,0.0000,0.1591,intermediate,0,39.750,30.0
109,16.143,0.1439,0.2439,0.0000,0.1951,intermediate,0,45.006,20.0
110,24.749,0.0684,0.1053,0.0000,0.1053,amorphous,0,53.566,30.0
111,15.849,0.0525,0.0750,0.0750,0.0000,amorphous,0,53.669,20.0
112,20.913,0.0963,0.1707,0.0000,0.1220,intermediate,0,45.646,30.0
113,14.547,0.1214,0.2000,0.0000,0.1714,intermediate,0,33.231,20.0
114,22.355,0.1319,0.2128,0.0000,0.1915,intermediate,0,45.662,30.0
115,24.701,0.2062,0.2250,0.1500,0.2500,intermediate,0,43.050,30.0
116,16.982,0.1324,0.2162,0.0000,0.1892,intermediate,0,36.256,20.0
117,12.681,0.1039,0.1842,0.0000,0.1316,intermediate,0,47.714,20.0
118,18.405,0.1250,0.2143,0.0000,0.1667,intermediate,0,38.073,20.0
119,28.400,0.1500,0.1613,0.1290,0.1613,intermediate,0,57.152,30.0
120,18.595,0.0923,0.1538,0.0000,0.1282,intermediate,0,42.588,20.0
121,26.236,0.1016,0.1562,0.0000,0.1562,intermediate,0,56.142,30.0
122,23.557,0.1405,0.2381,0.0000,0.1905,intermediate,0,42.858,30.0
123,19.263,0.0643,0.0857,0.0000,0.1143,amorphous,0,56.537,20.0
124,20.784,0.1013,0.1795,0.0000,0.1282,intermediate,0,55.559,30.0
125,25.430,0.1095,0.1905,0.0000,0.1429,intermediate,0,42.745,30.0
126,13.027,0.0368,0.1053,0.0000,0.0000,amorphous,0,50.867,20.0
127,30.928,0.1278,0.1111,0.1111,0.1667,amorphous,0,54.487,40.0
128,22.960,0.0940,0.1667,0.0000,0.1190,amorphous,0,43.240,30.0
129,16.568,0.0961,0.1316,0.0526,0.1053,amorphous,0,52.358,20.0
130,19.468,0.0987,0.1750,0.0000,0.1250,intermediate,0,40.700,20.0
131,27.105,0.1280,0.2195,0.0000,0.1707,intermediate,0,46.634,30.0
132,28.014,0.1621,0.2121,0.1212,0.1515,intermediate,0,51.312,30.0
133,24.606,0.0784,0.1081,0.0000,0.1351,amorphous,0,49.151,30.0
134,10.568,0.0240,0.0000,0.0000,0.0800,amorphous,0,39.369,20.0
135,31.167,0.1054,0.1786,0.0000,0.1429,intermediate,0,51.402,40.0
136,17.928,0.1451,0.1707,0.0976,0.1707,intermediate,0,34.620,20.0
137,25.689,0.1628,0.1628,0.1628,0.1628,intermediate,0,43.753,30.0
138,29.361,0.1197,0.2121,0.0000,0.1515,intermediate,0,47.499,30.0
139,10.122,0.0419,0.0645,0.0000,0.0645,amorphous,0,29.612,20.0
140,20.182,0.1439,0.2439,0.0000,0.1951,intermediate,0,37.691,30.0
141,18.399,0.0690,0.0952,0.0000,0.1190,amorphous,0,50.141,20.0
142,18.198,0.1389,0.2444,0.0000,0.1778,intermediate,0,34.342,20.0
143,9.405,0.1265,0.2353,0.0000,0.1471,intermediate,0,45.333,10.0
144,30.701,0.2154,0.2692,0.1154,0.2692,intermediate,0,50.973,40.0
145,27.171,0.1553,0.2632,0.0000,0.2105,intermediate,0,43.936,30.0
146,28.876,0.2456,0.3529,0.1471,0.2353,intermediate,0,46.396,30.0
147,30.376,0.1545,0.1818,0.1818,0.0909,intermediate,0,58.110,40.0
148,19.449,0.1475,0.2500,0.0000,0.2000,intermediate,0,35.616,20.0
149,29.387,0.2074,0.2941,0.1471,0.1765,intermediate,0,49.468,30.0
150,17.975,0.1068,0.1892,0.0000,0.1351,intermediate,0,37.580,20.0
151,14.056,0.0628,0.1026,0.0769,0.0000,amorphous,0,50.880,20.0
152,30.877,0.1364,0.1818,0.0909,0.1364,intermediate,0,55.934,40.0
153,19.577,0.1405,0.2381,0.0000,0.1905,intermediate,0,35.502,20.0
154,26.978,0.2074,0.2941,0.1471,0.1765,intermediate,0,59.628,30.0
155,27.223,0.1500,0.2500,0.0000,0.2083,intermediate,0,58.222,30.0
156,29.525,0.1200,0.1600,0.0800,0.1200,intermediate,0,55.365,30.0
157,9.953,0.0231,0.0000,0.0000,0.0769,amorphous,0,29.793,10.0
158,19.908,0.1037,0.1707,0.0000,0.1463,intermediate,0,45.493,20.0
159,26.664,0.2694,0.3333,0.2222,0.2500,crystalline,0,43.451,30.0
160,13.745,0.0769,0.0769,0.0769,0.0769,amorphous,0,50.068,20.0
161,23.330,0.1382,0.2368,0.0000,0.1842,intermediate,0,59.742,30.0
162,27.786,0.1222,0.2222,0.0000,0.1481,intermediate,0,56.047,30.0
163,24.159,0.1500,0.2727,0.0000,0.1818,intermediate,0,39.674,30.0
164,28.357,0.1917,0.3333,0.0000,0.2500,intermediate,0,60.775,30.0
165,21.456,0.1062,0.1750,0.0000,0.1500,intermediate,0,45.713,30.0
166,24.141,0.1293,0.2391,0.0000,0.1522,intermediate,0,39.432,30.0
167,24.433,0.1068,0.1892,0.0000,0.1351,intermediate,0,57.795,30.0
168,7.632,0.0855,0.1613,0.0000,0.0968,amorphous,0,41.478,10.0
169,15.506,0.1137,0.1750,0.0000,0.1750,intermediate,0,31.563,20.0
170,25.202,0.1405,0.2162,0.0000,0.2162,intermediate,0,60.119,30.0
171,30.912,0.2222,0.2593,0.1852,0.2222,intermediate,0,48.811,40.0
172,18.146,0.1302,0.2326,0.0000,0.1628,intermediate,0,35.025,20.0
173,26.801,0.1083,0.1667,0.0000,0.1667,intermediate,0,48.914,30.0
174,5.202,0.0532,0.0968,0.0000,0.0645,amorphous,0,43.085,6.0
175,27.984,0.1437,0.2500,0.0000,0.1875,intermediate,0,44.127,30.0
176,21.285,0.1341,0.2273,0.0000,0.1818,intermediate,0,36.072,30.0
177,21.153,0.1000,0.1667,0.0000,0.1389,intermediate,0,58.200,30.0
178,23.912,0.1140,0.1860,0.0000,0.1628,intermediate,0,40.169,30.0
179,11.762,0.1229,0.2286,0.0000,0.1429,intermediate,0,44.437,20.0
180,5.853,0.0194,0.0000,0.0556,0.0000,amorphous,0,27.136,6.0
181,11.313,0.0750,0.1154,0.0000,0.1154,amorphous,0,28.898,20.0
182,31.221,0.1905,0.2381,0.1429,0.1905,intermediate,0,57.720,40.0
183,23.621,0.0638,0.0750,0.0000,0.1250,amorphous,0,51.298,30.0
184,29.119,0.2468,0.2581,0.2258,0.2581,intermediate,0,46.420,30.0
185,12.405,0.0000,0.0000,0.0000,0.0000,amorphous,0,37.154,20.0
186,10.427,0.1074,0.2059,0.0000,0.1176,amorphous,0,38.939,20.0
187,17.993,0.1083,0.1667,0.0000,0.1667,intermediate,0,47.169,20.0
188,14.775,0.1419,0.2432,0.0000,0.1892,intermediate,0,31.618,20.0
189,30.188,0.1571,0.2857,0.0000,0.1905,intermediate,0,61.343,40.0
190,8.456,0.0550,0.1000,0.0000,0.0667,amorphous,0,46.667,10.0
191,25.868,0.1643,0.2857,0.0000,0.2143,intermediate,0,58.713,30.0
192,18.819,0.0878,0.1463,0.0000,0.1220,intermediate,0,56.859,20.0
193,24.894,0.0818,0.1364,0.0000,0.1136,amorphous,0,47.438,30.0
194,15.942,0.0859,0.1026,0.0769,0.0769,amorphous,0,50.682,20.0
195,16.824,0.1338,0.2432,0.0000,0.1622,intermediate,0,31.977,20.0
196,26.192,0.1129,0.2000,0.0000,0.1429,intermediate,0,46.324,30.0
197,28.878,0.2059,0.2353,0.1765,0.2059,intermediate,0,45.249,30.0
198,22.860,0.1095,0.1905,0.0000,0.1429,intermediate,0,58.324,30.0
199,27.028,0.1875,0.3214,0.0000,0.2500,intermediate,0,61.457,30.0
200,12.521,0.0906,0.1250,0.0000,0.1562,intermediate,0,28.899,20.0
201,21.325,0.0703,0.1081,0.0000,0.1081,amorphous,0,48.761,30.0
202,31.256,0.1475,0.2500,0.0000,0.2000,intermediate,0,53.148,40.0
203,21.011,0.1209,0.1860,0.0000,0.1860,intermediate,0,41.384,30.0
204,13.304,0.0569,0.1034,0.0000,0.0690,amorphous,0,34.082,20.0
205,12.172,0.0189,0.0541,0.0000,0.0000,amorphous,0,50.510,20.0
206,16.824,0.1474,0.2632,0.0000,0.1842,intermediate,0,33.460,20.0
207,3.652,0.0250,0.0000,0.0714,0.0000,amorphous,0,28.192,6.0
208,28.776,0.1047,0.2188,0.0000,0.0938,amorphous,0,51.155,30.0
209,16.392,0.1211,0.2105,0.0000,0.1579,intermediate,0,34.063,20.0
210,18.361,0.1463,0.1463,0.1463,0.1463,intermediate,0,36.936,20.0
211,10.016,0.0206,0.0000,0.0588,0.0000,amorphous,0,34.562,20.0
212,17.524,0.0845,0.1190,0.0000,0.1429,amorphous,0,39.463,20.0
213,28.415,0.1800,0.2286,0.1143,0.2000,intermediate,0,47.801,30.0
214,18.721,0.0722,0.1111,0.0000,0.1111,amorphous,0,51.158,20.0
215,27.276,0.1130,0.1739,0.0000,0.1739,intermediate,0,55.478,30.0
216,17.395,0.0762,0.0952,0.0000,0.1429,amorphous,0,48.646,20.0
217,19.619,0.0963,0.1707,0.0000,0.1220,intermediate,0,55.610,20.0
218,16.795,0.0947,0.1579,0.0000,0.1316,intermediate,0,45.061,20.0
219,23.893,0.1622,0.2162,0.1081,0.1622,intermediate,0,52.922,30.0
220,26.016,0.1694,0.2903,0.0000,0.2258,intermediate,0,60.889,30.0
221,28.296,0.1697,0.3030,0.0000,0.2121,intermediate,0,43.348,30.0
222,24.462,0.1255,0.2128,0.0000,0.1702,intermediate,0,41.947,30.0
223,25.012,0.0903,0.1389,0.0000,0.1389,intermediate,0,54.982,30.0
224,29.797,0.2481,0.2963,0.2222,0.2222,intermediate,0,60.387,30.0
225,10.287,0.0167,0.0000,0.0476,0.0000,amorphous,0,34.178,20.0
226,14.192,0.0594,0.0625,0.0000,0.1250,amorphous,0,33.095,20.0
227,25.505,0.1077,0.1538,0.0000,0.1795,intermediate,0,47.004,30.0
228,23.221,0.1488,0.2619,0.0000,0.1905,intermediate,0,36.549,30.0
229,29.685,0.1111,0.1481,0.0741,0.1111,amorphous,0,56.006,30.0
230,26.939,0.1074,0.2059,0.0000,0.1176,amorphous,0,57.919,30.0
231,23.603,0.1118,0.1842,0.0000,0.1579,intermediate,0,44.002,30.0
232,28.925,0.1214,0.2000,0.0000,0.1714,intermediate,0,46.523,30.0
233,26.175,0.2439,0.2927,0.1951,0.2439,intermediate,0,40.403,30.0
234,6.971,0.0000,0.0000,0.0000,0.0000,amorphous,0,35.902,10.0
235,17.866,0.1074,0.2059,0.0000,0.1176,amorphous,0,39.273,20.0
236,24.806,0.1487,0.2051,0.0000,0.2564,intermediate,0,40.507,30.0
237,20.219,0.1062,0.1750,0.0000,0.1500,intermediate,0,58.314,30.0
238,30.176,0.1200,0.1200,0.1200,0.1200,intermediate,0,52.813,40.0
239,11.947,0.0917,0.1667,0.0000,0.1111,amorphous,0,45.029,20.0
240,24.439,0.1179,0.2143,0.0000,0.1429,intermediate,0,42.761,30.0
241,26.561,0.1276,0.1724,0.1034,0.1034,amorphous,0,52.808,30.0
242,7.573,0.0261,0.0000,0.0000,0.0870,amorphous,0,27.382,10.0
243,14.255,0.0591,0.0909,0.0000,0.0909,amorphous,0,32.268,20.0
244,32.567,0.1460,0.2800,0.0000,0.1600,intermediate,0,48.976,40.0
245,19.954,0.1238,0.1905,0.0000,0.1905,intermediate,0,43.183,20.0
246,25.402,0.1417,0.2333,0.0000,0.2000,intermediate,0,57.955,30.0
247,18.574,0.1195,0.1951,0.0000,0.1707,intermediate,0,31.631,20.0
248,7.692,0.0589,0.1071,0.0000,0.0714,amorphous,0,43.065,10.0
249,26.614,0.1686,0.3023,0.0000,0.2093,intermediate,0,40.168,30.0
250,21.235,0.1603,0.2821,0.0000,0.2051,intermediate,0,36.795,30.0
251,6.556,0.0233,0.0000,0.0667,0.0000,amorphous,0,27.432,10.0
252,28.515,0.0981,0.1111,0.0741,0.1111,amorphous,0,53.303,30.0
253,14.572,0.1114,0.1714,0.0000,0.1714,intermediate,0,31.844,20.0
254,30.942,0.2130,0.3478,0.0000,0.3043,intermediate,0,63.519,40.0
255,13.334,0.0722,0.1111,0.0000,0.1111,amorphous,0,48.592,20.0
256,12.221,0.0788,0.1212,0.0000,0.1212,intermediate,0,31.033,20.0
257,21.219,0.0549,0.0732,0.0000,0.0976,amorphous,0,49.833,30.0
258,32.157,0.1765,0.2353,0.1176,0.1765,intermediate,0,59.896,40.0
259,27.950,0.1394,0.2424,0.0000,0.1818,intermediate,0,45.066,30.0
260,19.498,0.1393,0.2143,0.0000,0.2143,intermediate,0,36.128,20.0
261,24.245,0.1894,0.2128,0.1277,0.2340,intermediate,0,37.223,30.0
262,14.716,0.0868,0.1579,0.0000,0.1053,amorphous,0,52.302,20.0
263,27.862,0.2152,0.3913,0.0000,0.2609,intermediate,0,63.633,30.0
264,19.563,0.1513,0.2564,0.0000,0.2051,intermediate,0,32.811,20.0
265,22.669,0.1195,0.1951,0.0000,0.1707,intermediate,0,41.267,30.0
266,3.998,0.0000,0.0000,0.0000,0.0000,amorphous,0,39.355,6.0
267,29.281,0.3196,0.3913,0.2609,0.3043,crystalline,0,64.009,30.0
268,19.495,0.0825,0.1500,0.0000,0.1000,amorphous,0,56.942,20.0
269,4.517,0.0000,0.0000,0.0000,0.0000,amorphous,0,29.338,6.0
270,20.214,0.1283,0.2174,0.0000,0.1739,intermediate,0,32.628,30.0
271,13.525,0.0640,0.0800,0.0000,0.1200,amorphous,0,31.967,20.0
272,11.479,0.0513,0.0789,0.0000,0.0789,amorphous,0,48.558,20.0
273,17.881,0.0987,0.1750,0.0000,0.1250,intermediate,0,34.454,20.0
274,22.957,0.1605,0.2791,0.0000,0.2093,intermediate,0,38.959,30.0
275,30.144,0.2442,0.3462,0.1538,0.2308,intermediate,0,44.875,40.0
276,17.523,0.1000,0.1667,0.0000,0.1389,intermediate,0,56.022,20.0
277,14.208,0.0569,0.1034,0.0000,0.0690,amorphous,0,39.969,20.0
278,27.379,0.1649,0.2162,0.0000,0.2973,intermediate,0,43.475,30.0
279,26.224,0.1100,0.2000,0.0000,0.1333,intermediate,0,39.017,30.0
280,32.254,0.1880,0.2400,0.1600,0.1600,intermediate,0,51.132,40.0
281,28.912,0.1458,0.2500,0.0000,0.1944,intermediate,0,42.473,30.0
282,20.398,0.1090,0.1795,0.0000,0.1538,intermediate,0,46.273,30.0
283,7.938,0.0219,0.0000,0.0625,0.0000,amorphous,0,32.511,10.0
284,24.627,0.1204,0.2041,0.0000,0.1633,intermediate,0,37.434,30.0
285,22.127,0.0812,0.1250,0.0000,0.1250,intermediate,0,54.820,30.0
286,21.370,0.1283,0.2174,0.0000,0.1739,intermediate,0,33.104,30.0
287,16.300,0.0947,0.1579,0.0000,0.1316,intermediate,0,33.846,20.0
288,17.130,0.1527,0.1892,0.1081,0.1622,intermediate,0,53.545,20.0
289,25.184,0.1810,0.3103,0.0000,0.2414,intermediate,0,61.189,30.0
290,27.070,0.1441,0.2353,0.0000,0.2059,intermediate,0,62.294,30.0
291,10.633,0.0963,0.1481,0.0000,0.1481,intermediate,0,33.443,20.0
292,21.608,0.1013,0.1795,0.0000,0.1282,intermediate,0,42.525,30.0
293,26.250,0.1140,0.1860,0.0000,0.1628,intermediate,0,43.854,30.0
294,14.837,0.1077,0.1538,0.0000,0.1795,intermediate,0,27.632,20.0
295,5.588,0.0000,0.0000,0.0000,0.0000,amorphous,0,36.844,6.0
296,32.530,0.1130,0.1739,0.0000,0.1739,intermediate,0,47.664,40.0
297,22.894,0.1034,0.1591,0.0000,0.1591,intermediate,0,45.115,30.0
298,14.430,0.1313,0.2250,0.0000,0.1750,intermediate,0,27.390,20.0
299,17.963,0.0786,0.0952,0.0476,0.0952,amorphous,0,51.827,20.0
300,14.856,0.1274,0.2258,0.0000,0.1613,intermediate,0,36.709,20.0
301,24.012,0.1291,0.2093,0.0000,0.1860,intermediate,0,39.987,30.0
302,7.737,0.0917,0.1667,0.0000,0.1111,amorphous,0,40.777,10.0
303,14.772,0.0947,0.1579,0.0000,0.1316,intermediate,0,46.513,20.0
304,16.329,0.0784,0.1081,0.0000,0.1351,amorphous,0,36.551,20.0
305,19.275,0.0837,0.1395,0.0000,0.1163,amorphous,0,42.702,20.0
306,20.473,0.0898,0.1591,0.0000,0.1136,amorphous,0,52.002,30.0
307,10.907,0.0464,0.0714,0.0000,0.0714,amorphous,0,31.234,20.0
308,17.121,0.1302,0.2326,0.0000,0.1628,intermediate,0,30.933,20.0
309,12.091,0.0643,0.0857,0.0000,0.1143,amorphous,0,26.326,20.0
310,19.055,0.1261,0.2045,0.0000,0.1818,intermediate,0,30.364,20.0
311,10.644,0.1237,0.1316,0.1316,0.1053,intermediate,0,39.395,20.0
312,18.639,0.1021,0.1667,0.0000,0.1458,intermediate,0,32.057,20.0
313,15.859,0.1346,0.2308,0.0000,0.1795,intermediate,0,28.528,20.0
314,20.871,0.1141,0.1957,0.0000,0.1522,intermediate,0,37.392,30.0
315,15.027,0.1095,0.1905,0.0000,0.1429,intermediate,0,42.613,20.0
316,21.230,0.1400,0.2500,0.0000,0.1750,intermediate,0,54.656,30.0
317,17.167,0.0774,0.1190,0.0000,0.1190,amorphous,0,40.065,20.0
318,27.569,0.1291,0.2093,0.0000,0.1860,intermediate,0,39.493,30.0
319,8.740,0.0481,0.0741,0.0000,0.0741,amorphous,0,25.809,10.0
320,24.376,0.1962,0.2564,0.1282,0.2051,intermediate,0,59.655,30.0
321,30.681,0.2093,0.2593,0.1481,0.2222,intermediate,0,46.561,40.0
322,16.174,0.1211,0.2105,0.0000,0.1579,intermediate,0,28.980,20.0
323,26.420,0.1513,0.2564,0.0000,0.2051,intermediate,0,41.482,30.0
324,30.453,0.1060,0.2000,0.0000,0.1200,intermediate,0,49.704,40.0
325,31.770,0.1717,0.3043,0.0000,0.2174,intermediate,0,46.896,40.0
326,27.016,0.1793,0.2759,0.0000,0.2759,intermediate,0,64.122,30.0
327,21.036,0.0940,0.1667,0.0000,0.1190,amorphous,0,55.486,30.0
328,16.877,0.0963,0.1707,0.0000,0.1220,intermediate,0,43.566,20.0
329,25.793,0.1268,0.1951,0.0000,0.1951,intermediate,0,38.362,30.0
330,25.353,0.1816,0.3158,0.0000,0.2368,intermediate,0,63.311,30.0
331,28.888,0.0956,0.1471,0.0000,0.1471,intermediate,0,45.367,30.0
332,19.997,0.1311,0.2222,0.0000,0.1778,intermediate,0,30.735,20.0
333,3.347,0.0269,0.0000,0.0769,0.0000,amorphous,0,23.025,6.0
334,25.038,0.1485,0.2424,0.0000,0.2121,intermediate,0,58.445,30.0
335,32.516,0.1700,0.2800,0.0000,0.2400,intermediate,0,46.241,40.0
336,13.353,0.0461,0.0789,0.0526,0.0000,amorphous,0,50.214,20.0
337,9.705,0.0159,0.0000,0.0455,0.0000,amorphous,0,33.508,10.0
338,26.046,0.0629,0.0968,0.0000,0.0968,amorphous,0,54.261,30.0
339,29.545,0.2143,0.2500,0.1786,0.2143,intermediate,0,62.863,30.0
340,31.408,0.2350,0.3500,0.1500,0.2000,intermediate,0,62.562,40.0
341,13.589,0.0859,0.1282,0.0513,0.0769,amorphous,0,47.167,20.0
342,26.271,0.2059,0.2647,0.1471,0.2059,intermediate,0,62.976,30.0
343,3.983,0.0184,0.0000,0.0526,0.0000,amorphous,0,34.277,6.0
344,31.048,0.2463,0.3333,0.1481,0.2593,intermediate,0,43.841,40.0
345,20.811,0.1439,0.2439,0.0000,0.1951,intermediate,0,33.807,30.0
346,18.517,0.0639,0.1111,0.0000,0.0833,amorphous,0,34.661,20.0
347,11.745,0.0464,0.0000,0.0714,0.0714,amorphous,0,28.581,20.0
348,19.474,0.1209,0.1860,0.0000,0.1860,intermediate,0,29.468,20.0
349,26.076,0.1982,0.3214,0.0000,0.2857,intermediate,0,63.365,30.0
350,25.626,0.2094,0.2500,0.1875,0.1875,intermediate,0,54.252,30.0
351,4.165,0.0219,0.0000,0.0625,0.0000,amorphous,0,26.429,6.0
352,28.243,0.1586,0.2759,0.0000,0.2069,intermediate,0,59.250,30.0
353,30.685,0.1387,0.2581,0.0000,0.1613,intermediate,0,42.656,40.0
354,31.927,0.1580,0.2800,0.0000,0.2000,intermediate,0,45.375,40.0
355,18.207,0.1062,0.1750,0.0000,0.1500,intermediate,0,31.581,20.0
356,27.232,0.0765,0.1176,0.0000,0.1176,amorphous,0,49.332,30.0
357,26.441,0.1394,0.2424,0.0000,0.1818,intermediate,0,59.572,30.0
358,21.919,0.1382,0.2368,0.0000,0.1842,intermediate,0,59.644,30.0
359,25.183,0.1750,0.3000,0.0000,0.2333,intermediate,0,60.620,30.0
360,19.892,0.1179,0.2051,0.0000,0.1538,intermediate,0,38.962,20.0
361,30.678,0.2480,0.4000,0.0000,0.3600,intermediate,0,66.184,40.0
362,17.518,0.1000,0.1667,0.0000,0.1389,intermediate,0,54.658,20.0
363,24.131,0.1229,0.2083,0.0000,0.1667,intermediate,0,33.675,30.0
364,23.778,0.2105,0.2368,0.1842,0.2105,intermediate,0,54.573,30.0
365,3.499,0.0194,0.0000,0.0556,0.0000,amorphous,0,32.612,6.0
366,29.920,0.1000,0.1538,0.0000,0.1538,intermediate,0,52.932,30.0
367,32.230,0.1095,0.1905,0.0000,0.1429,intermediate,0,50.837,40.0
368,11.209,0.0189,0.0541,0.0000,0.0000,amorphous,0,47.074,20.0
369,23.437,0.1770,0.2973,0.0000,0.2432,intermediate,0,59.977,30.0
370,16.411,0.0846,0.1538,0.0000,0.1026,amorphous,0,45.603,20.0
371,26.994,0.2110,0.2683,0.1463,0.2195,intermediate,0,37.120,30.0
372,10.187,0.0464,0.0714,0.0000,0.0714,amorphous,0,23.076,20.0
373,20.327,0.1679,0.2821,0.0000,0.2308,intermediate,0,54.978,30.0
374,10.537,0.0500,0.0909,0.0000,0.0606,amorphous,0,44.957,20.0
375,8.825,0.0382,0.0588,0.0000,0.0588,amorphous,0,43.246,10.0
376,27.076,0.1314,0.2286,0.0000,0.1714,intermediate,0,42.679,30.0
377,26.848,0.1000,0.1667,0.0000,0.1389,intermediate,0,48.633,30.0
378,13.027,0.0833,0.1667,0.0000,0.0833,amorphous,0,43.534,20.0
379,23.303,0.1190,0.1429,0.0952,0.1190,amorphous,0,48.898,30.0
380,22.618,0.1089,0.1778,0.0000,0.1556,intermediate,0,42.286,30.0
381,13.129,0.1288,0.2121,0.0000,0.1818,intermediate,0,34.842,20.0
382,11.027,0.0803,0.1515,0.0000,0.0909,amorphous,0,43.767,20.0
383,20.652,0.1409,0.2273,0.0000,0.2045,intermediate,0,31.901,30.0
384,23.235,0.1898,0.2500,0.1364,0.1818,intermediate,0,39.298,30.0
385,31.948,0.1519,0.2692,0.0000,0.1923,intermediate,0,43.968,40.0
386,12.201,0.0500,0.0769,0.0000,0.0769,amorphous,0,35.056,20.0
387,21.742,0.0898,0.1591,0.0000,0.1136,amorphous,0,43.638,30.0
388,19.920,0.0776,0.1316,0.0000,0.1053,amorphous,0,48.214,20.0
389,4.469,0.0219,0.0000,0.0625,0.0000,amorphous,0,22.819,6.0
390,18.103,0.1162,0.2162,0.0000,0.1351,intermediate,0,55.995,20.0
391,25.864,0.1057,0.1714,0.0571,0.0857,amorphous,0,51.002,30.0
392,31.060,0.1932,0.3182,0.0000,0.2727,intermediate,0,44.023,40.0
393,32.592,0.1571,0.2857,0.0000,0.1905,intermediate,0,44.929,40.0
394,17.593,0.0756,0.1282,0.0000,0.1026,amorphous,0,47.585,20.0
395,24.810,0.1317,0.2115,0.0000,0.1923,intermediate,0,34.175,30.0
396,8.892,0.0532,0.0968,0.0000,0.0645,amorphous,0,40.811,10.0
397,13.376,0.0767,0.1333,0.0000,0.1000,amorphous,0,23.992,20.0
398,13.283,0.0485,0.0606,0.0000,0.0909,amorphous,0,38.094,20.0
399,30.753,0.1885,0.3077,0.0000,0.2692,intermediate,0,43.786,40.0
400,16.033,0.0590,0.1026,0.0000,0.0769,amorphous,0,50.778,20.0
401,24.182,0.1094,0.1875,0.0000,0.1458,intermediate,0,33.998,30.0
402,19.381,0.1256,0.2051,0.0000,0.1795,intermediate,0,36.187,20.0
403,19.627,0.1394,0.2340,0.0000,0.1915,intermediate,0,28.374,20.0
404,20.415,0.0973,0.1622,0.0000,0.1351,intermediate,0,57.263,30.0
405,20.445,0.1289,0.2105,0.0000,0.1842,intermediate,0,58.717,30.0
406,23.271,0.1221,0.2093,0.0000,0.1628,intermediate,0,36.424,30.0
407,24.903,0.1718,0.2308,0.1282,0.1538,intermediate,0,45.018,30.0
408,30.685,0.1569,0.2414,0.0000,0.2414,intermediate,0,41.344,40.0
409,21.054,0.1191,0.2128,0.0000,0.1489,intermediate,0,29.502,30.0
410,13.986,0.1039,0.1842,0.0000,0.1316,intermediate,0,25.107,20.0
411,26.934,0.1722,0.2778,0.0000,0.2500,intermediate,0,38.747,30.0
412,17.749,0.1155,0.1667,0.0000,0.1905,intermediate,0,41.717,20.0
413,21.414,0.1195,0.1951,0.0000,0.1707,intermediate,0,34.947,30.0
414,5.187,0.0269,0.0000,0.0769,0.0000,amorphous,0,22.891,6.0
415,29.892,0.1932,0.3182,0.0000,0.2727,intermediate,0,66.866,30.0
416,12.522,0.1013,0.1795,0.0000,0.1282,intermediate,0,37.112,20.0
417,29.753,0.0852,0.1481,0.0000,0.1111,amorphous,0,50.721,30.0
418,9.237,0.0750,0.1154,0.0000,0.1154,amorphous,0,22.520,10.0
419,30.134,0.1897,0.2759,0.0000,0.3103,intermediate,0,43.951,40.0
420,24.685,0.1826,0.3023,0.0000,0.2558,intermediate,0,38.062,30.0
421,23.882,0.0812,0.1250,0.0000,0.1250,intermediate,0,49.253,30.0
422,19.788,0.1311,0.2222,0.0000,0.1778,intermediate,0,29.009,20.0
423,24.615,0.1207,0.2195,0.0000,0.1463,intermediate,0,32.549,30.0
424,29.128,0.1200,0.2000,0.0000,0.1667,intermediate,0,45.211,30.0
425,23.219,0.0732,0.0976,0.0488,0.0732,amorphous,0,51.268,30.0
426,22.475,0.1292,0.2083,0.0000,0.1875,intermediate,0,30.056,30.0
427,14.140,0.0973,0.1622,0.0000,0.1351,intermediate,0,25.510,20.0
428,26.468,0.1361,0.2222,0.0000,0.1944,intermediate,0,64.642,30.0
429,13.429,0.0433,0.0667,0.0000,0.0667,amorphous,0,28.557,20.0
430,32.280,0.1095,0.1905,0.0000,0.1429,intermediate,0,48.468,40.0
431,5.574,0.0280,0.0800,0.0000,0.0000,amorphous,0,35.616,6.0
432,17.280,0.1207,0.1957,0.0000,0.1739,intermediate,0,28.657,20.0
433,32.495,0.1147,0.1765,0.0000,0.1765,intermediate,0,59.240,40.0
434,13.820,0.0464,0.0714,0.0000,0.0714,amorphous,0,29.697,20.0
435,15.739,0.0527,0.0811,0.0000,0.0811,amorphous,0,52.355,20.0
436,28.148,0.1769,0.3077,0.0000,0.2308,intermediate,0,42.943,30.0
437,24.716,0.1727,0.3182,0.0000,0.2045,intermediate,0,38.934,30.0
438,20.361,0.0577,0.0769,0.0000,0.1026,amorphous,0,45.479,30.0
439,24.671,0.1750,0.2105,0.1316,0.1842,intermediate,0,42.649,30.0
440,15.851,0.1256,0.1707,0.0000,0.2195,intermediate,0,24.643,20.0
441,4.889,0.0250,0.0000,0.0714,0.0000,amorphous,0,27.365,6.0
442,31.010,0.2558,0.3077,0.1923,0.2692,crystalline,0,40.721,40.0
443,26.012,0.1433,0.2667,0.0000,0.1667,intermediate,0,58.068,30.0
444,19.055,0.0885,0.1458,0.0000,0.1250,intermediate,0,37.782,20.0
445,19.901,0.0878,0.1463,0.0000,0.1220,intermediate,0,40.202,20.0
446,18.536,0.1068,0.1892,0.0000,0.1351,intermediate,0,37.467,20.0
447,27.266,0.1070,0.1860,0.0000,0.1395,intermediate,0,35.009,30.0
448,26.594,0.1244,0.2222,0.0000,0.1556,intermediate,0,34.151,30.0
449,26.596,0.1241,0.2069,0.0000,0.1724,intermediate,0,55.892,30.0
450,19.237,0.0868,0.1579,0.0000,0.1053,amorphous,0,51.790,20.0
451,29.918,0.1083,0.1667,0.0000,0.1667,intermediate,0,48.454,30.0
452,15.751,0.1000,0.1667,0.0000,0.1389,intermediate,0,24.166,20.0
453,21.919,0.1750,0.1957,0.1739,0.1522,intermediate,0,35.930,30.0
454,21.242,0.0562,0.0750,0.0000,0.1000,amorphous,0,49.163,30.0
455,26.214,0.1944,0.3333,0.0000,0.2593,intermediate,0,63.855,30.0
456,22.012,0.1150,0.2000,0.0000,0.1500,intermediate,0,55.600,30.0
457,24.172,0.1822,0.1778,0.1333,0.2444,intermediate,0,31.206,30.0
458,28.906,0.2827,0.3077,0.2692,0.2692,crystalline,0,54.585,30.0
459,8.149,0.0821,0.1429,0.0000,0.1071,amorphous,0,32.738,10.0
460,7.505,0.0250,0.0714,0.0000,0.0000,amorphous,0,38.045,10.0
461,22.115,0.1586,0.2571,0.0000,0.2286,intermediate,0,59.966,30.0
462,30.534,0.1518,0.2500,0.0000,0.2143,intermediate,0,44.784,40.0
463,29.752,0.2000,0.3226,0.0000,0.2903,intermediate,0,40.223,30.0
464,22.531,0.0805,0.1463,0.0000,0.0976,amorphous,0,53.334,30.0
465,27.079,0.1763,0.2250,0.0000,0.3250,intermediate,0,37.451,30.0
466,10.807,0.0481,0.0741,0.0000,0.0741,amorphous,0,24.566,20.0
467,30.932,0.2538,0.4615,0.0000,0.3077,crystalline,0,65.079,40.0
468,15.644,0.1167,0.1905,0.0000,0.1667,intermediate,0,23.732,20.0
469,8.498,0.0292,0.0000,0.0833,0.0000,amorphous,0,21.819,10.0
470,15.376,0.0776,0.1316,0.0000,0.1053,amorphous,0,41.824,20.0
471,6.305,0.0233,0.0000,0.0667,0.0000,amorphous,0,23.092,10.0
472,25.461,0.1462,0.1795,0.1282,0.1282,intermediate,0,46.547,30.0
473,12.724,0.0900,0.1500,0.0000,0.1250,intermediate,0,41.958,20.0
474,30.898,0.0885,0.1538,0.0000,0.1154,amorphous,0,46.759,40.0
475,26.790,0.1539,0.2368,0.0000,0.2368,intermediate,0,40.139,30.0
476,21.214,0.1197,0.2121,0.0000,0.1515,intermediate,0,58.594,30.0
477,12.069,0.0650,0.1000,0.0000,0.1000,amorphous,0,21.709,20.0
478,23.725,0.1500,0.2571,0.0000,0.2000,intermediate,0,62.140,30.0
479,23.451,0.1195,0.1951,0.0000,0.1707,intermediate,0,29.687,30.0
480,24.319,0.1244,0.2222,0.0000,0.1556,intermediate,0,30.549,30.0
481,21.168,0.1268,0.1951,0.0000,0.1951,intermediate,0,27.646,30.0
482,28.876,0.1682,0.2727,0.0000,0.2424,intermediate,0,37.777,30.0
483,27.944,0.1162,0.2059,0.0000,0.1471,intermediate,0,44.753,30.0
484,25.802,0.1903,0.3226,0.0000,0.2581,intermediate,0,61.302,30.0
485,31.774,0.2405,0.3333,0.1905,0.1905,intermediate,0,65.038,40.0
486,31.492,0.1433,0.2667,0.0000,0.1667,intermediate,0,39.921,40.0
487,24.387,0.1356,0.1778,0.0000,0.2444,intermediate,0,32.185,30.0
488,28.749,0.1371,0.2258,0.0000,0.1935,intermediate,0,65.151,30.0
489,29.469,0.1677,0.2581,0.0000,0.2581,intermediate,0,41.079,30.0
490,28.962,0.1500,0.2571,0.0000,0.2000,intermediate,0,36.321,30.0
491,15.116,0.0569,0.1034,0.0000,0.0690,amorphous,0,29.539,20.0
492,29.860,0.2530,0.3333,0.1818,0.2424,crystalline,0,37.596,30.0
493,18.421,0.0821,0.1429,0.0000,0.1071,amorphous,0,53.799,20.0
494,31.311,0.1300,0.2000,0.0000,0.2000,intermediate,0,54.262,40.0
495,22.693,0.1489,0.2500,0.0000,0.2045,intermediate,0,32.896,30.0
496,24.305,0.0955,0.1364,0.0000,0.1591,intermediate,0,44.449,30.0
497,22.984,0.1179,0.2051,0.0000,0.1538,intermediate,0,38.965,30.0
498,30.025,0.2174,0.2609,0.1739,0.2174,intermediate,0,61.148,40.0
499,23.867,0.1696,0.2609,0.0000,0.2609,intermediate,0,34.973,30.0
500,19.115,0.0638,0.0750,0.0000,0.1250,amorphous,0,43.374,20.0
501,17.443,0.1151,0.2093,0.0000,0.1395,intermediate,0,28.517,20.0
502,28.228,0.1700,0.2800,0.0000,0.2400,intermediate,0,66.598,30.0
503,21.888,0.0986,0.1892,0.0000,0.1081,amorphous,0,56.930,30.0
504,32.612,0.1475,0.2500,0.0000,0.2000,intermediate,0,41.233,40.0
505,14.449,0.0686,0.1163,0.0000,0.0930,amorphous,0,25.017,20.0
506,24.324,0.1405,0.2381,0.0000,0.1905,intermediate,0,33.834,30.0
507,8.715,0.0318,0.0909,0.0000,0.0000,amorphous,0,33.697,10.0
508,19.138,0.1075,0.2000,0.0000,0.1250,intermediate,0,54.631,20.0
509,14.038,0.0846,0.1538,0.0000,0.1026,amorphous,0,27.589,20.0
510,15.950,0.0806,0.1111,0.0000,0.1389,amorphous,0,38.526,20.0
511,20.482,0.1179,0.1429,0.0714,0.1429,intermediate,0,50.232,30.0
512,28.438,0.2339,0.3929,0.0000,0.3214,intermediate,0,60.902,30.0
513,22.133,0.1414,0.2571,0.0000,0.1714,intermediate,0,60.048,30.0
514,11.761,0.0743,0.1143,0.0000,0.1143,amorphous,0,24.131,20.0
515,18.924,0.1122,0.1951,0.0000,0.1463,intermediate,0,32.624,20.0
516,20.832,0.1037,0.1707,0.0000,0.1463,intermediate,0,26.479,30.0
517,12.428,0.1029,0.1143,0.0571,0.1429,amorphous,0,21.896,20.0
518,19.536,0.1022,0.1778,0.0000,0.1333,intermediate,0,28.455,20.0
519,31.443,0.3063,0.5000,0.0000,0.4375,crystalline,0,67.255,40.0
520,21.502,0.1292,0.2083,0.0000,0.1875,intermediate,0,28.912,30.0
521,25.683,0.1886,0.3429,0.0000,0.2286,intermediate,0,61.308,30.0
522,27.692,0.1595,0.2703,0.0000,0.2162,intermediate,0,34.651,30.0
523,20.887,0.0284,0.0811,0.0000,0.0000,amorphous,0,50.841,30.0
524,21.627,0.1347,0.2449,0.0000,0.1633,intermediate,0,33.507,30.0
525,19.422,0.1280,0.2195,0.0000,0.1707,intermediate,0,53.073,20.0
526,17.054,0.0351,0.0541,0.0000,0.0541,amorphous,0,50.572,20.0
527,30.701,0.1646,0.2917,0.0000,0.2083,intermediate,0,65.529,40.0
528,15.956,0.1211,0.2105,0.0000,0.1579,intermediate,0,32.560,20.0
529,4.766,0.0184,0.0000,0.0526,0.0000,amorphous,0,18.656,6.0
530,12.082,0.0300,0.0857,0.0000,0.0000,amorphous,0,39.917,20.0
531,26.709,0.1724,0.2895,0.0000,0.2368,intermediate,0,35.310,30.0
532,15.680,0.0892,0.1622,0.0000,0.1081,amorphous,0,49.011,20.0
533,27.116,0.1714,0.2000,0.1429,0.1714,intermediate,0,49.586,30.0
534,23.181,0.1458,0.2500,0.0000,0.1944,intermediate,0,56.309,30.0
535,16.282,0.0542,0.0833,0.0000,0.0833,amorphous,0,44.500,20.0
536,31.608,0.1463,0.2593,0.0000,0.1852,intermediate,0,38.609,40.0
537,25.555,0.2155,0.2619,0.1905,0.1905,intermediate,0,38.387,30.0
538,12.878,0.0894,0.1515,0.0000,0.1212,intermediate,0,21.601,20.0
539,25.944,0.1988,0.2143,0.1905,0.1905,intermediate,0,31.263,30.0
540,28.045,0.1387,0.2250,0.0000,0.2000,intermediate,0,33.480,30.0
541,28.334,0.1091,0.1818,0.0000,0.1515,intermediate,0,42.384,30.0
542,17.942,0.0819,0.1389,0.0000,0.1111,amorphous,0,53.414,20.0
543,15.845,0.0639,0.1111,0.0000,0.0833,amorphous,0,45.831,20.0
544,31.876,0.3167,0.3810,0.2381,0.3333,crystalline,0,69.042,40.0
545,26.679,0.2000,0.3571,0.0000,0.2500,intermediate,0,63.477,30.0
546,17.470,0.0966,0.1591,0.0000,0.1364,intermediate,0,33.883,20.0
547,7.257,0.0269,0.0000,0.0769,0.0000,amorphous,0,20.661,10.0
548,24.987,0.1847,0.1944,0.1667,0.1944,intermediate,0,55.853,30.0
549,18.339,0.0548,0.0952,0.0000,0.0714,amorphous,0,29.954,20.0
550,21.717,0.1313,0.2250,0.0000,0.1750,intermediate,0,31.511,30.0
551,20.223,0.0955,0.1364,0.0000,0.1591,intermediate,0,43.794,30.0
552,15.773,0.0776,0.1316,0.0000,0.1053,amorphous,0,24.866,20.0
553,27.771,0.1963,0.3704,0.0000,0.2222,intermediate,0,66.030,30.0
554,21.073,0.1043,0.1702,0.0000,0.1489,intermediate,0,26.382,30.0
555,27.575,0.1875,0.3214,0.0000,0.2500,intermediate,0,61.431,30.0
556,16.115,0.1122,0.1951,0.0000,0.1463,intermediate,0,22.836,20.0
557,32.057,0.1848,0.3043,0.0000,0.2609,intermediate,0,39.391,40.0
558,26.961,0.1405,0.2381,0.0000,0.1905,intermediate,0,31.445,30.0
559,13.105,0.0605,0.1053,0.0000,0.0789,amorphous,0,42.653,20.0
560,12.874,0.0406,0.0625,0.0000,0.0625,amorphous,0,38.455,20.0
561,30.697,0.1750,0.3125,0.0000,0.2188,intermediate,0,36.485,40.0
562,7.898,0.0500,0.0769,0.0000,0.0769,amorphous,0,20.038,10.0
563,15.843,0.0458,0.0833,0.0000,0.0556,amorphous,0,48.647,20.0
564,11.120,0.0742,0.1290,0.0000,0.0968,amorphous,0,20.015,20.0
565,28.650,0.2069,0.2759,0.1379,0.2069,intermediate,0,48.470,30.0
566,27.903,0.1429,0.1714,0.1143,0.1429,intermediate,0,46.387,30.0
567,19.561,0.0763,0.1053,0.0000,0.1316,amorphous,0,38.726,20.0
568,10.669,0.0542,0.0833,0.0000,0.0833,amorphous,0,40.121,20.0
569,18.852,0.1167,0.2083,0.0000,0.1458,intermediate,0,26.234,20.0
570,14.330,0.1000,0.1429,0.0000,0.1667,intermediate,0,37.714,20.0
571,11.181,0.0929,0.1429,0.0000,0.1429,intermediate,0,25.665,20.0
572,15.447,0.1110,0.1707,0.0000,0.1707,intermediate,0,22.567,20.0
573,7.031,0.0318,0.0000,0.0909,0.0000,amorphous,0,33.647,10.0
574,22.458,0.1233,0.2000,0.0000,0.1778,intermediate,0,26.875,30.0
575,28.515,0.1437,0.2500,0.0000,0.1875,intermediate,0,65.642,30.0
576,8.483,0.0250,0.0000,0.0000,0.0833,amorphous,0,20.252,10.0
577,8.636,0.0207,0.0000,0.0000,0.0690,amorphous,0,32.302,10.0
578,18.761,0.1192,0.1282,0.1026,0.1282,intermediate,0,44.793,20.0
579,26.683,0.1635,0.2692,0.0000,0.2308,intermediate,0,58.559,30.0
580,22.067,0.1167,0.1905,0.0000,0.1667,intermediate,0,26.088,30.0
581,19.570,0.1045,0.1818,0.0000,0.1364,intermediate,0,38.240,20.0
582,27.058,0.1371,0.2258,0.0000,0.1935,intermediate,0,64.883,30.0
583,11.324,0.0767,0.1333,0.0000,0.1000,amorphous,0,20.866,20.0
584,24.154,0.2407,0.3023,0.1860,0.2326,intermediate,0,35.583,30.0
585,25.829,0.1573,0.2195,0.0000,0.2683,intermediate,0,33.608,30.0
586,31.450,0.1440,0.2400,0.0000,0.2000,intermediate,0,42.415,40.0
587,27.313,0.1179,0.2051,0.0000,0.1538,intermediate,0,36.713,30.0
588,23.049,0.1221,0.2093,0.0000,0.1628,intermediate,0,29.211,30.0
589,29.247,0.1657,0.2286,0.0000,0.2857,intermediate,0,33.898,30.0
590,11.288,0.0952,0.1613,0.0000,0.1290,intermediate,0,27.513,20.0
591,31.999,0.1593,0.2963,0.0000,0.1852,intermediate,0,37.798,40.0
592,29.765,0.1672,0.2414,0.0000,0.2759,intermediate,0,41.007,30.0
593,8.894,0.0000,0.0000,0.0000,0.0000,amorphous,0,20.803,10.0
594,16.029,0.0634,0.0976,0.0000,0.0976,amorphous,0,49.081,20.0
595,20.651,0.0958,0.1667,0.0000,0.1250,intermediate,0,25.827,30.0
596,10.735,0.0485,0.0882,0.0000,0.0588,amorphous,0,39.211,20.0
597,22.167,0.1022,0.1778,0.0000,0.1333,intermediate,0,26.748,30.0
598,21.041,0.1000,0.1633,0.0000,0.1429,intermediate,0,25.569,30.0
599,19.384,0.0977,0.1818,0.0000,0.1136,amorphous,0,28.340,20.0
600,9.118,0.0350,0.0000,0.1000,0.0000,amorphous,0,18.233,10.0
601,9.657,0.0690,0.1379,0.0000,0.0690,amorphous,0,18.634,10.0
602,28.045,0.0920,0.1600,0.0000,0.1200,intermediate,0,55.324,30.0
603,17.503,0.1012,0.1667,0.0000,0.1429,intermediate,0,31.148,20.0
604,31.005,0.1646,0.2917,0.0000,0.2083,intermediate,0,37.633,40.0
605,20.149,0.1280,0.2195,0.0000,0.1707,intermediate,0,30.034,30.0
606,5.274,0.0542,0.0000,0.0833,0.0833,amorphous,0,16.943,6.0
607,25.418,0.1542,0.2500,0.0000,0.2222,intermediate,0,61.420,30.0
608,21.318,0.0840,0.1489,0.0000,0.1064,amorphous,0,33.084,30.0
609,23.170,0.1243,0.1351,0.0811,0.1622,intermediate,0,47.775,30.0
610,28.804,0.1676,0.2703,0.0000,0.2432,intermediate,0,32.758,30.0
611,30.658,0.1387,0.2581,0.0000,0.1613,intermediate,0,35.173,40.0
612,20.922,0.1408,0.2449,0.0000,0.1837,intermediate,0,30.417,30.0
613,26.820,0.1769,0.3077,0.0000,0.2308,intermediate,0,60.734,30.0
614,1.877,0.0175,0.0000,0.0500,0.0000,amorphous,0,23.727,6.0
615,12.432,0.0667,0.1026,0.0000,0.1026,amorphous,0,37.769,20.0
616,8.144,0.0259,0.0741,0.0000,0.0000,amorphous,0,22.759,10.0
617,17.609,0.1075,0.2000,0.0000,0.1250,intermediate,0,48.218,20.0
618,24.475,0.1550,0.2500,0.0000,0.2250,intermediate,0,61.296,30.0
619,26.242,0.1118,0.1842,0.0000,0.1579,intermediate,0,29.589,30.0
620,14.395,0.0703,0.1081,0.0000,0.1081,amorphous,0,44.401,20.0
621,6.542,0.0269,0.0000,0.0769,0.0000,amorphous,0,17.692,10.0
622,15.612,0.0471,0.0588,0.0000,0.0882,amorphous,0,44.216,20.0
623,28.809,0.2545,0.3636,0.1818,0.2121,crystalline,0,40.634,30.0
624,27.950,0.1110,0.1707,0.0000,0.1707,intermediate,0,31.102,30.0
625,20.283,0.0973,0.1622,0.0000,0.1351,intermediate,0,55.530,30.0
626,9.992,0.0471,0.0588,0.0000,0.0882,amorphous,0,34.892,10.0
627,25.800,0.1349,0.1860,0.0000,0.2326,intermediate,0,31.707,30.0
628,4.287,0.0233,0.0000,0.0667,0.0000,amorphous,0,25.308,6.0
629,27.715,0.1225,0.2000,0.0000,0.1750,intermediate,0,37.736,30.0
630,29.164,0.2172,0.2414,0.1724,0.2414,intermediate,0,56.028,30.0
631,24.003,0.1463,0.1707,0.1220,0.1463,intermediate,0,39.823,30.0
632,30.985,0.3048,0.3810,0.2857,0.2381,crystalline,0,55.915,40.0
633,23.355,0.1512,0.2439,0.0000,0.2195,intermediate,0,30.092,30.0
634,31.742,0.1229,0.2083,0.0000,0.1667,intermediate,0,44.489,40.0
635,18.252,0.0793,0.1220,0.0000,0.1220,intermediate,0,27.682,20.0
636,23.101,0.1912,0.2500,0.1250,0.2000,intermediate,0,56.422,30.0
637,31.549,0.1912,0.2941,0.0000,0.2941,intermediate,0,69.532,40.0
638,14.348,0.0703,0.1081,0.0000,0.1081,amorphous,0,44.663,20.0
639,11.650,0.0542,0.0833,0.0000,0.0833,amorphous,0,39.283,20.0
640,24.788,0.0667,0.1026,0.0000,0.1026,amorphous,0,46.492,30.0
641,16.877,0.0471,0.0857,0.0000,0.0571,amorphous,0,49.988,20.0
642,22.742,0.0819,0.1389,0.0000,0.1111,amorphous,0,58.707,30.0
643,30.320,0.2227,0.3636,0.0000,0.3182,intermediate,0,68.774,40.0
644,29.255,0.0812,0.1250,0.0000,0.1250,intermediate,0,53.148,30.0
645,4.892,0.0184,0.0000,0.0526,0.0000,amorphous,0,20.750,6.0
646,13.442,0.0394,0.0606,0.0000,0.0606,amorphous,0,41.076,20.0
647,20.494,0.0619,0.0952,0.0000,0.0952,amorphous,0,41.795,30.0
648,16.611,0.0943,0.1714,0.0000,0.1143,amorphous,0,27.585,20.0
649,8.997,0.0894,0.0909,0.0606,0.1212,amorphous,0,17.817,10.0
650,20.549,0.0574,0.0882,0.0000,0.0882,amorphous,0,51.590,30.0
651,30.996,0.1625,0.2500,0.0000,0.2500,intermediate,0,34.722,40.0
652,11.660,0.1000,0.1333,0.0667,0.1000,amorphous,0,26.158,20.0
653,20.772,0.1022,0.1778,0.0000,0.1333,intermediate,0,25.335,30.0
654,16.037,0.1354,0.2195,0.0000,0.1951,intermediate,0,20.928,20.0
655,27.388,0.2231,0.2821,0.1795,0.2051,intermediate,0,40.464,30.0
656,12.367,0.0684,0.1053,0.0000,0.1053,amorphous,0,19.285,20.0
657,31.894,0.1792,0.3333,0.0000,0.2083,intermediate,0,38.270,40.0
658,31.752,0.1150,0.2000,0.0000,0.1500,intermediate,0,51.459,40.0
659,25.945,0.1137,0.1750,0.0000,0.1750,intermediate,0,36.259,30.0
660,13.254,0.0846,0.1538,0.0000,0.1026,amorphous,0,32.158,20.0
661,25.067,0.0966,0.1591,0.0000,0.1364,intermediate,0,27.428,30.0
662,24.702,0.1302,0.2326,0.0000,0.1628,intermediate,0,30.271,30.0
663,23.218,0.0985,0.1515,0.0000,0.1515,intermediate,0,57.144,30.0
664,25.161,0.1726,0.3095,0.0000,0.2143,intermediate,0,34.426,30.0
665,20.686,0.0894,0.1515,0.0000,0.1212,intermediate,0,46.098,30.0
666,27.256,0.1000,0.1667,0.0000,0.1389,intermediate,0,43.554,30.0
667,7.652,0.0722,0.1111,0.0000,0.1111,amorphous,0,24.738,10.0
668,28.947,0.1971,0.3429,0.0000,0.2571,intermediate,0,39.229,30.0
669,7.748,0.0233,0.0000,0.0667,0.0000,amorphous,0,15.864,10.0
670,7.691,0.0000,0.0000,0.0000,0.0000,amorphous,0,32.222,10.0
671,10.177,0.0309,0.0882,0.0000,0.0000,amorphous,0,35.672,20.0
672,15.832,0.0536,0.0714,0.0000,0.0952,amorphous,0,46.754,20.0
673,23.499,0.1274,0.2258,0.0000,0.1613,intermediate,0,60.371,30.0
674,16.861,0.1043,0.1702,0.0000,0.1489,intermediate,0,33.016,20.0
675,18.357,0.1167,0.1795,0.0000,0.1795,intermediate,0,35.162,20.0
676,29.177,0.1833,0.2667,0.0000,0.3000,intermediate,0,38.134,30.0
677,23.332,0.1409,0.2273,0.0000,0.2045,intermediate,0,28.015,30.0
678,14.150,0.0722,0.1111,0.0000,0.1111,amorphous,0,26.635,20.0
679,32.643,0.2421,0.4211,0.0000,0.3158,intermediate,0,41.554,40.0
680,25.774,0.0951,0.1463,0.0000,0.1463,intermediate,0,44.901,30.0
681,30.748,0.1385,0.2308,0.0000,0.1923,intermediate,0,38.799,40.0
682,23.049,0.0894,0.1515,0.0000,0.1212,intermediate,0,48.040,30.0
683,28.185,0.1632,0.2647,0.0000,0.2353,intermediate,0,32.575,30.0
684,16.295,0.0842,0.1053,0.0000,0.1579,amorphous,0,38.802,20.0
685,23.868,0.1058,0.1628,0.0000,0.1628,intermediate,0,51.435,30.0
686,22.959,0.1283,0.2174,0.0000,0.1739,intermediate,0,28.776,30.0
687,27.123,0.1764,0.2222,0.1389,0.1667,intermediate,0,44.722,30.0
688,1.706,0.0175,0.0000,0.0500,0.0000,amorphous,0,15.360,6.0
689,24.819,0.0720,0.1220,0.0000,0.0976,amorphous,0,42.635,30.0
690,28.764,0.1450,0.2000,0.0000,0.2500,intermediate,0,31.777,30.0
691,12.693,0.0946,0.1081,0.0000,0.1892,amorphous,0,19.092,20.0
692,15.576,0.0811,0.1081,0.0541,0.0811,amorphous,0,39.956,20.0
693,6.590,0.0433,0.0667,0.0000,0.0667,amorphous,0,32.102,10.0
694,11.459,0.0433,0.0667,0.0000,0.0667,amorphous,0,19.951,20.0
695,26.642,0.1221,0.2093,0.0000,0.1628,intermediate,0,28.821,30.0
696,17.142,0.0929,0.1429,0.0000,0.1429,intermediate,0,28.794,20.0
697,26.267,0.1962,0.3250,0.0000,0.2750,intermediate,0,34.076,30.0
698,8.477,0.0233,0.0000,0.0667,0.0000,amorphous,0,22.538,10.0
699,4.324,0.0292,0.0833,0.0000,0.0000,amorphous,0,25.053,6.0
700,25.113,0.1125,0.2045,0.0000,0.1364,intermediate,0,27.678,30.0
701,26.148,0.0592,0.0789,0.0000,0.1053,amorphous,0,47.544,30.0
702,22.063,0.1037,0.1707,0.0000,0.1463,intermediate,0,50.206,30.0
703,23.157,0.0707,0.0976,0.0000,0.1220,amorphous,0,42.883,30.0
704,16.409,0.0986,0.1081,0.0811,0.1081,amorphous,0,44.972,20.0
705,13.531,0.0779,0.1471,0.0000,0.0882,amorphous,0,21.630,20.0
706,15.802,0.0890,0.1707,0.0000,0.0976,amorphous,0,21.836,20.0
707,11.928,0.0743,0.1143,0.0000,0.1143,amorphous,0,28.771,20.0
708,16.118,0.1310,0.1905,0.0000,0.2143,intermediate,0,20.311,20.0
709,12.370,0.1214,0.2000,0.0000,0.1714,intermediate,0,33.971,20.0
710,20.531,0.1424,0.2391,0.0000,0.1957,intermediate,0,30.893,30.0
711,2.847,0.0000,0.0000,0.0000,0.0000,amorphous,0,25.725,6.0
712,28.789,0.1795,0.3182,0.0000,0.2273,intermediate,0,66.712,30.0
713,24.510,0.1833,0.2381,0.1429,0.1667,intermediate,0,34.070,30.0
714,21.795,0.1414,0.2571,0.0000,0.1714,intermediate,0,53.053,30.0
715,27.119,0.1423,0.2308,0.0000,0.2051,intermediate,0,33.012,30.0
716,27.797,0.1881,0.3333,0.0000,0.2381,intermediate,0,63.968,30.0
717,31.787,0.2288,0.2692,0.1538,0.2692,intermediate,0,43.814,40.0
718,15.730,0.0857,0.1429,0.0000,0.1190,amorphous,0,20.553,20.0
719,9.147,0.0981,0.1111,0.0741,0.1111,amorphous,0,26.989,10.0
720,23.566,0.1303,0.2368,0.0000,0.1579,intermediate,0,32.981,30.0
721,16.848,0.1024,0.1905,0.0000,0.1190,amorphous,0,25.690,20.0
722,26.773,0.1842,0.2368,0.1316,0.1842,intermediate,0,42.354,30.0
723,15.547,0.0975,0.1500,0.0000,0.1500,intermediate,0,20.018,20.0
724,4.189,0.0000,0.0000,0.0000,0.0000,amorphous,0,16.684,6.0
725,10.434,0.0643,0.0857,0.0000,0.1143,amorphous,0,30.607,20.0
726,29.191,0.1179,0.2143,0.0000,0.1429,intermediate,0,50.917,30.0
727,23.520,0.0686,0.1163,0.0000,0.0930,amorphous,0,42.815,30.0
728,16.195,0.0922,0.1562,0.0000,0.1250,intermediate,0,27.059,20.0
729,27.790,0.1484,0.2581,0.0000,0.1935,intermediate,0,65.374,30.0
730,14.888,0.1197,0.1842,0.0000,0.1842,intermediate,0,33.621,20.0
731,21.180,0.0943,0.1143,0.0571,0.1143,amorphous,0,48.583,30.0
732,7.159,0.0000,0.0000,0.0000,0.0000,amorphous,0,15.262,10.0
733,18.391,0.1057,0.1136,0.0909,0.1136,amorphous,0,42.953,20.0
734,25.770,0.1062,0.1750,0.0000,0.1500,intermediate,0,32.203,30.0
735,18.898,0.0812,0.1250,0.0000,0.1250,intermediate,0,24.553,20.0
736,27.420,0.1091,0.1818,0.0000,0.1515,intermediate,0,51.030,30.0
737,16.953,0.1095,0.1905,0.0000,0.1429,intermediate,0,35.440,20.0
738,3.496,0.0250,0.0000,0.0714,0.0000,amorphous,0,17.187,6.0
739,26.613,0.1797,0.2162,0.1351,0.1892,intermediate,0,55.825,30.0
740,19.466,0.1341,0.2273,0.0000,0.1818,intermediate,0,23.599,20.0
741,13.148,0.0590,0.1026,0.0000,0.0769,amorphous,0,19.041,20.0
742,30.891,0.2534,0.3103,0.2069,0.2414,crystalline,0,34.070,40.0
743,6.844,0.0448,0.0690,0.0000,0.0690,amorphous,0,32.918,10.0
744,28.144,0.1903,0.3226,0.0000,0.2581,intermediate,0,36.239,30.0
745,22.936,0.1107,0.2143,0.0000,0.1190,amorphous,0,33.686,30.0
746,28.163,0.1341,0.2273,0.0000,0.1818,intermediate,0,57.800,30.0
747,3.921,0.0233,0.0000,0.0667,0.0000,amorphous,0,23.268,6.0
748,11.770,0.0846,0.1538,0.0000,0.1026,amorphous,0,26.036,20.0
749,6.661,0.0259,0.0000,0.0741,0.0000,amorphous,0,29.503,10.0
750,18.151,0.1269,0.2308,0.0000,0.1538,intermediate,0,35.563,20.0
751,23.322,0.0691,0.1064,0.0000,0.1064,amorphous,0,25.333,30.0
752,27.408,0.0672,0.1034,0.0000,0.1034,amorphous,0,51.286,30.0
753,28.714,0.1182,0.1818,0.0000,0.1818,intermediate,0,55.624,30.0
754,19.564,0.1081,0.1081,0.1081,0.1081,amorphous,0,51.432,20.0
755,19.592,0.1059,0.0882,0.0882,0.1471,amorphous,0,46.658,20.0
756,32.511,0.1553,0.2632,0.0000,0.2105,intermediate,0,42.120,40.0
757,32.095,0.2417,0.3333,0.1667,0.2222,intermediate,0,63.813,40.0
758,29.585,0.2308,0.3077,0.1538,0.2308,intermediate,0,44.459,30.0
759,30.496,0.2015,0.2424,0.1515,0.2121,intermediate,0,31.596,40.0
760,2.718,0.0000,0.0000,0.0000,0.0000,amorphous,0,25.992,6.0
761,23.124,0.1070,0.1860,0.0000,0.1395,intermediate,0,38.935,30.0
762,10.548,0.0550,0.1000,0.0000,0.0667,amorphous,0,35.512,20.0
763,26.900,0.1750,0.2250,0.1250,0.1750,intermediate,0,27.922,30.0
764,20.194,0.0985,0.1176,0.0882,0.0882,amorphous,0,53.461,30.0
765,20.170,0.1057,0.2045,0.0000,0.1136,amorphous,0,22.304,30.0
766,19.989,0.0823,0.1458,0.0000,0.1042,amorphous,0,23.951,20.0
767,29.565,0.1429,0.1429,0.1429,0.1429,intermediate,0,48.490,30.0
768,17.019,0.0878,0.1463,0.0000,0.1220,intermediate,0,20.514,20.0
769,32.345,0.1960,0.3200,0.0000,0.2800,intermediate,0,33.750,40.0
770,22.184,0.1283,0.2174,0.0000,0.1739,intermediate,0,51.319,30.0
771,30.145,0.1732,0.2500,0.0000,0.2857,intermediate,0,62.762,40.0
772,21.178,0.1141,0.1957,0.0000,0.1522,intermediate,0,23.256,30.0
773,4.220,0.0250,0.0000,0.0714,0.0000,amorphous,0,19.881,6.0
774,23.169,0.1606,0.2766,0.0000,0.2128,intermediate,0,28.883,30.0
775,22.123,0.1273,0.2273,0.0000,0.1591,intermediate,0,35.957,30.0
776,28.240,0.1214,0.2000,0.0000,0.1714,intermediate,0,28.671,30.0
777,14.129,0.1110,0.1707,0.0000,0.1707,intermediate,0,23.770,20.0
778,31.649,0.1238,0.1905,0.0000,0.1905,intermediate,0,43.229,40.0
779,24.259,0.1083,0.1667,0.0000,0.1667,intermediate,0,60.038,30.0
780,8.337,0.0207,0.0000,0.0000,0.0690,amorphous,0,16.230,10.0
781,25.608,0.1303,0.2424,0.0000,0.1515,intermediate,0,61.825,30.0
782,31.435,0.1283,0.2174,0.0000,0.1739,intermediate,0,67.818,40.0
783,10.311,0.0273,0.0000,0.0000,0.0909,amorphous,0,19.053,20.0
784,18.315,0.1110,0.1707,0.0000,0.1707,intermediate,0,27.711,20.0
785,20.652,0.0885,0.1458,0.0000,0.1250,intermediate,0,22.779,30.0
786,19.861,0.0644,0.0889,0.0000,0.1111,amorphous,0,39.238,20.0
787,31.834,0.1905,0.2381,0.1429,0.1905,intermediate,0,47.968,40.0
788,27.748,0.1179,0.2143,0.0000,0.1429,intermediate,0,28.652,30.0
789,27.973,0.1571,0.2857,0.0000,0.1905,intermediate,0,61.035,30.0
790,30.856,0.2275,0.3500,0.0000,0.3500,intermediate,0,69.264,40.0
791,23.020,0.0878,0.1556,0.0000,0.1111,amorphous,0,23.826,30.0
792,12.167,0.0776,0.1316,0.0000,0.1053,amorphous,0,21.025,20.0
793,12.948,0.0776,0.1316,0.0000,0.1053,amorphous,0,38.411,20.0
794,25.325,0.1405,0.2381,0.0000,0.1905,intermediate,0,38.669,30.0
795,5.083,0.0542,0.0000,0.0833,0.0833,amorphous,0,14.516,6.0
796,21.770,0.0907,0.1395,0.0000,0.1395,intermediate,0,39.199,30.0
797,13.641,0.1083,0.1667,0.0000,0.1667,intermediate,0,25.223,20.0
798,30.614,0.1950,0.3000,0.0000,0.3000,intermediate,0,35.326,40.0
799,15.551,0.1029,0.1714,0.0000,0.1429,intermediate,0,19.264,20.0
800,22.841,0.1221,0.2093,0.0000,0.1628,intermediate,0,36.565,30.0
801,21.025,0.1366,0.2439,0.0000,0.1707,intermediate,0,26.471,30.0
802,32.512,0.2130,0.3478,0.0000,0.3043,intermediate,0,38.506,40.0
803,27.605,0.1259,0.2414,0.0000,0.1379,intermediate,0,64.997,30.0
804,26.786,0.2525,0.3000,0.2500,0.2000,crystalline,0,34.673,30.0
805,18.467,0.0900,0.1500,0.0000,0.1250,intermediate,0,41.139,20.0
806,26.618,0.1000,0.1429,0.0000,0.1667,intermediate,0,27.350,30.0
807,22.404,0.0767,0.1395,0.0000,0.0930,amorphous,0,23.760,30.0
808,27.038,0.1800,0.1750,0.1250,0.2500,intermediate,0,28.833,30.0
809,18.401,0.1238,0.1905,0.0000,0.1905,intermediate,0,29.930,20.0
810,24.578,0.1097,0.1944,0.0000,0.1389,intermediate,0,47.755,30.0
811,29.636,0.1422,0.2188,0.0000,0.2188,intermediate,0,29.983,30.0
812,27.262,0.0803,0.0909,0.0606,0.0909,amorphous,0,44.934,30.0
813,14.185,0.0667,0.1026,0.0000,0.1026,amorphous,0,35.019,20.0
814,26.817,0.0660,0.1200,0.0000,0.0800,amorphous,0,52.284,30.0
815,17.204,0.0622,0.1081,0.0000,0.0811,amorphous,0,40.144,20.0
816,28.186,0.2650,0.3000,0.2000,0.3000,crystalline,0,62.751,30.0
817,23.576,0.1354,0.2195,0.0000,0.1951,intermediate,0,48.868,30.0
818,29.789,0.1500,0.2500,0.0000,0.2083,intermediate,0,42.089,30.0
819,20.031,0.0818,0.1364,0.0000,0.1136,amorphous,0,22.397,30.0
820,32.316,0.1222,0.2222,0.0000,0.1481,intermediate,0,32.437,40.0
821,6.134,0.0000,0.0000,0.0000,0.0000,amorphous,0,26.378,10.0
822,32.479,0.1565,0.2609,0.0000,0.2174,intermediate,0,35.222,40.0
823,22.558,0.0934,0.1316,0.0000,0.1579,intermediate,0,55.504,30.0
824,17.561,0.0776,0.1316,0.0000,0.1053,amorphous,0,28.267,20.0
825,26.414,0.1788,0.2750,0.0000,0.2750,intermediate,0,31.087,30.0
826,7.361,0.0464,0.0714,0.0000,0.0714,amorphous,0,14.288,10.0
827,29.271,0.1932,0.3182,0.0000,0.2727,intermediate,0,66.144,30.0
828,16.910,0.1013,0.1795,0.0000,0.1282,intermediate,0,21.343,20.0
829,22.672,0.1068,0.1892,0.0000,0.1351,intermediate,0,54.166,30.0
830,23.916,0.1244,0.2222,0.0000,0.1556,intermediate,0,29.521,30.0
831,15.854,0.0389,0.1111,0.0000,0.0000,amorphous,0,40.206,20.0
832,26.367,0.1013,0.1795,0.0000,0.1282,intermediate,0,27.496,30.0
833,20.134,0.1640,0.1860,0.1628,0.1395,intermediate,0,21.358,30.0
834,25.808,0.1500,0.2609,0.0000,0.1957,intermediate,0,29.182,30.0
835,6.649,0.0481,0.0741,0.0000,0.0741,amorphous,0,30.917,10.0
836,14.985,0.0458,0.0833,0.0000,0.0556,amorphous,0,39.693,20.0
837,13.833,0.0722,0.1111,0.0000,0.1111,amorphous,0,37.850,20.0
838,25.734,0.1484,0.2581,0.0000,0.1935,intermediate,0,61.701,30.0
839,10.536,0.0437,0.0625,0.0625,0.0000,amorphous,0,33.226,20.0
840,24.098,0.0670,0.1136,0.0000,0.0909,amorphous,0,39.315,30.0
841,24.604,0.1167,0.1905,0.0000,0.1667,intermediate,0,24.303,30.0
842,15.978,0.0774,0.1190,0.0000,0.1190,amorphous,0,19.895,20.0
843,9.865,0.0657,0.1143,0.0000,0.0857,amorphous,0,15.462,10.0
844,31.719,0.2024,0.3333,0.0000,0.2857,intermediate,0,57.358,40.0
845,28.572,0.2286,0.2857,0.1714,0.2286,intermediate,0,28.991,30.0
846,5.797,0.0406,0.0625,0.0000,0.0625,amorphous,0,14.003,6.0
847,29.822,0.1565,0.2609,0.0000,0.2174,intermediate,0,63.084,30.0
848,25.276,0.0717,0.1304,0.0000,0.0870,amorphous,0,56.575,30.0
849,10.583,0.0765,0.1176,0.0000,0.1176,amorphous,0,20.576,20.0
850,26.379,0.1861,0.1944,0.1944,0.1667,intermediate,0,57.753,30.0
851,26.159,0.0923,0.1538,0.0000,0.1282,intermediate,0,38.999,30.0
852,26.481,0.1233,0.2326,0.0000,0.1395,intermediate,0,35.908,30.0
853,10.088,0.1149,0.1892,0.0000,0.1622,intermediate,0,31.884,20.0
854,9.856,0.0629,0.0968,0.0000,0.0968,amorphous,0,35.288,10.0
855,28.773,0.2125,0.3500,0.0000,0.3000,intermediate,0,63.211,30.0
856,20.659,0.0977,0.1818,0.0000,0.1136,amorphous,0,28.281,30.0
857,19.986,0.1013,0.1795,0.0000,0.1282,intermediate,0,25.400,20.0
858,16.785,0.0919,0.1628,0.0000,0.1163,amorphous,0,30.162,20.0
859,12.582,0.1141,0.2188,0.0000,0.1250,intermediate,0,25.577,20.0
860,20.990,0.0619,0.0952,0.0000,0.0952,amorphous,0,42.043,30.0
861,32.238,0.1345,0.2069,0.0000,0.2069,intermediate,0,32.033,40.0
862,31.985,0.1580,0.2800,0.0000,0.2000,intermediate,0,38.504,40.0
863,30.848,0.1941,0.3529,0.0000,0.2353,intermediate,0,68.888,40.0
864,25.150,0.1556,0.2000,0.1111,0.1556,intermediate,0,31.080,30.0
865,32.494,0.1565,0.2609,0.0000,0.2174,intermediate,0,36.430,40.0
866,6.846,0.0793,0.1379,0.0000,0.1034,amorphous,0,22.401,10.0
867,21.973,0.1207,0.2195,0.0000,0.1463,intermediate,0,51.150,30.0
868,5.762,0.0233,0.0000,0.0667,0.0000,amorphous,0,20.880,6.0
869,19.343,0.1026,0.1026,0.1026,0.1026,amorphous,0,46.621,20.0
870,22.077,0.0676,0.1176,0.0000,0.0882,amorphous,0,52.339,30.0
871,20.299,0.0562,0.0750,0.0000,0.1000,amorphous,0,49.883,30.0
872,24.095,0.0929,0.1429,0.0000,0.1429,intermediate,0,24.926,30.0
873,19.366,0.1037,0.1707,0.0000,0.1463,intermediate,0,37.112,20.0
874,25.516,0.1750,0.2000,0.1500,0.1750,intermediate,0,30.612,30.0
875,1.109,0.0000,0.0000,0.0000,0.0000,amorphous,0,26.872,6.0
876,28.553,0.1014,0.1429,0.0000,0.1714,intermediate,0,44.558,30.0
877,6.093,0.0318,0.0000,0.0909,0.0000,amorphous,0,16.770,10.0
878,13.144,0.0394,0.0606,0.0000,0.0606,amorphous,0,35.566,20.0
879,30.664,0.2439,0.3333,0.1818,0.2121,intermediate,0,39.567,40.0
880,23.960,0.1207,0.1957,0.0000,0.1739,intermediate,0,25.192,30.0
881,31.796,0.1750,0.2857,0.0000,0.2500,intermediate,0,32.254,40.0
882,18.022,0.0575,0.1000,0.0000,0.0750,amorphous,0,43.395,20.0
883,26.002,0.1400,0.2500,0.0000,0.1750,intermediate,0,36.301,30.0
884,16.761,0.1243,0.2162,0.0000,0.1622,intermediate,0,27.949,20.0
885,20.331,0.1114,0.1818,0.0000,0.1591,intermediate,0,21.144,30.0
886,19.434,0.0739,0.1136,0.0000,0.1136,amorphous,0,20.505,20.0
887,9.506,0.0622,0.1081,0.0000,0.0811,amorphous,0,15.330,10.0
888,30.698,0.1548,0.2381,0.0000,0.2381,intermediate,0,57.681,40.0
889,19.403,0.1024,0.1463,0.0000,0.1707,intermediate,0,39.379,20.0
890,32.593,0.2143,0.2857,0.0000,0.3810,intermediate,0,38.609,40.0
891,32.456,0.1553,0.2632,0.0000,0.2105,intermediate,0,51.040,40.0
892,19.754,0.1022,0.1778,0.0000,0.1333,intermediate,0,24.977,20.0
893,31.620,0.1385,0.2308,0.0000,0.1923,intermediate,0,30.166,40.0
894,21.798,0.1207,0.2195,0.0000,0.1463,intermediate,0,33.541,30.0
895,20.092,0.1167,0.1905,0.0000,0.1667,intermediate,0,33.146,30.0
896,28.208,0.2161,0.2581,0.1935,0.1935,intermediate,0,58.086,30.0
897,3.773,0.0231,0.0000,0.0000,0.0769,amorphous,0,27.796,6.0
898,18.843,0.0562,0.0750,0.0000,0.1000,amorphous,0,45.776,20.0
899,5.498,0.0727,0.0000,0.0909,0.1364,amorphous,0,12.899,6.0
900,16.299,0.0644,0.0889,0.0000,0.1111,amorphous,0,18.209,20.0
901,15.383,0.0774,0.1190,0.0000,0.1190,amorphous,0,18.771,20.0
902,12.368,0.0722,0.1111,0.0000,0.1111,amorphous,0,16.033,20.0
903,14.479,0.0805,0.1463,0.0000,0.0976,amorphous,0,30.217,20.0
904,20.186,0.1549,0.1951,0.1220,0.1463,intermediate,0,47.623,30.0
905,31.972,0.1283,0.2174,0.0000,0.1739,intermediate,0,44.184,40.0
906,25.087,0.1070,0.1860,0.0000,0.1395,intermediate,0,40.048,30.0
907,29.406,0.2030,0.2424,0.1818,0.1818,intermediate,0,36.578,30.0
908,29.196,0.1234,0.2188,0.0000,0.1562,intermediate,0,30.642,30.0
909,31.710,0.1444,0.2222,0.0000,0.2222,intermediate,0,68.118,40.0
910,28.882,0.2375,0.2812,0.1562,0.2812,intermediate,0,38.388,30.0
911,22.228,0.1354,0.2195,0.0000,0.1951,intermediate,0,32.864,30.0
912,7.500,0.0591,0.0909,0.0000,0.0909,amorphous,0,27.244,10.0
913,8.287,0.0687,0.1250,0.0000,0.0833,amorphous,0,22.314,10.0
914,17.936,0.1150,0.2000,0.0000,0.1500,intermediate,0,26.235,20.0
915,26.912,0.1379,0.2121,0.0000,0.2121,intermediate,0,52.766,30.0
916,28.688,0.1400,0.2286,0.0000,0.2000,intermediate,0,32.716,30.0
917,26.061,0.1763,0.2105,0.1579,0.1579,intermediate,0,24.943,30.0
918,26.013,0.1045,0.1818,0.0000,0.1364,intermediate,0,53.034,30.0
919,13.167,0.0842,0.1053,0.0000,0.1579,amorphous,0,15.192,20.0
920,2.633,0.0629,0.0968,0.0000,0.0968,amorphous,0,12.054,6.0
921,27.121,0.1316,0.1579,0.1053,0.1316,intermediate,0,26.046,30.0
922,18.475,0.0786,0.1429,0.0000,0.0952,amorphous,0,20.503,20.0
923,20.160,0.1280,0.2195,0.0000,0.1707,intermediate,0,25.857,30.0
924,21.143,0.1372,0.2326,0.0000,0.1860,intermediate,0,46.426,30.0
925,18.335,0.0798,0.1667,0.0000,0.0714,amorphous,0,43.780,20.0
926,18.095,0.0898,0.1591,0.0000,0.1136,amorphous,0,32.606,20.0
927,16.054,0.0667,0.1026,0.0000,0.1026,amorphous,0,18.128,20.0
928,21.881,0.0812,0.1250,0.0000,0.1250,intermediate,0,49.105,30.0
929,30.773,0.1238,0.1905,0.0000,0.1905,intermediate,0,67.549,40.0
930,22.517,0.1366,0.2439,0.0000,0.1707,intermediate,0,23.697,30.0
931,8.206,0.0433,0.0667,0.0000,0.0667,amorphous,0,17.153,10.0
932,6.896,0.0219,0.0000,0.0625,0.0000,amorphous,0,12.685,10.0
933,11.053,0.0500,0.0769,0.0000,0.0769,amorphous,0,14.915,20.0
934,4.071,0.0292,0.0000,0.0833,0.0000,amorphous,0,22.710,6.0
935,9.665,0.0589,0.1071,0.0000,0.0714,amorphous,0,17.236,10.0
936,28.748,0.0852,0.1481,0.0000,0.1111,amorphous,0,48.177,30.0
937,21.544,0.0592,0.0789,0.0000,0.1053,amorphous,0,51.442,30.0
938,13.527,0.0786,0.1429,0.0000,0.0952,amorphous,0,22.600,20.0
939,8.154,0.0448,0.0690,0.0000,0.0690,amorphous,0,15.186,10.0
940,17.679,0.1037,0.1707,0.0000,0.1463,intermediate,0,17.438,20.0
941,19.473,0.0837,0.1395,0.0000,0.1163,amorphous,0,36.137,20.0
942,30.600,0.0981,0.1852,0.0000,0.1111,amorphous,0,28.853,40.0
943,27.385,0.1000,0.1667,0.0000,0.1389,intermediate,0,25.108,30.0
944,16.930,0.1029,0.1714,0.0000,0.1429,intermediate,0,22.485,20.0
945,24.943,0.1839,0.2258,0.1613,0.1613,intermediate,0,58.663,30.0
946,23.142,0.0565,0.0870,0.0000,0.0870,amorphous,0,38.328,30.0
947,11.583,0.0937,0.1250,0.0625,0.0938,amorphous,0,15.790,20.0
948,16.321,0.0829,0.1143,0.0000,0.1429,amorphous,0,16.867,20.0
949,28.787,0.2333,0.2593,0.1852,0.2593,intermediate,0,63.073,30.0
950,21.097,0.1000,0.1250,0.0750,0.1000,amorphous,0,48.683,30.0
951,16.816,0.1125,0.2045,0.0000,0.1364,intermediate,0,40.621,20.0
952,11.861,0.0606,0.0606,0.0606,0.0606,amorphous,0,31.987,20.0
953,20.317,0.1141,0.1957,0.0000,0.1522,intermediate,0,30.777,30.0
954,20.960,0.0857,0.1429,0.0000,0.1190,amorphous,0,22.278,30.0
955,26.625,0.1129,0.2000,0.0000,0.1429,intermediate,0,46.021,30.0
956,31.340,0.1685,0.2593,0.0000,0.2593,intermediate,0,32.277,40.0
957,18.159,0.1439,0.2439,0.0000,0.1951,intermediate,0,18.822,20.0
958,18.125,0.1321,0.2143,0.0000,0.1905,intermediate,0,33.411,20.0
959,21.421,0.1387,0.2250,0.0000,0.2000,intermediate,0,21.585,30.0
960,24.229,0.1702,0.2128,0.1277,0.1702,intermediate,0,26.532,30.0
961,30.112,0.1333,0.2222,0.0000,0.1852,intermediate,0,52.361,40.0
962,16.500,0.0923,0.1538,0.0000,0.1282,intermediate,0,17.028,20.0
963,24.015,0.1081,0.2093,0.0000,0.1163,amorphous,0,31.403,30.0
964,23.476,0.0948,0.1458,0.0000,0.1458,intermediate,0,22.849,30.0
965,18.739,0.1037,0.1707,0.0000,0.1463,intermediate,0,17.914,20.0
966,13.986,0.1366,0.2439,0.0000,0.1707,intermediate,0,27.151,20.0
967,17.847,0.1280,0.2195,0.0000,0.1707,intermediate,0,31.041,20.0
968,16.337,0.0797,0.1351,0.0000,0.1081,amorphous,0,41.470,20.0
969,20.801,0.1291,0.2093,0.0000,0.1860,intermediate,0,22.975,30.0
970,12.660,0.1039,0.1842,0.0000,0.1316,intermediate,0,37.663,20.0
971,26.835,0.1600,0.2000,0.1200,0.1600,intermediate,0,59.810,30.0
972,22.423,0.1400,0.2500,0.0000,0.1750,intermediate,0,28.979,30.0
973,28.362,0.1893,0.2143,0.1429,0.2143,intermediate,0,63.155,30.0
974,30.841,0.2397,0.3103,0.1379,0.2759,intermediate,0,35.343,40.0
975,19.595,0.1045,0.1818,0.0000,0.1364,intermediate,0,45.505,20.0
976,26.379,0.1446,0.1892,0.1081,0.1351,intermediate,0,24.139,30.0
977,6.616,0.0206,0.0000,0.0588,0.0000,amorphous,0,16.041,10.0
978,10.634,0.0736,0.0833,0.0556,0.0833,amorphous,0,13.364,20.0
979,19.551,0.1622,0.1951,0.1220,0.1707,intermediate,0,20.370,20.0
980,6.578,0.0333,0.0952,0.0000,0.0000,amorphous,0,10.411,10.0
981,28.950,0.1371,0.2258,0.0000,0.1935,intermediate,0,26.421,30.0
982,4.912,0.0304,0.0870,0.0000,0.0000,amorphous,0,11.246,6.0
983,15.949,0.1325,0.2500,0.0000,0.1500,intermediate,0,18.585,20.0
984,23.891,0.1250,0.1250,0.1250,0.1250,intermediate,0,55.362,30.0
985,16.388,0.0987,0.1750,0.0000,0.1250,intermediate,0,16.391,20.0
986,9.618,0.0716,0.1351,0.0000,0.0811,amorphous,0,14.382,10.0
987,26.812,0.1419,0.2432,0.0000,0.1892,intermediate,0,38.312,30.0
988,29.255,0.1150,0.2000,0.0000,0.1500,intermediate,0,65.487,30.0
989,24.447,0.1523,0.2558,0.0000,0.2093,intermediate,0,51.298,30.0
990,27.156,0.1274,0.2258,0.0000,0.1613,intermediate,0,58.075,30.0
991,23.148,0.1569,0.1944,0.1111,0.1667,intermediate,0,44.115,30.0
992,7.771,0.1000,0.0870,0.0870,0.1304,amorphous,0,14.589,10.0
993,32.424,0.1182,0.1818,0.0000,0.1818,intermediate,0,32.747,40.0
994,30.599,0.1717,0.2333,0.0000,0.3000,intermediate,0,32.381,40.0
995,14.486,0.0846,0.1538,0.0000,0.1026,amorphous,0,34.494,20.0
996,6.678,0.0000,0.0000,0.0000,0.0000,amorphous,0,12.849,10.0
997,20.736,0.0702,0.1190,0.0000,0.0952,amorphous,0,47.503,30.0
998,24.125,0.1233,0.2000,0.0000,0.1778,intermediate,0,23.965,30.0
999,31.824,0.1095,0.1905,0.0000,0.1429,intermediate,0,46.482,40.0
1000,30.472,0.1682,0.2727,0.0000,0.2424,intermediate,0,29.309,40.0
1001,24.817,0.0963,0.1707,0.0000,0.1220,intermediate,0,30.118,30.0
1002,17.349,0.0867,0.1333,0.0000,0.1333,intermediate,0,37.291,20.0
1003,18.592,0.1045,0.1818,0.0000,0.1364,intermediate,0,42.843,20.0
1004,28.475,0.0883,0.1667,0.0000,0.1000,amorphous,0,44.908,30.0
1005,16.318,0.1043,0.2000,0.0000,0.1143,amorphous,0,22.025,20.0
1006,27.831,0.0903,0.1389,0.0000,0.1389,intermediate,0,25.531,30.0
1007,23.899,0.1267,0.1556,0.1111,0.1111,amorphous,0,21.929,30.0
1008,29.161,0.1241,0.2069,0.0000,0.1724,intermediate,0,52.683,30.0
1009,32.574,0.1976,0.2381,0.0000,0.3810,intermediate,0,35.561,40.0
1010,26.971,0.1310,0.1905,0.0000,0.2143,intermediate,0,26.192,30.0
1011,6.895,0.0206,0.0000,0.0588,0.0000,amorphous,0,11.618,10.0
1012,16.189,0.0811,0.1622,0.0000,0.0811,amorphous,0,35.719,20.0
1013,27.437,0.2093,0.2593,0.1481,0.2222,intermediate,0,61.597,30.0
1014,26.521,0.1328,0.2188,0.0000,0.1875,intermediate,0,58.158,30.0
1015,31.937,0.1413,0.2174,0.0000,0.2174,intermediate,0,36.978,40.0
1016,25.902,0.1456,0.2444,0.0000,0.2000,intermediate,0,32.685,30.0
1017,20.979,0.1022,0.1778,0.0000,0.1333,intermediate,0,18.719,30.0
1018,8.426,0.1068,0.1892,0.0000,0.1351,intermediate,0,32.622,10.0
1019,19.597,0.0513,0.0789,0.0000,0.0789,amorphous,0,38.397,20.0
1020,13.196,0.0488,0.0750,0.0000,0.0750,amorphous,0,14.483,20.0
1021,23.471,0.1523,0.2558,0.0000,0.2093,intermediate,0,30.597,30.0
1022,18.824,0.1192,0.1026,0.1282,0.1282,amorphous,0,40.869,20.0
1023,4.875,0.0742,0.1290,0.0000,0.0968,amorphous,0,11.477,6.0
1024,7.027,0.0000,0.0000,0.0000,0.0000,amorphous,0,27.667,10.0
1025,14.817,0.1012,0.1667,0.0000,0.1429,intermediate,0,19.864,20.0
1026,11.284,0.0936,0.1795,0.0000,0.1026,amorphous,0,27.830,20.0
1027,14.025,0.0590,0.1026,0.0000,0.0769,amorphous,0,37.247,20.0
1028,11.444,0.0800,0.1600,0.0000,0.0800,amorphous,0,18.936,20.0
1029,25.997,0.1062,0.1750,0.0000,0.1500,intermediate,0,26.927,30.0
1030,16.350,0.1324,0.2162,0.0000,0.1892,intermediate,0,23.214,20.0
1031,19.903,0.0923,0.1538,0.0000,0.1282,intermediate,0,43.771,20.0
1032,28.332,0.0784,0.1081,0.0000,0.1351,amorphous,0,25.809,30.0
1033,8.494,0.0318,0.0000,0.0909,0.0000,amorphous,0,14.607,10.0
1034,17.472,0.0535,0.0930,0.0000,0.0698,amorphous,0,35.621,20.0
1035,26.246,0.1217,0.2333,0.0000,0.1333,intermediate,0,46.058,30.0
1036,16.941,0.1436,0.2564,0.0000,0.1795,intermediate,0,17.344,20.0
1037,21.938,0.1453,0.1562,0.1250,0.1562,intermediate,0,44.611,30.0
1038,26.557,0.1225,0.2000,0.0000,0.1750,intermediate,0,23.933,30.0
1039,13.598,0.0846,0.1538,0.0000,0.1026,amorphous,0,17.289,20.0
1040,18.353,0.1132,0.2105,0.0000,0.1316,intermediate,0,25.062,20.0
1041,10.359,0.1100,0.1333,0.0667,0.1333,intermediate,0,25.041,20.0
1042,24.418,0.1017,0.1724,0.0000,0.1379,intermediate,0,46.554,30.0
1043,25.915,0.1125,0.1875,0.0000,0.1562,intermediate,0,43.573,30.0
1044,12.914,0.1031,0.1875,0.0000,0.1250,intermediate,0,18.530,20.0
1045,13.403,0.1375,0.2500,0.0000,0.1667,intermediate,0,25.050,20.0
1046,30.282,0.1860,0.2400,0.1200,0.2000,intermediate,0,36.121,40.0
1047,10.130,0.0591,0.0909,0.0000,0.0909,amorphous,0,17.570,20.0
1048,25.727,0.1556,0.2778,0.0000,0.1944,intermediate,0,48.842,30.0
1049,6.790,0.0219,0.0000,0.0625,0.0000,amorphous,0,9.759,10.0
1050,25.342,0.1375,0.1667,0.0833,0.1667,intermediate,0,53.139,30.0
1051,16.855,0.1068,0.1892,0.0000,0.1351,intermediate,0,23.237,20.0
1052,24.914,0.1179,0.2143,0.0000,0.1429,intermediate,0,22.456,30.0
1053,23.956,0.1022,0.1778,0.0000,0.1333,intermediate,0,25.445,30.0
1054,7.743,0.0448,0.0690,0.0000,0.0690,amorphous,0,23.171,10.0
1055,25.499,0.1250,0.2059,0.0000,0.1765,intermediate,0,54.140,30.0
1056,29.263,0.1879,0.3030,0.0000,0.2727,intermediate,0,30.177,30.0
1057,18.843,0.0536,0.0714,0.0000,0.0952,amorphous,0,43.020,20.0
1058,25.338,0.0952,0.1613,0.0000,0.1290,intermediate,0,56.817,30.0
1059,17.174,0.0846,0.1538,0.0000,0.1026,amorphous,0,16.132,20.0
1060,21.685,0.1795,0.2308,0.1282,0.1795,intermediate,0,45.679,30.0
1061,20.931,0.1089,0.1778,0.0000,0.1556,intermediate,0,31.335,30.0
1062,31.889,0.0717,0.1304,0.0000,0.0870,amorphous,0,46.043,40.0
1063,21.970,0.0577,0.0769,0.0000,0.1026,amorphous,0,48.430,30.0
1064,23.976,0.0818,0.1364,0.0000,0.1136,amorphous,0,20.195,30.0
1065,25.622,0.1962,0.2564,0.1282,0.2051,intermediate,0,24.029,30.0
1066,28.690,0.1500,0.2069,0.1034,0.1379,intermediate,0,25.179,30.0
1067,10.569,0.0963,0.1707,0.0000,0.1220,intermediate,0,32.063,20.0
1068,21.456,0.1000,0.1538,0.0000,0.1538,intermediate,0,46.585,30.0
1069,22.126,0.0793,0.1220,0.0000,0.1220,intermediate,0,18.883,30.0
1070,11.493,0.0697,0.1212,0.0000,0.0909,amorphous,0,13.710,20.0
1071,22.914,0.0793,0.1220,0.0000,0.1220,intermediate,0,50.428,30.0
1072,16.354,0.1255,0.2128,0.0000,0.1702,intermediate,0,31.306,20.0
1073,12.774,0.1137,0.1750,0.0000,0.1750,intermediate,0,23.714,20.0
1074,25.697,0.1303,0.2368,0.0000,0.1579,intermediate,0,34.506,30.0
1075,26.468,0.1346,0.2308,0.0000,0.1795,intermediate,0,25.817,30.0
1076,29.033,0.1176,0.2353,0.0000,0.1176,amorphous,0,35.012,30.0
1077,24.942,0.1352,0.1481,0.1111,0.1481,intermediate,0,50.032,30.0
1078,5.492,0.0520,0.0800,0.0000,0.0800,amorphous,0,9.151,6.0
1079,24.107,0.1100,0.2000,0.0000,0.1333,intermediate,0,39.806,30.0
1080,21.288,0.1640,0.1860,0.1628,0.1395,intermediate,0,18.485,30.0
1081,29.926,0.0952,0.1613,0.0000,0.1290,intermediate,0,26.942,30.0
1082,6.263,0.0609,0.0938,0.0000,0.0938,amorphous,0,29.538,10.0
1083,25.394,0.1595,0.2703,0.0000,0.2162,intermediate,0,49.741,30.0
1084,27.938,0.1437,0.1250,0.1250,0.1875,intermediate,0,57.257,30.0
1085,20.441,0.1122,0.1951,0.0000,0.1463,intermediate,0,26.179,30.0
1086,30.684,0.1355,0.1935,0.0000,0.2258,intermediate,0,30.347,40.0
1087,30.603,0.2500,0.2759,0.1724,0.3103,intermediate,0,32.253,40.0
1088,16.190,0.0924,0.1522,0.0000,0.1304,intermediate,0,33.675,20.0
1089,31.946,0.1283,0.2174,0.0000,0.1739,intermediate,0,43.997,40.0
1090,6.401,0.0952,0.1613,0.0000,0.1290,intermediate,0,28.922,10.0
1091,18.015,0.0837,0.1395,0.0000,0.1163,amorphous,0,39.093,20.0
1092,13.914,0.1000,0.1667,0.0000,0.1389,intermediate,0,35.120,20.0
1093,20.621,0.1049,0.1951,0.0000,0.1220,intermediate,0,18.058,30.0
1094,10.377,0.0406,0.0625,0.0000,0.0625,amorphous,0,31.277,20.0
1095,3.899,0.0968,0.1290,0.0645,0.0968,amorphous,0,10.724,6.0
1096,25.520,0.1149,0.1892,0.0000,0.1622,intermediate,0,52.581,30.0
1097,28.606,0.1395,0.1579,0.1053,0.1579,intermediate,0,61.985,30.0
1098,21.375,0.1217,0.2174,0.0000,0.1522,intermediate,0,21.392,30.0
1099,17.679,0.0825,0.1500,0.0000,0.1000,amorphous,0,38.185,20.0
1100,29.666,0.1861,0.2222,0.1667,0.1667,intermediate,0,64.729,30.0
1101,23.785,0.1558,0.1628,0.1628,0.1395,intermediate,0,20.030,30.0
1102,16.768,0.1193,0.2045,0.0000,0.1591,intermediate,0,17.752,20.0
1103,21.568,0.0646,0.1220,0.0000,0.0732,amorphous,0,18.984,30.0
1104,17.298,0.0783,0.1304,0.0000,0.1087,amorphous,0,30.913,20.0
1105,11.842,0.1132,0.2105,0.0000,0.1316,intermediate,0,35.721,20.0
1106,30.190,0.1040,0.1600,0.0000,0.1600,intermediate,0,56.146,40.0
1107,26.430,0.1622,0.2000,0.1111,0.1778,intermediate,0,28.797,30.0
1108,22.702,0.0765,0.1176,0.0000,0.1176,amorphous,0,46.137,30.0
1109,13.677,0.0878,0.1463,0.0000,0.1220,intermediate,0,26.785,20.0
1110,17.674,0.1341,0.2273,0.0000,0.1818,intermediate,0,27.341,20.0
1111,27.430,0.1353,0.2353,0.0000,0.1765,intermediate,0,32.023,30.0
1112,30.184,0.1411,0.1429,0.1071,0.1786,intermediate,0,26.235,40.0
1113,2.656,0.0000,0.0000,0.0000,0.0000,amorphous,0,14.445,6.0
1114,32.065,0.1083,0.1667,0.0000,0.1667,intermediate,0,28.447,40.0
1115,20.802,0.1311,0.2222,0.0000,0.1778,intermediate,0,27.161,30.0
1116,13.386,0.0846,0.1538,0.0000,0.1026,amorphous,0,17.277,20.0
1117,19.579,0.1061,0.1633,0.0000,0.1633,intermediate,0,22.672,20.0
1118,29.369,0.1460,0.1600,0.1200,0.1600,intermediate,0,45.497,30.0
1119,21.117,0.1195,0.1951,0.0000,0.1707,intermediate,0,17.709,30.0
1120,15.800,0.0634,0.0976,0.0000,0.0976,amorphous,0,15.855,20.0
1121,13.601,0.0635,0.1154,0.0000,0.0769,amorphous,0,19.146,20.0
1122,20.947,0.0767,0.1395,0.0000,0.0930,amorphous,0,19.855,30.0
1123,30.271,0.1179,0.2143,0.0000,0.1429,intermediate,0,40.255,40.0
1124,12.288,0.0606,0.1212,0.0000,0.0606,amorphous,0,27.864,20.0
1125,29.681,0.1176,0.2353,0.0000,0.1176,amorphous,0,49.957,30.0
1126,8.572,0.0448,0.0690,0.0000,0.0690,amorphous,0,24.212,10.0
1127,19.068,0.0650,0.1000,0.0000,0.1000,amorphous,0,41.365,20.0
1128,13.832,0.0958,0.1667,0.0000,0.1250,intermediate,0,21.123,20.0
1129,15.677,0.0912,0.1750,0.0000,0.1000,amorphous,0,36.379,20.0
1130,9.851,0.0590,0.1026,0.0000,0.0769,amorphous,0,11.085,10.0
1131,26.258,0.1293,0.2439,0.0000,0.1463,intermediate,0,31.860,30.0
1132,21.889,0.0783,0.1304,0.0000,0.1087,amorphous,0,33.863,30.0
1133,26.204,0.1068,0.1892,0.0000,0.1351,intermediate,0,21.508,30.0
1134,8.538,0.0846,0.1538,0.0000,0.1026,amorphous,0,31.979,10.0
1135,29.801,0.1593,0.2222,0.0741,0.1852,intermediate,0,25.138,30.0
1136,10.712,0.0629,0.0968,0.0000,0.0968,amorphous,0,10.503,20.0
1137,7.433,0.0481,0.0741,0.0000,0.0741,amorphous,0,25.099,10.0
1138,25.836,0.0481,0.0741,0.0000,0.0741,amorphous,0,55.445,30.0
1139,12.551,0.0464,0.0714,0.0000,0.0714,amorphous,0,13.942,20.0
1140,5.039,0.0269,0.0000,0.0769,0.0000,amorphous,0,9.856,6.0
1141,24.460,0.1622,0.1778,0.1333,0.1778,intermediate,0,37.322,30.0
1142,12.389,0.0977,0.1818,0.0000,0.1136,amorphous,0,24.597,20.0
1143,31.550,0.1413,0.2174,0.0000,0.2174,intermediate,0,59.416,40.0
1144,7.259,0.0233,0.0000,0.0667,0.0000,amorphous,0,12.295,10.0
1145,29.044,0.0328,0.0938,0.0000,0.0000,amorphous,0,40.921,30.0
1146,3.930,0.0983,0.1667,0.0000,0.1333,intermediate,0,8.524,6.0
1147,31.780,0.2000,0.3478,0.0000,0.2609,intermediate,0,35.668,40.0
1148,26.807,0.0736,0.1389,0.0000,0.0833,amorphous,0,22.405,30.0
1149,13.316,0.0878,0.1351,0.0000,0.1351,intermediate,0,13.862,20.0
1150,8.581,0.0000,0.0000,0.0000,0.0000,amorphous,0,14.222,10.0
1151,28.378,0.0929,0.1429,0.0000,0.1429,intermediate,0,24.564,30.0
1152,9.374,0.1532,0.1935,0.1613,0.0968,intermediate,0,9.675,10.0
1153,27.555,0.1765,0.2353,0.1176,0.1765,intermediate,0,30.316,30.0
1154,22.907,0.1709,0.2093,0.1395,0.1628,intermediate,0,44.121,30.0
1155,22.367,0.0575,0.1000,0.0000,0.0750,amorphous,0,37.487,30.0
1156,8.880,0.0917,0.1667,0.0000,0.1111,amorphous,0,11.343,10.0
1157,16.390,0.0513,0.0789,0.0000,0.0789,amorphous,0,30.893,20.0
1158,20.904,0.0825,0.1500,0.0000,0.1000,amorphous,0,41.304,30.0
1159,20.044,0.1333,0.2051,0.0000,0.2051,intermediate,0,16.231,30.0
1160,2.109,0.0219,0.0000,0.0625,0.0000,amorphous,0,10.688,6.0
1161,23.001,0.1400,0.2500,0.0000,0.1750,intermediate,0,20.134,30.0
1162,19.342,0.1000,0.1667,0.0000,0.1389,intermediate,0,15.387,20.0
1163,8.783,0.0000,0.0000,0.0000,0.0000,amorphous,0,15.536,10.0
1164,8.121,0.0000,0.0000,0.0000,0.0000,amorphous,0,12.488,10.0
1165,22.995,0.1195,0.1951,0.0000,0.1707,intermediate,0,46.961,30.0
1166,26.359,0.1111,0.1481,0.0741,0.1111,amorphous,0,56.692,30.0
1167,28.994,0.1083,0.1667,0.0000,0.1667,intermediate,0,59.433,30.0
1168,31.443,0.1115,0.1538,0.0000,0.1923,intermediate,0,29.333,40.0
1169,9.392,0.0736,0.1389,0.0000,0.0833,amorphous,0,28.447,10.0
1170,4.415,0.0690,0.1379,0.0000,0.0690,amorphous,0,7.696,6.0
1171,4.225,0.0214,0.0000,0.0000,0.0714,amorphous,0,25.729,6.0
1172,22.003,0.1366,0.2439,0.0000,0.1707,intermediate,0,23.575,30.0
1173,31.613,0.1026,0.1579,0.0000,0.1579,intermediate,0,25.670,40.0
1174,29.629,0.1161,0.1935,0.0000,0.1613,intermediate,0,43.071,30.0
1175,10.786,0.0406,0.0625,0.0000,0.0625,amorphous,0,27.747,20.0
1176,4.896,0.0000,0.0000,0.0000,0.0000,amorphous,0,17.421,6.0
1177,11.910,0.0940,0.1667,0.0000,0.1190,amorphous,0,19.845,20.0
1178,19.058,0.0605,0.1053,0.0000,0.0789,amorphous,0,14.312,20.0
1179,13.890,0.1029,0.1714,0.0000,0.1429,intermediate,0,17.834,20.0
1180,27.616,0.1162,0.2059,0.0000,0.1471,intermediate,0,47.283,30.0
1181,30.288,0.2375,0.2857,0.1786,0.2500,intermediate,0,32.420,40.0
1182,28.534,0.1484,0.2581,0.0000,0.1935,intermediate,0,46.000,30.0
1183,24.781,0.1000,0.0667,0.1333,0.1000,amorphous,0,51.652,30.0
1184,11.793,0.0890,0.1707,0.0000,0.0976,amorphous,0,28.887,20.0
1185,23.717,0.1295,0.1795,0.1026,0.1026,amorphous,0,18.960,30.0
1186,18.094,0.0684,0.1053,0.0000,0.1053,amorphous,0,13.818,20.0
1187,24.018,0.1439,0.2439,0.0000,0.1951,intermediate,0,26.897,30.0
1188,12.842,0.0476,0.0732,0.0000,0.0732,amorphous,0,12.208,20.0
1189,15.950,0.1053,0.1915,0.0000,0.1277,intermediate,0,27.622,20.0
1190,8.572,0.0967,0.1333,0.0000,0.1667,intermediate,0,9.048,10.0
1191,12.408,0.0769,0.0769,0.0769,0.0769,amorphous,0,12.744,20.0
1192,10.333,0.0983,0.1667,0.0000,0.1333,intermediate,0,11.488,20.0
1193,21.726,0.1390,0.1707,0.1220,0.1220,intermediate,0,19.474,30.0
1194,19.211,0.1372,0.2326,0.0000,0.1860,intermediate,0,25.074,20.0
1195,17.188,0.0878,0.1463,0.0000,0.1220,intermediate,0,39.423,20.0
1196,24.706,0.0657,0.1143,0.0000,0.0857,amorphous,0,51.489,30.0
1197,27.659,0.1235,0.1765,0.0000,0.2059,intermediate,0,36.182,30.0
1198,22.872,0.0885,0.1458,0.0000,0.1250,intermediate,0,33.580,30.0
1199,28.764,0.1241,0.2069,0.0000,0.1724,intermediate,0,22.723,30.0
1200,14.387,0.1149,0.1892,0.0000,0.1622,intermediate,0,35.681,20.0
1201,19.149,0.0667,0.1026,0.0000,0.1026,amorphous,0,33.338,20.0
1202,24.813,0.1409,0.1515,0.1212,0.1515,intermediate,0,49.854,30.0
1203,19.695,0.1384,0.2558,0.0000,0.1628,intermediate,0,24.602,20.0
1204,27.526,0.1400,0.2500,0.0000,0.1750,intermediate,0,25.622,30.0
1205,28.260,0.1300,0.2000,0.0000,0.2000,intermediate,0,58.480,30.0
1206,26.988,0.0719,0.1250,0.0000,0.0938,amorphous,0,21.396,30.0
1207,25.899,0.1151,0.2093,0.0000,0.1395,intermediate,0,33.380,30.0
1208,28.866,0.1147,0.1765,0.0000,0.1765,intermediate,0,50.707,30.0
1209,13.922,0.1257,0.1351,0.1081,0.1351,intermediate,0,11.206,20.0
1210,22.030,0.1292,0.1111,0.1389,0.1389,amorphous,0,46.123,30.0
1211,31.026,0.1696,0.2609,0.0000,0.2609,intermediate,0,32.864,40.0
1212,27.731,0.1149,0.1892,0.0000,0.1622,intermediate,0,39.264,30.0
1213,30.515,0.1000,0.2000,0.0000,0.1000,amorphous,0,26.260,40.0
1214,30.681,0.1083,0.1667,0.0000,0.1667,intermediate,0,63.772,40.0
1215,5.213,0.0883,0.1667,0.0000,0.1000,amorphous,0,7.109,6.0
1216,30.214,0.1444,0.2222,0.0000,0.2222,intermediate,0,27.373,40.0
1217,23.929,0.1122,0.1951,0.0000,0.1463,intermediate,0,19.151,30.0
1218,22.598,0.1217,0.2174,0.0000,0.1522,intermediate,0,20.701,30.0
1219,16.284,0.1266,0.2340,0.0000,0.1489,intermediate,0,25.253,20.0
1220,13.916,0.0663,0.0750,0.0500,0.0750,amorphous,0,32.519,20.0
1221,28.524,0.1868,0.2059,0.1765,0.1765,intermediate,0,24.558,30.0
1222,8.647,0.0894,0.1515,0.0000,0.1212,intermediate,0,10.856,10.0
1223,22.260,0.1255,0.2128,0.0000,0.1702,intermediate,0,24.792,30.0
1224,13.493,0.1043,0.1429,0.0571,0.1143,amorphous,0,11.129,20.0
1225,24.104,0.1514,0.2703,0.0000,0.1892,intermediate,0,26.704,30.0
1226,27.821,0.1900,0.2667,0.1333,0.1667,intermediate,0,42.242,30.0
1227,20.139,0.0867,0.1333,0.0000,0.1333,intermediate,0,14.865,30.0
1228,31.867,0.1222,0.2222,0.0000,0.1481,intermediate,0,37.175,40.0
1229,16.620,0.1526,0.2821,0.0000,0.1795,intermediate,0,20.016,20.0
1230,17.593,0.0657,0.1143,0.0000,0.0857,amorphous,0,34.532,20.0
1231,19.207,0.0963,0.1707,0.0000,0.1220,intermediate,0,17.697,20.0
1232,30.151,0.1020,0.1200,0.0000,0.2000,intermediate,0,23.525,40.0
1233,17.165,0.1243,0.2571,0.0000,0.1143,amorphous,0,15.022,20.0
1234,27.235,0.1500,0.2432,0.0000,0.2162,intermediate,0,32.080,30.0
1235,14.991,0.1053,0.1915,0.0000,0.1277,intermediate,0,31.588,20.0
1236,23.802,0.0868,0.1471,0.0000,0.1176,amorphous,0,46.765,30.0
1237,29.144,0.1986,0.2286,0.1429,0.2286,intermediate,0,25.296,30.0
1238,28.756,0.1458,0.2500,0.0000,0.1944,intermediate,0,27.697,30.0
1239,30.626,0.1354,0.2083,0.0000,0.2083,intermediate,0,59.405,40.0
1240,29.926,0.1065,0.1935,0.0000,0.1290,intermediate,0,34.270,30.0
1241,16.198,0.0988,0.1628,0.0000,0.1395,intermediate,0,14.863,20.0
1242,19.185,0.1193,0.2045,0.0000,0.1591,intermediate,0,26.428,20.0
1243,21.937,0.0488,0.0750,0.0000,0.0750,amorphous,0,37.602,30.0
1244,21.769,0.0756,0.1163,0.0000,0.1163,amorphous,0,44.507,30.0
1245,26.206,0.1208,0.1389,0.1111,0.1111,amorphous,0,40.381,30.0
1246,16.538,0.0750,0.1364,0.0000,0.0909,amorphous,0,16.280,20.0
1247,22.364,0.1179,0.2143,0.0000,0.1429,intermediate,0,18.657,30.0
1248,16.424,0.0513,0.0789,0.0000,0.0789,amorphous,0,30.398,20.0
1249,20.958,0.0722,0.1111,0.0000,0.1111,amorphous,0,43.874,30.0
1250,19.664,0.0667,0.1026,0.0000,0.1026,amorphous,0,43.007,20.0
1251,24.393,0.0786,0.1429,0.0000,0.0952,amorphous,0,19.461,30.0
1252,24.599,0.1037,0.1707,0.0000,0.1463,intermediate,0,40.901,30.0
1253,17.543,0.1029,0.1714,0.0000,0.1429,intermediate,0,18.821,20.0
1254,23.245,0.1547,0.1860,0.1163,0.1628,intermediate,0,26.636,30.0
1255,31.269,0.1463,0.2593,0.0000,0.1852,intermediate,0,37.770,40.0
1256,21.718,0.0725,0.1000,0.0000,0.1250,amorphous,0,15.156,30.0
1257,31.879,0.1184,0.1579,0.0000,0.2105,intermediate,0,59.530,40.0
1258,31.641,0.0958,0.1667,0.0000,0.1250,intermediate,0,25.450,40.0
1259,32.295,0.1150,0.2000,0.0000,0.1500,intermediate,0,54.013,40.0
1260,28.353,0.1045,0.1818,0.0000,0.1364,intermediate,0,58.147,30.0
1261,16.304,0.1303,0.2368,0.0000,0.1579,intermediate,0,21.843,20.0
1262,9.702,0.0922,0.0938,0.0625,0.1250,amorphous,0,8.859,10.0
1263,21.249,0.0720,0.1220,0.0000,0.0976,amorphous,0,16.016,30.0
1264,31.465,0.1222,0.2222,0.0000,0.1481,intermediate,0,26.646,40.0
1265,30.247,0.1317,0.2333,0.0000,0.1667,intermediate,0,54.419,40.0
1266,22.675,0.1090,0.1795,0.0000,0.1538,intermediate,0,39.338,30.0
1267,23.216,0.1645,0.2895,0.0000,0.2105,intermediate,0,24.177,30.0
1268,22.626,0.1311,0.2222,0.0000,0.1778,intermediate,0,21.303,30.0
1269,15.839,0.0561,0.0976,0.0000,0.0732,amorphous,0,14.174,20.0
1270,16.385,0.1162,0.1500,0.0750,0.1250,intermediate,0,11.921,20.0
1271,23.680,0.0788,0.1212,0.0000,0.1212,intermediate,0,45.279,30.0
1272,16.555,0.1024,0.1190,0.0714,0.1190,amorphous,0,39.206,20.0
1273,14.149,0.0857,0.1714,0.0000,0.0857,amorphous,0,15.003,20.0
1274,18.430,0.0608,0.0811,0.0000,0.1081,amorphous,0,14.310,20.0
1275,11.043,0.0608,0.0811,0.0000,0.1081,amorphous,0,20.025,20.0
1276,28.839,0.0485,0.0882,0.0000,0.0588,amorphous,0,36.519,30.0
1277,28.431,0.1710,0.1613,0.1613,0.1935,intermediate,0,21.206,30.0
1278,23.720,0.1011,0.1556,0.0000,0.1556,intermediate,0,29.061,30.0
1279,29.468,0.1483,0.1724,0.1034,0.1724,intermediate,0,22.457,30.0
1280,28.196,0.1338,0.2059,0.0000,0.2059,intermediate,0,36.826,30.0
1281,6.925,0.0000,0.0000,0.0000,0.0000,amorphous,0,9.964,10.0
1282,26.600,0.1140,0.1860,0.0000,0.1628,intermediate,0,32.569,30.0
1283,16.059,0.0284,0.0811,0.0000,0.0000,amorphous,0,30.100,20.0
1284,21.825,0.1305,0.1707,0.0976,0.1220,intermediate,0,15.359,30.0
1285,18.034,0.1181,0.1944,0.0000,0.1667,intermediate,0,20.029,20.0
1286,18.636,0.1149,0.1892,0.0000,0.1622,intermediate,0,13.908,20.0
1287,20.024,0.1071,0.1837,0.0000,0.1429,intermediate,0,30.695,30.0
1288,9.570,0.0500,0.0870,0.0000,0.0652,amorphous,0,30.036,10.0
1289,13.574,0.0974,0.1053,0.1053,0.0789,amorphous,0,8.789,20.0
1290,19.560,0.0898,0.1591,0.0000,0.1136,amorphous,0,17.452,20.0
1291,17.055,0.0900,0.1500,0.0000,0.1250,intermediate,0,11.356,20.0
1292,21.714,0.1221,0.2093,0.0000,0.1628,intermediate,0,35.228,30.0
1293,24.241,0.1282,0.1795,0.0769,0.1282,intermediate,0,19.641,30.0
1294,12.757,0.1083,0.1667,0.0000,0.1667,intermediate,0,33.738,20.0
1295,9.542,0.0159,0.0000,0.0455,0.0000,amorphous,0,6.591,10.0
1296,28.703,0.0821,0.1429,0.0000,0.1071,amorphous,0,23.080,30.0
1297,13.163,0.1106,0.1515,0.0606,0.1212,intermediate,0,14.413,20.0
1298,32.551,0.0412,0.1176,0.0000,0.0000,amorphous,0,41.044,40.0
1299,9.260,0.0250,0.0000,0.0714,0.0000,amorphous,0,7.633,10.0
1300,19.223,0.1000,0.1667,0.0000,0.1389,intermediate,0,16.025,20.0
1301,7.426,0.0350,0.0000,0.1000,0.0000,amorphous,0,5.936,10.0
1302,19.348,0.1314,0.1395,0.1163,0.1395,intermediate,0,15.489,20.0
1303,28.089,0.2371,0.2857,0.1714,0.2571,intermediate,0,26.632,30.0
1304,16.132,0.0904,0.1489,0.0000,0.1277,intermediate,0,38.339,20.0
1305,25.877,0.1068,0.1892,0.0000,0.1351,intermediate,0,24.527,30.0
1306,27.761,0.0793,0.1379,0.0000,0.1034,amorphous,0,53.482,30.0
1307,2.562,0.0952,0.1613,0.0000,0.1290,intermediate,0,6.139,6.0
1308,26.073,0.0756,0.1282,0.0000,0.1026,amorphous,0,17.460,30.0
1309,13.530,0.0679,0.0769,0.0513,0.0769,amorphous,0,14.730,20.0
1310,24.787,0.1500,0.2105,0.1053,0.1316,intermediate,0,20.041,30.0
1311,18.760,0.0833,0.1282,0.0000,0.1282,intermediate,0,38.176,20.0
1312,22.430,0.1293,0.2439,0.0000,0.1463,intermediate,0,40.669,30.0
1313,14.994,0.0894,0.1515,0.0000,0.1212,intermediate,0,26.772,20.0
1314,6.629,0.0000,0.0000,0.0000,0.0000,amorphous,0,21.917,10.0
1315,15.211,0.0919,0.1628,0.0000,0.1163,amorphous,0,25.517,20.0
1316,16.185,0.1179,0.2051,0.0000,0.1538,intermediate,0,26.259,20.0
1317,27.047,0.1180,0.2000,0.0000,0.1600,intermediate,0,50.782,30.0
1318,11.369,0.0885,0.0769,0.0769,0.1154,amorphous,0,17.566,20.0
1319,16.304,0.0878,0.1556,0.0000,0.1111,amorphous,0,17.561,20.0
1320,27.152,0.1278,0.2222,0.0000,0.1667,intermediate,0,26.232,30.0
1321,24.060,0.1107,0.1190,0.0952,0.1190,amorphous,0,16.147,30.0
1322,28.087,0.2391,0.3125,0.1562,0.2500,intermediate,0,49.714,30.0
1323,18.461,0.0900,0.1500,0.0000,0.1250,intermediate,0,16.926,20.0
1324,24.645,0.1543,0.1489,0.1277,0.1915,intermediate,0,30.481,30.0
1325,24.590,0.0886,0.1364,0.0000,0.1364,intermediate,0,16.468,30.0
1326,24.197,0.1037,0.1707,0.0000,0.1463,intermediate,0,45.552,30.0
1327,31.454,0.0565,0.0870,0.0000,0.0870,amorphous,0,36.838,40.0
1328,26.556,0.1265,0.2353,0.0000,0.1471,intermediate,0,19.049,30.0
1329,13.660,0.0535,0.0930,0.0000,0.0698,amorphous,0,11.994,20.0
1330,30.946,0.1135,0.1923,0.0000,0.1538,intermediate,0,21.977,40.0
1331,32.163,0.1205,0.2273,0.0000,0.1364,intermediate,0,54.542,40.0
1332,14.783,0.1240,0.2292,0.0000,0.1458,intermediate,0,27.887,20.0
1333,29.355,0.1031,0.1875,0.0000,0.1250,intermediate,0,58.777,30.0
1334,9.338,0.1039,0.1842,0.0000,0.1316,intermediate,0,7.556,10.0
1335,22.859,0.0907,0.1395,0.0000,0.1395,intermediate,0,14.973,30.0
1336,25.375,0.0812,0.1250,0.0000,0.1250,intermediate,0,46.145,30.0
1337,28.206,0.1288,0.2121,0.0000,0.1818,intermediate,0,52.561,30.0
1338,7.833,0.0667,0.0667,0.0667,0.0667,amorphous,0,19.128,10.0
1339,18.790,0.1061,0.1463,0.0732,0.0976,amorphous,0,12.414,20.0
1340,30.652,0.1161,0.1786,0.0000,0.1786,intermediate,0,34.004,40.0
1341,27.532,0.1074,0.1176,0.0882,0.1176,amorphous,0,19.165,30.0
1342,27.534,0.1303,0.1515,0.0909,0.1515,intermediate,0,42.769,30.0
1343,13.930,0.0650,0.1000,0.0000,0.1000,amorphous,0,17.257,20.0
1344,10.630,0.1029,0.1714,0.0000,0.1429,intermediate,0,6.144,20.0
1345,29.403,0.0917,0.1667,0.0000,0.1111,amorphous,0,51.457,30.0
1346,7.813,0.0184,0.0000,0.0526,0.0000,amorphous,0,7.553,10.0
1347,4.772,0.1062,0.1750,0.0000,0.1500,intermediate,0,7.070,6.0
1348,26.643,0.0833,0.1111,0.0556,0.0833,amorphous,0,35.912,30.0
1349,16.482,0.1012,0.1667,0.0000,0.1429,intermediate,0,9.861,20.0
1350,30.164,0.1483,0.2759,0.0000,0.1724,intermediate,0,31.113,40.0
1351,10.824,0.1207,0.2195,0.0000,0.1463,intermediate,0,29.932,20.0
1352,21.054,0.1220,0.2439,0.0000,0.1220,intermediate,0,21.481,30.0
1353,28.280,0.1269,0.2308,0.0000,0.1538,intermediate,0,22.818,30.0
1354,27.143,0.1368,0.2105,0.0000,0.2105,intermediate,0,28.273,30.0
1355,22.214,0.0944,0.1556,0.0000,0.1333,intermediate,0,17.572,30.0
1356,23.151,0.0919,0.1628,0.0000,0.1163,amorphous,0,18.174,30.0
1357,23.474,0.1290,0.1613,0.0968,0.1290,intermediate,0,42.883,30.0
1358,8.013,0.0333,0.0513,0.0000,0.0513,amorphous,0,26.230,10.0
1359,22.955,0.1333,0.2381,0.0000,0.1667,intermediate,0,41.749,30.0
1360,27.693,0.1595,0.2703,0.0000,0.2162,intermediate,0,29.577,30.0
1361,23.629,0.0542,0.0833,0.0000,0.0833,amorphous,0,14.791,30.0
1362,28.008,0.0650,0.1000,0.0000,0.1000,amorphous,0,53.149,30.0
1363,26.259,0.1414,0.2571,0.0000,0.1714,intermediate,0,27.306,30.0
1364,20.409,0.1217,0.2174,0.0000,0.1522,intermediate,0,21.374,30.0
1365,16.207,0.1013,0.1795,0.0000,0.1282,intermediate,0,37.072,20.0
1366,7.975,0.0611,0.1111,0.0000,0.0741,amorphous,0,7.775,10.0
1367,26.148,0.1122,0.1951,0.0000,0.1463,intermediate,0,20.741,30.0
1368,11.741,0.0917,0.1667,0.0000,0.1111,amorphous,0,7.298,20.0
1369,17.615,0.0869,0.1667,0.0000,0.0952,amorphous,0,13.545,20.0
1370,18.353,0.0667,0.1026,0.0000,0.1026,amorphous,0,10.767,20.0
1371,22.319,0.0725,0.1000,0.0000,0.1250,amorphous,0,45.018,30.0
1372,24.709,0.1163,0.1163,0.1163,0.1163,amorphous,0,34.761,30.0
1373,17.455,0.1149,0.1892,0.0000,0.1622,intermediate,0,34.221,20.0
1374,4.651,0.0500,0.1429,0.0000,0.0000,amorphous,0,5.340,6.0
1375,11.436,0.0867,0.1333,0.0000,0.1333,intermediate,0,19.229,20.0
1376,27.496,0.2161,0.2903,0.1613,0.1935,intermediate,0,41.607,30.0
1377,13.691,0.0943,0.1714,0.0000,0.1143,amorphous,0,15.142,20.0
1378,20.673,0.1310,0.2200,0.0000,0.1800,intermediate,0,25.405,30.0
1379,30.747,0.1095,0.1905,0.0000,0.1429,intermediate,0,54.531,40.0
1380,13.780,0.0898,0.1591,0.0000,0.1136,amorphous,0,34.478,20.0
1381,31.503,0.1385,0.2308,0.0000,0.1923,intermediate,0,38.768,40.0
1382,30.513,0.0848,0.1304,0.0000,0.1304,intermediate,0,21.181,40.0
1383,13.572,0.1243,0.2162,0.0000,0.1622,intermediate,0,10.332,20.0
1384,17.462,0.1193,0.2045,0.0000,0.1591,intermediate,0,21.637,20.0
1385,18.509,0.0963,0.1707,0.0000,0.1220,intermediate,0,12.432,20.0
1386,26.271,0.0609,0.0938,0.0000,0.0938,amorphous,0,49.391,30.0
1387,25.024,0.1931,0.2069,0.1379,0.2414,intermediate,0,47.547,30.0
1388,28.154,0.1317,0.2333,0.0000,0.1667,intermediate,0,20.486,30.0
1389,16.827,0.0776,0.1316,0.0000,0.1053,amorphous,0,12.388,20.0
1390,30.748,0.2071,0.2857,0.1429,0.1905,intermediate,0,42.364,40.0
1391,23.479,0.1140,0.1860,0.0000,0.1628,intermediate,0,21.109,30.0
1392,29.351,0.1036,0.1429,0.0000,0.1786,intermediate,0,19.833,30.0
1393,21.907,0.0869,0.1667,0.0000,0.0952,amorphous,0,35.766,30.0
1394,13.832,0.1190,0.1667,0.0714,0.1190,amorphous,0,7.601,20.0
1395,21.838,0.1134,0.2195,0.0000,0.1220,intermediate,0,36.826,30.0
1396,13.483,0.1062,0.1750,0.0000,0.1500,intermediate,0,24.284,20.0
1397,29.698,0.1554,0.1786,0.1429,0.1429,intermediate,0,23.315,30.0
1398,13.220,0.0591,0.0909,0.0000,0.0909,amorphous,0,10.588,20.0
1399,10.646,0.0988,0.1628,0.0000,0.1395,intermediate,0,9.106,20.0
1400,21.897,0.1462,0.1795,0.1282,0.1282,intermediate,0,16.485,30.0
1401,25.457,0.1278,0.2222,0.0000,0.1667,intermediate,0,46.633,30.0
1402,17.674,0.0917,0.1667,0.0000,0.1111,amorphous,0,36.179,20.0
1403,26.435,0.0882,0.1765,0.0000,0.0882,amorphous,0,19.681,30.0
1404,28.632,0.1685,0.2593,0.0000,0.2593,intermediate,0,50.827,30.0
1405,13.697,0.1892,0.2432,0.1351,0.1892,intermediate,0,9.504,20.0
1406,13.759,0.1289,0.2105,0.0000,0.1842,intermediate,0,21.673,20.0
1407,25.644,0.1467,0.2667,0.0000,0.1778,intermediate,0,21.066,30.0
1408,22.597,0.1062,0.1750,0.0000,0.1500,intermediate,0,38.821,30.0
1409,30.802,0.1040,0.1600,0.0000,0.1600,intermediate,0,22.433,40.0
1410,12.179,0.0811,0.1081,0.0541,0.0811,amorphous,0,10.639,20.0
1411,17.273,0.0930,0.1860,0.0000,0.0930,amorphous,0,37.563,20.0
1412,26.127,0.1419,0.2432,0.0000,0.1892,intermediate,0,44.094,30.0
1413,21.594,0.1000,0.1667,0.0000,0.1389,intermediate,0,12.668,30.0
1414,23.601,0.0912,0.1750,0.0000,0.1000,amorphous,0,14.836,30.0
1415,6.613,0.1138,0.2069,0.0000,0.1379,intermediate,0,5.671,10.0
1416,20.255,0.0825,0.1500,0.0000,0.1000,amorphous,0,36.897,30.0
1417,17.288,0.0656,0.1111,0.0000,0.0889,amorphous,0,14.785,20.0
1418,29.454,0.1466,0.2414,0.0000,0.2069,intermediate,0,28.309,30.0
1419,26.209,0.1149,0.1892,0.0000,0.1622,intermediate,0,46.942,30.0
1420,14.638,0.1147,0.1765,0.0000,0.1765,intermediate,0,19.770,20.0
1421,10.011,0.0000,0.0000,0.0000,0.0000,amorphous,0,9.856,20.0
1422,8.661,0.0533,0.0000,0.0667,0.1000,amorphous,0,7.320,10.0
1423,27.125,0.1000,0.1667,0.0000,0.1389,intermediate,0,29.888,30.0
1424,19.767,0.1382,0.2368,0.0000,0.1842,intermediate,0,19.503,20.0
1425,30.111,0.1345,0.2069,0.0000,0.2069,intermediate,0,47.264,40.0
1426,29.128,0.1516,0.1935,0.1290,0.1290,intermediate,0,38.823,30.0
1427,26.388,0.1500,0.1579,0.1579,0.1316,intermediate,0,18.855,30.0
1428,11.407,0.1853,0.2353,0.1176,0.2059,intermediate,0,9.730,20.0
1429,6.861,0.0000,0.0000,0.0000,0.0000,amorphous,0,13.188,10.0
1430,20.350,0.1049,0.1951,0.0000,0.1220,intermediate,0,25.814,30.0
1431,22.098,0.1118,0.1842,0.0000,0.1579,intermediate,0,21.949,30.0
1432,7.334,0.0000,0.0000,0.0000,0.0000,amorphous,0,9.463,10.0
1433,22.628,0.1384,0.2558,0.0000,0.1628,intermediate,0,38.571,30.0
1434,21.526,0.1453,0.2558,0.0000,0.1860,intermediate,0,21.398,30.0
1435,28.890,0.1554,0.2143,0.1071,0.1429,intermediate,0,20.943,30.0
1436,22.543,0.0987,0.1750,0.0000,0.1250,intermediate,0,36.395,30.0
1437,10.626,0.0371,0.0571,0.0000,0.0571,amorphous,0,18.836,20.0
1438,19.777,0.0684,0.1053,0.0000,0.1053,amorphous,0,13.414,20.0
1439,9.325,0.0261,0.0000,0.0000,0.0870,amorphous,0,6.474,10.0
1440,9.391,0.1200,0.2000,0.0000,0.1667,intermediate,0,10.858,10.0
1441,24.698,0.1077,0.1538,0.0000,0.1795,intermediate,0,43.475,30.0
1442,27.096,0.1405,0.2381,0.0000,0.1905,intermediate,0,23.142,30.0
1443,24.851,0.0819,0.1389,0.0000,0.1111,amorphous,0,15.450,30.0
1444,25.722,0.1419,0.2432,0.0000,0.1892,intermediate,0,24.409,30.0
1445,29.731,0.1300,0.2000,0.0000,0.2000,intermediate,0,48.376,30.0
1446,30.062,0.1460,0.1600,0.1200,0.1600,intermediate,0,42.687,40.0
1447,32.536,0.2175,0.2500,0.2000,0.2000,intermediate,0,29.264,40.0
1448,30.235,0.1286,0.2143,0.0000,0.1786,intermediate,0,23.420,40.0
1449,32.311,0.1278,0.2222,0.0000,0.1667,intermediate,0,49.015,40.0
1450,14.657,0.0919,0.1628,0.0000,0.1163,amorphous,0,33.632,20.0
1451,13.302,0.1750,0.1944,0.1389,0.1944,intermediate,0,6.856,20.0
1452,14.606,0.0350,0.1000,0.0000,0.0000,amorphous,0,8.488,20.0
1453,26.331,0.1527,0.1892,0.1081,0.1622,intermediate,0,40.161,30.0
1454,12.788,0.0676,0.1176,0.0000,0.0882,amorphous,0,22.187,20.0
1455,29.711,0.1121,0.1724,0.0000,0.1724,intermediate,0,19.836,30.0
1456,31.689,0.1579,0.3158,0.0000,0.1579,intermediate,0,23.103,40.0
1457,17.934,0.1488,0.2619,0.0000,0.1905,intermediate,0,21.229,20.0
1458,16.477,0.0684,0.1053,0.0000,0.1053,amorphous,0,8.247,20.0
1459,25.441,0.1892,0.2432,0.1351,0.1892,intermediate,0,38.320,30.0
1460,25.927,0.1093,0.1111,0.0741,0.1481,amorphous,0,43.750,30.0
1461,9.514,0.1065,0.1935,0.0000,0.1290,intermediate,0,3.614,10.0
1462,7.879,0.0000,0.0000,0.0000,0.0000,amorphous,0,9.824,10.0
1463,9.420,0.0609,0.0938,0.0000,0.0938,amorphous,0,3.388,10.0
1464,13.306,0.0527,0.0811,0.0000,0.0811,amorphous,0,16.409,20.0
1465,13.578,0.1039,0.1842,0.0000,0.1316,intermediate,0,5.498,20.0
1466,8.620,0.1679,0.2821,0.0000,0.2308,intermediate,0,6.547,10.0
1467,17.128,0.0318,0.0909,0.0000,0.0000,amorphous,0,27.565,20.0
1468,16.368,0.0527,0.0811,0.0000,0.0811,amorphous,0,7.200,20.0
1469,29.210,0.0591,0.0909,0.0000,0.0909,amorphous,0,18.869,30.0
1470,22.553,0.1140,0.1860,0.0000,0.1628,intermediate,0,19.004,30.0
1471,22.183,0.1122,0.1951,0.0000,0.1463,intermediate,0,41.286,30.0
1472,19.217,0.1191,0.2128,0.0000,0.1489,intermediate,0,19.268,20.0
1473,31.008,0.1038,0.1538,0.0769,0.0769,amorphous,0,37.924,40.0
1474,16.934,0.0561,0.0976,0.0000,0.0732,amorphous,0,11.749,20.0
1475,16.282,0.1110,0.1707,0.0000,0.1707,intermediate,0,21.817,20.0
1476,11.345,0.1034,0.1034,0.1034,0.1034,amorphous,0,15.498,20.0
1477,16.838,0.0952,0.1190,0.0714,0.0952,amorphous,0,11.658,20.0
1478,18.834,0.1150,0.2000,0.0000,0.1500,intermediate,0,33.132,20.0
1479,11.214,0.1149,0.1892,0.0000,0.1622,intermediate,0,22.659,20.0
1480,24.749,0.0961,0.1316,0.0526,0.1053,amorphous,0,13.672,30.0
1481,20.721,0.0959,0.1351,0.0000,0.1622,intermediate,0,11.173,30.0
1482,27.745,0.1500,0.1935,0.0968,0.1613,intermediate,0,20.135,30.0
1483,10.560,0.0857,0.1429,0.0000,0.1190,amorphous,0,28.007,20.0
1484,31.560,0.1341,0.2273,0.0000,0.1818,intermediate,0,39.546,40.0
1485,25.948,0.1575,0.1750,0.1250,0.1750,intermediate,0,29.757,30.0
1486,6.534,0.0500,0.0769,0.0000,0.0769,amorphous,0,3.697,10.0
1487,29.814,0.2058,0.2692,0.1538,0.1923,intermediate,0,23.515,30.0
1488,15.951,0.1250,0.1562,0.0938,0.1250,intermediate,0,6.716,20.0
1489,23.414,0.0855,0.1316,0.0000,0.1316,intermediate,0,15.419,30.0
1490,31.730,0.1104,0.2083,0.0000,0.1250,intermediate,0,32.619,40.0
1491,28.739,0.1000,0.1739,0.0000,0.1304,intermediate,0,52.223,30.0
1492,26.849,0.1400,0.2286,0.0000,0.2000,intermediate,0,45.207,30.0
1493,31.770,0.2130,0.3478,0.0000,0.3043,intermediate,0,26.801,40.0
1494,21.104,0.1302,0.2326,0.0000,0.1628,intermediate,0,33.745,30.0
1495,25.131,0.1977,0.2500,0.1591,0.1818,intermediate,0,24.354,30.0
1496,17.815,0.0542,0.0833,0.0000,0.0833,amorphous,0,8.740,20.0
1497,21.424,0.1302,0.2326,0.0000,0.1628,intermediate,0,32.588,30.0
1498,21.549,0.1176,0.1622,0.0811,0.1081,amorphous,0,14.580,30.0
1499,20.960,0.0605,0.1053,0.0000,0.0789,amorphous,0,10.076,30.0
1500,9.841,0.1288,0.2121,0.0000,0.1818,intermediate,0,9.123,10.0
1501,9.224,0.0611,0.1111,0.0000,0.0741,amorphous,0,18.390,10.0
1502,12.488,0.0703,0.1081,0.0000,0.1081,amorphous,0,6.008,20.0
1503,16.287,0.0605,0.0930,0.0000,0.0930,amorphous,0,6.585,20.0
1504,21.830,0.0975,0.1500,0.0000,0.1500,intermediate,0,11.068,30.0
1505,22.637,0.0765,0.1176,0.0000,0.1176,amorphous,0,40.837,30.0
1506,26.006,0.1842,0.2368,0.1316,0.1842,intermediate,0,35.834,30.0
1507,18.926,0.1372,0.2326,0.0000,0.1860,intermediate,0,30.646,20.0
1508,12.760,0.0936,0.1795,0.0000,0.1026,amorphous,0,7.741,20.0
1509,12.903,0.0548,0.0952,0.0000,0.0714,amorphous,0,8.104,20.0
1510,32.348,0.1625,0.2500,0.0000,0.2500,intermediate,0,36.283,40.0
1511,22.841,0.1417,0.2619,0.0000,0.1667,intermediate,0,12.714,30.0
1512,12.954,0.1155,0.1379,0.1034,0.1034,amorphous,0,12.672,20.0
1513,27.372,0.1264,0.1944,0.0000,0.1944,intermediate,0,20.827,30.0
1514,15.406,0.1885,0.2308,0.1538,0.1795,intermediate,0,5.888,20.0
1515,15.948,0.1129,0.2000,0.0000,0.1429,intermediate,0,23.568,20.0
1516,20.311,0.1071,0.1837,0.0000,0.1429,intermediate,0,24.615,30.0
1517,32.620,0.1026,0.1053,0.0526,0.1579,amorphous,0,21.605,40.0
1518,25.775,0.1833,0.3333,0.0000,0.2222,intermediate,0,24.335,30.0
1519,12.106,0.0672,0.1034,0.0000,0.1034,amorphous,0,13.378,20.0
1520,21.189,0.1892,0.2432,0.1351,0.1892,intermediate,0,42.084,30.0
1521,12.781,0.0853,0.1176,0.0000,0.1471,amorphous,0,4.749,20.0
1522,22.184,0.1024,0.1905,0.0000,0.1190,amorphous,0,14.819,30.0
1523,9.028,0.0333,0.0513,0.0000,0.0513,amorphous,0,22.276,10.0
1524,22.198,0.1070,0.1860,0.0000,0.1395,intermediate,0,42.194,30.0
1525,12.209,0.0936,0.1795,0.0000,0.1026,amorphous,0,19.637,20.0
1526,21.656,0.0622,0.1081,0.0000,0.0811,amorphous,0,32.000,30.0
1527,17.914,0.1207,0.2195,0.0000,0.1463,intermediate,0,33.633,20.0
1528,22.934,0.1000,0.1429,0.0000,0.1667,intermediate,0,29.242,30.0
1529,9.153,0.0420,0.1200,0.0000,0.0000,amorphous,0,10.886,10.0
1530,12.356,0.0300,0.0857,0.0000,0.0000,amorphous,0,3.099,20.0
1531,19.545,0.0619,0.0952,0.0000,0.0952,amorphous,0,8.582,20.0
1532,17.100,0.1122,0.1951,0.0000,0.1463,intermediate,0,31.207,20.0
1533,32.473,0.1318,0.1818,0.0000,0.2273,intermediate,0,31.519,40.0
1534,10.804,0.0660,0.1200,0.0000,0.0800,amorphous,0,10.159,20.0
1535,13.098,0.0783,0.1304,0.0000,0.1087,amorphous,0,31.341,20.0
1536,17.195,0.1156,0.1250,0.1250,0.0938,intermediate,0,16.110,20.0
1537,21.933,0.1333,0.2381,0.0000,0.1667,intermediate,0,34.805,30.0
1538,22.720,0.1256,0.2051,0.0000,0.1795,intermediate,0,12.968,30.0
1539,29.296,0.1518,0.2500,0.0000,0.2143,intermediate,0,25.835,30.0
1540,17.197,0.0988,0.1628,0.0000,0.1395,intermediate,0,19.551,20.0
1541,25.597,0.1610,0.2927,0.0000,0.1951,intermediate,0,21.902,30.0
1542,25.067,0.1333,0.2381,0.0000,0.1667,intermediate,0,19.021,30.0
1543,18.657,0.1238,0.1905,0.0000,0.1905,intermediate,0,23.054,20.0
1544,21.245,0.1190,0.2200,0.0000,0.1400,intermediate,0,21.598,30.0
1545,26.426,0.1653,0.3056,0.0000,0.1944,intermediate,0,16.703,30.0
1546,11.552,0.0593,0.0741,0.0000,0.1111,amorphous,0,16.486,20.0
1547,22.239,0.1311,0.2222,0.0000,0.1778,intermediate,0,30.150,30.0
1548,8.432,0.1451,0.2683,0.0000,0.1707,intermediate,0,5.321,10.0
1549,20.695,0.0885,0.1458,0.0000,0.1250,intermediate,0,14.915,30.0
1550,28.160,0.1315,0.1852,0.0000,0.2222,intermediate,0,48.358,30.0
1551,21.628,0.0774,0.1190,0.0000,0.1190,amorphous,0,11.639,30.0
1552,22.060,0.0724,0.1020,0.0000,0.1224,amorphous,0,13.332,30.0
1553,27.908,0.0793,0.1379,0.0000,0.1034,amorphous,0,48.055,30.0
1554,25.539,0.1114,0.1714,0.0000,0.1714,intermediate,0,44.554,30.0
1555,25.838,0.0947,0.1579,0.0000,0.1316,intermediate,0,18.740,30.0
1556,17.704,0.0622,0.1081,0.0000,0.0811,amorphous,0,8.393,20.0
1557,31.043,0.1083,0.1667,0.0000,0.1667,intermediate,0,54.812,40.0
1558,7.065,0.1603,0.2821,0.0000,0.2051,intermediate,0,3.285,10.0
1559,27.503,0.1860,0.2400,0.1200,0.2000,intermediate,0,48.474,30.0
1560,25.429,0.1280,0.2195,0.0000,0.1707,intermediate,0,41.822,30.0
1561,14.322,0.1583,0.1905,0.1190,0.1667,intermediate,0,8.619,20.0
1562,28.067,0.1129,0.2000,0.0000,0.1429,intermediate,0,19.595,30.0
1563,28.163,0.0967,0.1333,0.0000,0.1667,intermediate,0,15.866,30.0
1564,25.491,0.1579,0.2105,0.1053,0.1579,intermediate,0,38.475,30.0
1565,27.496,0.0922,0.1562,0.0000,0.1250,intermediate,0,33.203,30.0
1566,29.221,0.2069,0.2759,0.1379,0.2069,intermediate,0,37.778,30.0
1567,25.168,0.1389,0.2444,0.0000,0.1778,intermediate,0,32.092,30.0
1568,10.787,0.1689,0.2973,0.0000,0.2162,intermediate,0,3.026,20.0
1569,21.187,0.1939,0.2195,0.1463,0.2195,intermediate,0,40.679,30.0
1570,21.765,0.1118,0.1842,0.0000,0.1579,intermediate,0,36.726,30.0
1571,25.883,0.1083,0.1667,0.0000,0.1667,intermediate,0,17.651,30.0
1572,20.879,0.1068,0.1892,0.0000,0.1351,intermediate,0,9.757,30.0
1573,25.685,0.1737,0.2000,0.1250,0.2000,intermediate,0,24.844,30.0
1574,9.841,0.0964,0.1071,0.1071,0.0714,amorphous,0,11.657,10.0
1575,10.607,0.0726,0.0968,0.0000,0.1290,amorphous,0,21.757,20.0
1576,28.619,0.0883,0.1667,0.0000,0.1000,amorphous,0,15.232,30.0
1577,13.746,0.0670,0.1136,0.0000,0.0909,amorphous,0,29.832,20.0
1578,11.528,0.0500,0.0769,0.0000,0.0769,amorphous,0,26.016,20.0
1579,25.179,0.1321,0.2143,0.0000,0.1905,intermediate,0,27.715,30.0
1580,30.298,0.0696,0.1071,0.0000,0.1071,amorphous,0,17.377,40.0
1581,13.628,0.0971,0.1765,0.0000,0.1176,amorphous,0,12.227,20.0
1582,23.915,0.0890,0.1707,0.0000,0.0976,amorphous,0,32.895,30.0
1583,20.889,0.1250,0.2143,0.0000,0.1667,intermediate,0,37.634,30.0
1584,30.883,0.1896,0.2917,0.0000,0.2917,intermediate,0,49.534,40.0
1585,18.476,0.1341,0.2273,0.0000,0.1818,intermediate,0,26.904,20.0
1586,15.489,0.0400,0.1143,0.0000,0.0000,amorphous,0,7.591,20.0
1587,12.638,0.1635,0.2162,0.1351,0.1351,intermediate,0,3.771,20.0
1588,15.232,0.0464,0.0714,0.0000,0.0714,amorphous,0,24.012,20.0
1589,10.068,0.0351,0.0541,0.0000,0.0541,amorphous,0,18.576,20.0
1590,11.276,0.0684,0.1053,0.0000,0.1053,amorphous,0,25.001,20.0
1591,29.702,0.1161,0.1786,0.0000,0.1786,intermediate,0,31.963,30.0
1592,17.875,0.0631,0.0714,0.0476,0.0714,amorphous,0,9.975,20.0
1593,20.502,0.1013,0.1795,0.0000,0.1282,intermediate,0,13.722,30.0
1594,25.784,0.0542,0.0833,0.0000,0.0833,amorphous,0,12.723,30.0
1595,17.242,0.1095,0.1905,0.0000,0.1429,intermediate,0,31.709,20.0
1596,29.554,0.1767,0.3333,0.0000,0.2000,intermediate,0,17.490,30.0
1597,11.232,0.1129,0.2000,0.0000,0.1429,intermediate,0,5.241,20.0
1598,19.988,0.1361,0.2222,0.0000,0.1944,intermediate,0,15.087,20.0
1599,13.838,0.0722,0.1111,0.0000,0.1111,amorphous,0,18.449,20.0
1600,8.778,0.1500,0.2903,0.0000,0.1613,intermediate,0,1.553,10.0
1601,16.192,0.0590,0.1026,0.0000,0.0769,amorphous,0,8.858,20.0
1602,11.125,0.0483,0.1379,0.0000,0.0000,amorphous,0,13.858,20.0
1603,14.051,0.1243,0.2162,0.0000,0.1622,intermediate,0,2.881,20.0
1604,14.941,0.1062,0.1750,0.0000,0.1500,intermediate,0,10.730,20.0
1605,15.366,0.0719,0.1250,0.0000,0.0938,amorphous,0,5.796,20.0
1606,16.394,0.1273,0.2273,0.0000,0.1591,intermediate,0,27.400,20.0
1607,25.699,0.1475,0.2500,0.0000,0.2000,intermediate,0,19.477,30.0
1608,23.199,0.1333,0.2381,0.0000,0.1667,intermediate,0,20.872,30.0
1609,31.084,0.1641,0.2812,0.0000,0.2188,intermediate,0,21.907,40.0
1610,31.907,0.1820,0.2800,0.0000,0.2800,intermediate,0,32.518,40.0
1611,13.202,0.0557,0.0857,0.0000,0.0857,amorphous,0,18.440,20.0
1612,15.059,0.0556,0.1111,0.0000,0.0556,amorphous,0,12.826,20.0
1613,7.747,0.1654,0.2308,0.0769,0.1923,intermediate,0,6.272,10.0
1614,28.909,0.1774,0.2581,0.0000,0.2903,intermediate,0,16.158,30.0
1615,18.392,0.0740,0.1042,0.0000,0.1250,amorphous,0,8.313,20.0
1616,25.083,0.1547,0.2093,0.0930,0.1628,intermediate,0,15.898,30.0
1617,23.275,0.1014,0.1429,0.0000,0.1714,intermediate,0,43.638,30.0
1618,24.119,0.1013,0.1795,0.0000,0.1282,intermediate,0,39.965,30.0
1619,19.009,0.0697,0.1316,0.0000,0.0789,amorphous,0,6.276,20.0
1620,29.710,0.1241,0.2069,0.0000,0.1724,intermediate,0,35.338,30.0
1621,16.028,0.1250,0.2143,0.0000,0.1667,intermediate,0,18.468,20.0
1622,24.649,0.1146,0.1463,0.0976,0.0976,amorphous,0,15.575,30.0
1623,20.528,0.0919,0.1628,0.0000,0.1163,amorphous,0,39.077,30.0
1624,12.625,0.0805,0.1463,0.0000,0.0976,amorphous,0,28.085,20.0
1625,26.502,0.1269,0.2308,0.0000,0.1538,intermediate,0,13.520,30.0
1626,28.383,0.1485,0.2424,0.0000,0.2121,intermediate,0,25.023,30.0
1627,16.712,0.1283,0.2174,0.0000,0.1739,intermediate,0,24.962,20.0
1628,20.111,0.0684,0.1053,0.0000,0.1053,amorphous,0,27.445,30.0
1629,32.315,0.1565,0.2609,0.0000,0.2174,intermediate,0,23.813,40.0
1630,31.823,0.1571,0.1429,0.1429,0.1905,intermediate,0,36.244,40.0
1631,9.072,0.0231,0.0000,0.0000,0.0769,amorphous,0,6.273,10.0
1632,28.813,0.1300,0.2000,0.0000,0.2000,intermediate,0,26.786,30.0
1633,10.126,0.1798,0.3095,0.0000,0.2381,intermediate,0,4.833,20.0
1634,14.618,0.1538,0.2308,0.0769,0.1538,intermediate,0,11.613,20.0
1635,3.050,0.0615,0.0769,0.0000,0.1154,amorphous,0,3.785,6.0
1636,32.488,0.1341,0.2273,0.0000,0.1818,intermediate,0,27.778,40.0
1637,26.478,0.1029,0.1714,0.0000,0.1429,intermediate,0,39.588,30.0
1638,13.839,0.0868,0.1471,0.0000,0.1176,amorphous,0,2.354,20.0
1639,27.093,0.1129,0.2000,0.0000,0.1429,intermediate,0,36.025,30.0
1640,12.175,0.0742,0.1290,0.0000,0.0968,amorphous,0,11.508,20.0
1641,18.095,0.1193,0.2045,0.0000,0.1591,intermediate,0,9.760,20.0
1642,8.261,0.1833,0.3333,0.0000,0.2222,intermediate,0,1.933,10.0
1643,22.336,0.1157,0.1961,0.0000,0.1569,intermediate,0,26.344,30.0
1644,11.559,0.1140,0.1860,0.0000,0.1628,intermediate,0,5.579,20.0
1645,27.623,0.1125,0.1875,0.0000,0.1562,intermediate,0,16.904,30.0
1646,10.493,0.0894,0.1515,0.0000,0.1212,intermediate,0,11.656,20.0
1647,15.833,0.1125,0.2045,0.0000,0.1364,intermediate,0,32.259,20.0
1648,12.932,0.0986,0.1081,0.0811,0.1081,amorphous,0,15.757,20.0
1649,22.902,0.1221,0.2093,0.0000,0.1628,intermediate,0,22.607,30.0
1650,32.453,0.1812,0.2500,0.0000,0.3125,intermediate,0,18.700,40.0
1651,26.044,0.1514,0.2703,0.0000,0.1892,intermediate,0,29.608,30.0
1652,27.156,0.0906,0.1250,0.0000,0.1562,intermediate,0,12.292,30.0
1653,22.125,0.0650,0.1000,0.0000,0.1000,amorphous,0,28.572,30.0
1654,28.938,0.1460,0.2800,0.0000,0.1600,intermediate,0,18.140,30.0
1655,19.960,0.1311,0.2222,0.0000,0.1778,intermediate,0,24.419,20.0
1656,27.886,0.1083,0.1667,0.0000,0.1667,intermediate,0,45.398,30.0
1657,26.214,0.0987,0.1750,0.0000,0.1250,intermediate,0,16.596,30.0
1658,27.975,0.0717,0.1304,0.0000,0.0870,amorphous,0,41.294,30.0
1659,27.518,0.1500,0.2903,0.0000,0.1613,intermediate,0,22.599,30.0
1660,15.423,0.0779,0.1471,0.0000,0.0882,amorphous,0,10.421,20.0
1661,27.361,0.0839,0.1290,0.0000,0.1290,intermediate,0,15.155,30.0
1662,30.621,0.1560,0.2400,0.0000,0.2400,intermediate,0,39.909,40.0
1663,28.945,0.2233,0.3000,0.1667,0.2000,intermediate,0,25.901,30.0
1664,12.415,0.1205,0.1538,0.1026,0.1026,amorphous,0,16.154,20.0
1665,26.355,0.1450,0.2000,0.1000,0.1333,intermediate,0,45.239,30.0
1666,10.183,0.0767,0.1333,0.0000,0.1000,amorphous,0,9.279,20.0
1667,21.162,0.1140,0.1860,0.0000,0.1628,intermediate,0,15.585,30.0
1668,29.046,0.0983,0.1667,0.0000,0.1333,intermediate,0,14.436,30.0
1669,29.291,0.1278,0.1111,0.1111,0.1667,amorphous,0,51.116,30.0
1670,10.686,0.1750,0.3000,0.0000,0.2333,intermediate,0,7.828,20.0
1671,24.944,0.1782,0.2051,0.1282,0.2051,intermediate,0,24.534,30.0
1672,12.191,0.1091,0.1818,0.0000,0.1515,intermediate,0,12.735,20.0
1673,20.641,0.1346,0.2308,0.0000,0.1795,intermediate,0,13.261,30.0
1674,18.755,0.1274,0.1429,0.1190,0.1190,amorphous,0,10.077,20.0
1675,15.099,0.1881,0.3333,0.0000,0.2381,intermediate,0,5.975,20.0
1676,31.728,0.1304,0.2609,0.0000,0.1304,intermediate,0,38.797,40.0
1677,11.913,0.1514,0.2857,0.0000,0.1714,intermediate,0,0.381,20.0
1678,23.621,0.1337,0.2245,0.0000,0.1837,intermediate,0,19.159,30.0
1679,29.150,0.1283,0.2174,0.0000,0.1739,intermediate,0,49.438,30.0
1680,23.215,0.0667,0.1026,0.0000,0.1026,amorphous,0,8.457,30.0
1681,20.606,0.1280,0.2195,0.0000,0.1707,intermediate,0,10.023,30.0
1682,23.262,0.1512,0.1905,0.1190,0.1429,intermediate,0,16.678,30.0
1683,21.083,0.1346,0.2308,0.0000,0.1795,intermediate,0,16.298,30.0
1684,16.335,0.1095,0.1905,0.0000,0.1429,intermediate,0,27.943,20.0
1685,27.087,0.1132,0.2105,0.0000,0.1316,intermediate,0,37.137,30.0
1686,15.644,0.1400,0.2500,0.0000,0.1750,intermediate,0,25.459,20.0
1687,32.615,0.1553,0.2632,0.0000,0.2105,intermediate,0,27.398,40.0
1688,28.302,0.2125,0.2222,0.1944,0.2222,intermediate,0,24.955,30.0
1689,25.479,0.0744,0.1026,0.0000,0.1282,amorphous,0,13.051,30.0
1690,24.135,0.1000,0.1633,0.0000,0.1429,intermediate,0,15.303,30.0
1691,19.227,0.1237,0.2250,0.0000,0.1500,intermediate,0,34.399,20.0
1692,29.743,0.1200,0.1600,0.0800,0.1200,intermediate,0,16.827,30.0
1693,5.563,0.0696,0.1071,0.0000,0.1071,amorphous,0,1.872,6.0
1694,12.461,0.0394,0.0606,0.0000,0.0606,amorphous,0,18.015,20.0
1695,23.773,0.1205,0.2273,0.0000,0.1364,intermediate,0,19.130,30.0
1696,8.426,0.0696,0.1071,0.0000,0.1071,amorphous,0,6.155,10.0
1697,16.360,0.1262,0.2381,0.0000,0.1429,intermediate,0,8.981,20.0
1698,20.286,0.1178,0.2222,0.0000,0.1333,intermediate,0,16.189,30.0
1699,30.117,0.1179,0.2143,0.0000,0.1429,intermediate,0,22.028,40.0
1700,24.471,0.1866,0.2439,0.1220,0.1951,intermediate,0,15.936,30.0
1701,21.185,0.1195,0.1951,0.0000,0.1707,intermediate,0,32.975,30.0
1702,13.810,0.0806,0.1111,0.0000,0.1389,amorphous,0,2.428,20.0
1703,23.090,0.1151,0.2093,0.0000,0.1395,intermediate,0,33.346,30.0
1704,12.173,0.0686,0.1163,0.0000,0.0930,amorphous,0,25.124,20.0
1705,14.734,0.1387,0.2250,0.0000,0.2000,intermediate,0,9.951,20.0
1706,32.442,0.1048,0.0952,0.0000,0.2381,amorphous,0,17.742,40.0
1707,17.471,0.0943,0.1714,0.0000,0.1143,amorphous,0,4.081,20.0
1708,21.466,0.0963,0.1707,0.0000,0.1220,intermediate,0,39.985,30.0
1709,26.183,0.0811,0.1622,0.0000,0.0811,amorphous,0,31.319,30.0
1710,31.481,0.1238,0.0952,0.0952,0.1905,amorphous,0,44.422,40.0
1711,28.894,0.2106,0.2424,0.1515,0.2424,intermediate,0,31.532,30.0
1712,14.108,0.1453,0.2558,0.0000,0.1860,intermediate,0,0.954,20.0
1713,26.262,0.1886,0.2273,0.1364,0.2045,intermediate,0,21.102,30.0
1714,20.516,0.1325,0.2500,0.0000,0.1500,intermediate,0,14.473,30.0
1715,14.253,0.1632,0.2632,0.0000,0.2368,intermediate,0,4.212,20.0
1716,30.504,0.1317,0.2333,0.0000,0.1667,intermediate,0,22.245,40.0
1717,18.853,0.0548,0.0952,0.0000,0.0714,amorphous,0,9.475,20.0
1718,24.808,0.1684,0.2368,0.1316,0.1316,intermediate,0,19.058,30.0
1719,22.369,0.0966,0.1591,0.0000,0.1364,intermediate,0,11.896,30.0
1720,13.734,0.1013,0.1795,0.0000,0.1282,intermediate,0,6.041,20.0
1721,16.621,0.1580,0.2955,0.0000,0.1818,intermediate,0,2.359,20.0
1722,24.095,0.0639,0.0556,0.0556,0.0833,amorphous,0,9.662,30.0
1723,14.766,0.1608,0.1892,0.1081,0.1892,intermediate,0,12.057,20.0
1724,18.259,0.0800,0.1333,0.0000,0.1111,amorphous,0,9.195,20.0
1725,32.463,0.1667,0.3333,0.0000,0.1667,intermediate,0,20.757,40.0
1726,19.625,0.1095,0.1905,0.0000,0.1429,intermediate,0,36.437,20.0
1727,22.308,0.0900,0.1500,0.0000,0.1250,intermediate,0,37.863,30.0
1728,31.336,0.1211,0.2105,0.0000,0.1579,intermediate,0,49.938,40.0
1729,24.060,0.1635,0.2162,0.1351,0.1351,intermediate,0,41.587,30.0
1730,19.203,0.0904,0.1489,0.0000,0.1277,intermediate,0,15.850,20.0
1731,15.205,0.1513,0.2564,0.0000,0.2051,intermediate,0,0.960,20.0
1732,18.650,0.0535,0.0930,0.0000,0.0698,amorphous,0,10.705,20.0
1733,28.923,0.2000,0.2667,0.1333,0.2000,intermediate,0,27.484,30.0
1734,12.238,0.0797,0.1351,0.0000,0.1081,amorphous,0,6.802,20.0
1735,1.798,0.0520,0.0800,0.0000,0.0800,amorphous,0,0.828,6.0
1736,13.249,0.2036,0.3571,0.0000,0.2619,intermediate,0,5.195,20.0
1737,12.656,0.1049,0.1951,0.0000,0.1220,intermediate,0,4.326,20.0
1738,20.662,0.1359,0.2564,0.0000,0.1538,intermediate,0,6.110,30.0
1739,11.208,0.0793,0.1379,0.0000,0.1034,amorphous,0,7.155,20.0
1740,17.975,0.1195,0.1951,0.0000,0.1707,intermediate,0,16.583,20.0
1741,24.882,0.1338,0.2059,0.0000,0.2059,intermediate,0,44.545,30.0
1742,18.633,0.1065,0.1739,0.0000,0.1522,intermediate,0,35.591,20.0
1743,11.071,0.2036,0.3571,0.0000,0.2619,intermediate,0,6.166,20.0
1744,8.960,0.1129,0.2000,0.0000,0.1429,intermediate,0,-0.140,10.0
1745,22.194,0.1167,0.2083,0.0000,0.1458,intermediate,0,29.138,30.0
1746,28.622,0.1138,0.2069,0.0000,0.1379,intermediate,0,43.485,30.0
1747,31.230,0.0800,0.1000,0.0000,0.1500,amorphous,0,20.311,40.0
1748,19.260,0.1269,0.2308,0.0000,0.1538,intermediate,0,35.326,20.0
1749,19.960,0.1400,0.2500,0.0000,0.1750,intermediate,0,7.752,20.0
1750,31.019,0.0842,0.1053,0.0000,0.1579,amorphous,0,49.814,40.0
1751,25.771,0.1368,0.1765,0.0882,0.1471,intermediate,0,26.959,30.0
1752,26.970,0.2038,0.2308,0.1538,0.2308,intermediate,0,46.279,30.0
1753,11.192,0.1647,0.2941,0.0000,0.2059,intermediate,0,4.506,20.0
1754,10.580,0.0500,0.0909,0.0000,0.0606,amorphous,0,-0.179,20.0
1755,10.392,0.2038,0.3846,0.0000,0.2308,intermediate,0,1.536,20.0
1756,13.003,0.0868,0.1471,0.0000,0.1176,amorphous,0,1.977,20.0
1757,18.255,0.0720,0.1220,0.0000,0.0976,amorphous,0,7.924,20.0
1758,27.868,0.1000,0.1250,0.0000,0.1875,intermediate,0,12.085,30.0
1759,17.363,0.1400,0.2500,0.0000,0.1750,intermediate,0,17.182,20.0
1760,23.082,0.0846,0.1538,0.0000,0.1026,amorphous,0,24.018,30.0
1761,30.505,0.0727,0.0909,0.0000,0.1364,amorphous,0,14.538,40.0
1762,20.748,0.0973,0.1622,0.0000,0.1351,intermediate,0,27.824,30.0
1763,17.588,0.1341,0.2273,0.0000,0.1818,intermediate,0,21.156,20.0
1764,12.827,0.0476,0.0732,0.0000,0.0732,amorphous,0,22.728,20.0
1765,28.634,0.2397,0.4483,0.0000,0.2759,intermediate,0,13.811,30.0
1766,23.662,0.1302,0.2292,0.0000,0.1667,intermediate,0,23.917,30.0
1767,23.530,0.1750,0.2381,0.1190,0.1667,intermediate,0,14.254,30.0
1768,19.717,0.0561,0.0976,0.0000,0.0732,amorphous,0,3.707,20.0
1769,22.494,0.0549,0.0732,0.0000,0.0976,amorphous,0,7.557,30.0
1770,21.911,0.0800,0.1333,0.0000,0.1111,amorphous,0,10.675,30.0
1771,16.802,0.1544,0.2889,0.0000,0.1778,intermediate,0,1.580,20.0
1772,26.144,0.2054,0.3784,0.0000,0.2432,intermediate,0,11.175,30.0
1773,20.932,0.2062,0.3750,0.0000,0.2500,intermediate,0,6.314,30.0
1774,12.168,0.2041,0.3514,0.0000,0.2703,intermediate,0,2.189,20.0
1775,21.791,0.0940,0.1667,0.0000,0.1190,amorphous,0,11.149,30.0
1776,25.931,0.1205,0.2273,0.0000,0.1364,intermediate,0,14.414,30.0
1777,24.354,0.0987,0.1750,0.0000,0.1250,intermediate,0,13.095,30.0
1778,30.282,0.1625,0.2500,0.0000,0.2500,intermediate,0,45.187,40.0
1779,27.956,0.1000,0.1538,0.0000,0.1538,intermediate,0,38.074,30.0
1780,19.159,0.1000,0.1538,0.0000,0.1538,intermediate,0,23.042,20.0
1781,24.131,0.1090,0.1795,0.0000,0.1538,intermediate,0,38.708,30.0
1782,24.244,0.1833,0.3333,0.0000,0.2222,intermediate,0,11.806,30.0
1783,14.359,0.0317,0.0488,0.0000,0.0488,amorphous,0,19.427,20.0
1784,21.364,0.1387,0.2250,0.0000,0.2000,intermediate,0,22.594,30.0
1785,20.794,0.0805,0.0732,0.0732,0.0976,amorphous,0,4.447,30.0
1786,18.563,0.1273,0.2273,0.0000,0.1591,intermediate,0,28.267,20.0
1787,18.859,0.1352,0.2500,0.0000,0.1591,intermediate,0,7.310,20.0
1788,16.158,0.1866,0.2683,0.0976,0.1951,intermediate,0,10.834,20.0
1789,12.968,0.2064,0.2821,0.1538,0.1795,intermediate,0,2.315,20.0
1790,32.442,0.1625,0.2500,0.0000,0.2500,intermediate,0,24.409,40.0
1791,25.603,0.1389,0.2444,0.0000,0.1778,intermediate,0,27.402,30.0
1792,20.059,0.0774,0.1190,0.0000,0.1190,amorphous,0,15.665,30.0
1793,18.831,0.1058,0.1628,0.0000,0.1628,intermediate,0,33.217,20.0
1794,15.935,0.1225,0.2000,0.0000,0.1750,intermediate,0,21.716,20.0
1795,8.894,0.2807,0.3864,0.1818,0.2727,crystalline,0,1.048,10.0
1796,14.963,0.1333,0.2667,0.0000,0.1333,intermediate,0,8.725,20.0
1797,24.141,0.1878,0.2162,0.1351,0.2162,intermediate,0,41.019,30.0
1798,12.932,0.0697,0.0789,0.0526,0.0789,amorphous,0,17.867,20.0
1799,26.047,0.1568,0.2727,0.0000,0.2045,intermediate,0,25.842,30.0
1800,31.804,0.0842,0.1053,0.0000,0.1579,amorphous,0,15.634,40.0
1801,15.904,0.0923,0.1538,0.0000,0.1282,intermediate,0,26.018,20.0
1802,23.155,0.1522,0.1739,0.1304,0.1522,intermediate,0,13.216,30.0
1803,32.318,0.1711,0.2632,0.0000,0.2632,intermediate,0,16.556,40.0
1804,7.478,0.0955,0.1818,0.0909,0.0000,amorphous,0,-1.010,10.0
1805,10.259,0.2397,0.3077,0.1795,0.2308,intermediate,0,1.794,20.0
1806,30.793,0.1680,0.2400,0.0000,0.2800,intermediate,0,24.348,40.0
1807,11.794,0.0914,0.1724,0.0000,0.1034,amorphous,0,6.324,20.0
1808,19.728,0.1230,0.1892,0.0000,0.1892,intermediate,0,29.739,20.0
1809,27.394,0.1931,0.3448,0.0000,0.2414,intermediate,0,14.357,30.0
1810,23.761,0.0702,0.1190,0.0000,0.0952,amorphous,0,9.631,30.0
1811,20.961,0.1011,0.1556,0.0000,0.1556,intermediate,0,13.480,30.0
1812,18.843,0.1118,0.1842,0.0000,0.1579,intermediate,0,4.784,20.0
1813,16.805,0.1097,0.1944,0.0000,0.1389,intermediate,0,2.177,20.0
1814,29.336,0.2204,0.4074,0.0000,0.2593,intermediate,0,15.143,30.0
1815,20.767,0.1058,0.1628,0.0000,0.1628,intermediate,0,34.062,30.0
1816,21.033,0.1255,0.2128,0.0000,0.1702,intermediate,0,29.887,30.0
1817,32.385,0.2022,0.2609,0.1304,0.2174,intermediate,0,28.064,40.0
1818,21.079,0.1372,0.2326,0.0000,0.1860,intermediate,0,20.654,30.0
1819,12.497,0.2000,0.3684,0.0000,0.2368,intermediate,0,-0.501,20.0
1820,31.588,0.1368,0.2105,0.0000,0.2105,intermediate,0,14.118,40.0
1821,18.756,0.1238,0.1905,0.0000,0.1905,intermediate,0,30.667,20.0
1822,26.539,0.1379,0.2121,0.0000,0.2121,intermediate,0,9.448,30.0
1823,29.290,0.1304,0.2500,0.0000,0.1429,intermediate,0,34.290,30.0
1824,17.993,0.1262,0.2381,0.0000,0.1429,intermediate,0,11.034,20.0
1825,19.796,0.1090,0.1795,0.0000,0.1538,intermediate,0,3.815,20.0
1826,31.293,0.1750,0.2692,0.0000,0.2692,intermediate,0,42.731,40.0
1827,12.983,0.2421,0.4211,0.0000,0.3158,intermediate,0,7.048,20.0
1828,12.908,0.1635,0.2432,0.1081,0.1351,intermediate,0,12.152,20.0
1829,16.147,0.1095,0.1905,0.0000,0.1429,intermediate,0,25.125,20.0
1830,18.223,0.1302,0.2326,0.0000,0.1628,intermediate,0,2.329,20.0
1831,27.550,0.1222,0.2222,0.0000,0.1481,intermediate,0,42.281,30.0
1832,29.570,0.2217,0.3000,0.1333,0.2333,intermediate,0,19.282,30.0
1833,15.820,0.1193,0.2045,0.0000,0.1591,intermediate,0,5.093,20.0
1834,16.015,0.1303,0.2368,0.0000,0.1579,intermediate,0,4.667,20.0
1835,30.199,0.1250,0.2500,0.0000,0.1250,intermediate,0,33.177,40.0
1836,28.933,0.1485,0.2059,0.1176,0.1176,intermediate,0,16.338,30.0
1837,12.533,0.2372,0.4359,0.0000,0.2821,intermediate,0,-1.280,20.0
1838,24.608,0.1337,0.1750,0.1000,0.1250,intermediate,0,6.773,30.0
1839,26.256,0.1143,0.1429,0.0857,0.1143,amorphous,0,32.156,30.0
1840,9.583,0.2895,0.3684,0.2105,0.2895,crystalline,0,-1.024,10.0
1841,15.842,0.0736,0.0833,0.0556,0.0833,amorphous,0,14.346,20.0
1842,11.716,0.0843,0.1429,0.0000,0.1143,amorphous,0,-0.191,20.0
1843,22.878,0.0720,0.1220,0.0000,0.0976,amorphous,0,11.019,30.0
1844,30.014,0.1048,0.1613,0.0000,0.1613,intermediate,0,17.351,40.0
1845,27.779,0.1641,0.2812,0.0000,0.2188,intermediate,0,38.619,30.0
1846,15.725,0.2524,0.3171,0.1951,0.2439,crystalline,0,4.314,20.0
1847,26.320,0.1103,0.2051,0.0000,0.1282,intermediate,0,34.213,30.0
1848,14.573,0.0702,0.1190,0.0000,0.0952,amorphous,0,4.303,20.0
1849,26.374,0.1786,0.3143,0.0000,0.2286,intermediate,0,9.739,30.0
1850,16.272,0.0720,0.1220,0.0000,0.0976,amorphous,0,14.921,20.0
1851,19.655,0.1102,0.1837,0.0612,0.0816,amorphous,0,2.360,20.0
1852,12.044,0.2192,0.3846,0.0000,0.2821,intermediate,0,1.410,20.0
1853,22.693,0.1150,0.2000,0.0000,0.1500,intermediate,0,16.885,30.0
1854,16.895,0.1436,0.2564,0.0000,0.1795,intermediate,0,19.231,20.0
1855,20.488,0.0966,0.1591,0.0000,0.1364,intermediate,0,36.750,30.0
1856,23.608,0.1387,0.2250,0.0000,0.2000,intermediate,0,11.019,30.0
1857,17.491,0.1250,0.2143,0.0000,0.1667,intermediate,0,31.790,20.0
1858,27.485,0.0803,0.0909,0.0606,0.0909,amorphous,0,11.143,30.0
1859,30.022,0.1000,0.1538,0.0000,0.1538,intermediate,0,15.341,40.0
1860,24.941,0.0562,0.0750,0.0000,0.1000,amorphous,0,7.110,30.0
1861,13.447,0.1269,0.2308,0.0000,0.1538,intermediate,0,12.368,20.0
1862,19.242,0.0745,0.1429,0.0000,0.0816,amorphous,0,1.477,20.0
1863,30.362,0.1481,0.1852,0.1111,0.1481,intermediate,0,29.106,40.0
1864,4.124,0.0696,0.1071,0.0000,0.1071,amorphous,0,0.210,6.0
1865,7.354,0.0481,0.0741,0.0000,0.0741,amorphous,0,2.134,10.0
1866,26.982,0.0868,0.1471,0.0000,0.1176,amorphous,0,8.917,30.0
1867,32.194,0.1368,0.2105,0.0000,0.2105,intermediate,0,14.894,40.0
1868,25.652,0.1378,0.1707,0.0976,0.1463,intermediate,0,13.062,30.0
1869,18.240,0.1240,0.2292,0.0000,0.1458,intermediate,0,0.698,20.0
1870,19.849,0.1689,0.2973,0.0000,0.2162,intermediate,0,3.764,20.0
1871,24.553,0.0736,0.1389,0.0000,0.0833,amorphous,0,26.289,30.0
1872,22.874,0.1302,0.2326,0.0000,0.1628,intermediate,0,15.838,30.0
1873,19.646,0.1513,0.2564,0.0000,0.2051,intermediate,0,18.729,20.0
1874,14.421,0.1541,0.1892,0.1351,0.1351,intermediate,0,12.724,20.0
1875,29.371,0.1405,0.2381,0.0000,0.1905,intermediate,0,46.147,30.0
1876,15.447,0.1057,0.1714,0.0571,0.0857,amorphous,0,14.397,20.0
1877,31.189,0.1333,0.2222,0.0000,0.1852,intermediate,0,19.257,40.0
1878,18.343,0.0929,0.1429,0.0000,0.1429,intermediate,0,32.091,20.0
1879,23.457,0.0963,0.1707,0.0000,0.1220,intermediate,0,35.488,30.0
1880,16.489,0.1068,0.1892,0.0000,0.1351,intermediate,0,11.221,20.0
1881,15.092,0.0849,0.1628,0.0000,0.0930,amorphous,0,21.862,20.0
1882,23.955,0.1288,0.2121,0.0000,0.1818,intermediate,0,41.429,30.0
1883,13.424,0.1556,0.2778,0.0000,0.1944,intermediate,0,7.520,20.0
1884,30.113,0.1411,0.2500,0.0000,0.1786,intermediate,0,32.129,40.0
1885,17.270,0.1195,0.1951,0.0000,0.1707,intermediate,0,9.593,20.0
1886,11.240,0.1975,0.3500,0.0000,0.2500,intermediate,0,-1.852,20.0
1887,14.201,0.1959,0.3514,0.0000,0.2432,intermediate,0,7.127,20.0
1888,13.255,0.0591,0.0909,0.0000,0.0909,amorphous,0,18.511,20.0
1889,24.502,0.1225,0.2000,0.0000,0.1750,intermediate,0,17.664,30.0
1890,25.211,0.1977,0.2500,0.1591,0.1818,intermediate,0,15.353,30.0
1891,14.076,0.1212,0.1515,0.0909,0.1212,intermediate,0,2.945,20.0
1892,18.932,0.1221,0.2093,0.0000,0.1628,intermediate,0,18.009,20.0
1893,19.557,0.1568,0.2727,0.0000,0.2045,intermediate,0,3.070,20.0
1894,10.535,0.1941,0.3529,0.0000,0.2353,intermediate,0,4.438,20.0
1895,31.578,0.1800,0.3000,0.0000,0.2500,intermediate,0,43.630,40.0
1896,15.971,0.1648,0.2955,0.0000,0.2045,intermediate,0,-0.760,20.0
1897,28.596,0.1682,0.2727,0.0000,0.2424,intermediate,0,39.678,30.0
1898,17.493,0.1012,0.1667,0.0000,0.1429,intermediate,0,30.944,20.0
1899,22.737,0.0548,0.0952,0.0000,0.0714,amorphous,0,4.152,30.0
1900,24.817,0.1900,0.3500,0.0000,0.2250,intermediate,0,7.102,30.0
1901,26.941,0.1861,0.2500,0.1389,0.1667,intermediate,0,19.732,30.0
1902,17.877,0.0987,0.1750,0.0000,0.1250,intermediate,0,29.355,20.0
1903,20.624,0.1313,0.2250,0.0000,0.1750,intermediate,0,30.761,30.0
1904,30.188,0.1115,0.1538,0.0000,0.1923,intermediate,0,16.889,40.0
1905,22.753,0.0667,0.1026,0.0000,0.1026,amorphous,0,7.527,30.0
1906,16.390,0.1162,0.2162,0.0000,0.1351,intermediate,0,19.773,20.0
1907,16.379,0.0793,0.1220,0.0000,0.1220,intermediate,0,22.212,20.0
1908,20.301,0.1149,0.1892,0.0000,0.1622,intermediate,0,7.078,30.0
1909,21.179,0.1000,0.1163,0.0698,0.1163,amorphous,0,7.191,30.0
1910,17.132,0.1090,0.1795,0.0000,0.1538,intermediate,0,-0.014,20.0
1911,29.038,0.2081,0.2703,0.1622,0.1892,intermediate,0,18.617,30.0
1912,16.768,0.1049,0.1951,0.0000,0.1220,intermediate,0,28.489,20.0
1913,18.687,0.1049,0.1951,0.0000,0.1220,intermediate,0,5.668,20.0
1914,28.546,0.2424,0.3030,0.1818,0.2424,intermediate,0,17.195,30.0
1915,11.474,0.1375,0.2500,0.0000,0.1667,intermediate,0,5.011,20.0
1916,28.300,0.1200,0.2000,0.0000,0.1667,intermediate,0,8.599,30.0
1917,23.558,0.1625,0.2500,0.0000,0.2500,intermediate,0,39.356,30.0
1918,28.674,0.1435,0.2609,0.0000,0.1739,intermediate,0,47.359,30.0
1919,12.297,0.1436,0.2564,0.0000,0.1795,intermediate,0,1.303,20.0
1920,15.792,0.1808,0.2308,0.1538,0.1538,intermediate,0,11.136,20.0
1921,26.899,0.1288,0.2121,0.0000,0.1818,intermediate,0,33.793,30.0
1922,30.037,0.1250,0.1923,0.0000,0.1923,intermediate,0,10.744,40.0
1923,19.585,0.1070,0.1860,0.0000,0.1395,intermediate,0,1.250,20.0
1924,12.710,0.2667,0.3333,0.2000,0.2667,crystalline,0,1.307,20.0
1925,24.314,0.1311,0.2222,0.0000,0.1778,intermediate,0,20.111,30.0
1926,9.362,0.1816,0.3158,0.0000,0.2368,intermediate,0,3.262,10.0
1927,28.271,0.1394,0.2424,0.0000,0.1818,intermediate,0,22.260,30.0
1928,28.419,0.0569,0.1034,0.0000,0.0690,amorphous,0,9.433,30.0
1929,23.796,0.1089,0.1778,0.0000,0.1556,intermediate,0,15.965,30.0
1930,22.310,0.0975,0.1500,0.0000,0.1500,intermediate,0,25.235,30.0
1931,22.343,0.1155,0.1667,0.0000,0.1905,intermediate,0,17.495,30.0
1932,19.194,0.0630,0.0870,0.0000,0.1087,amorphous,0,6.098,20.0
1933,27.767,0.1361,0.2222,0.0000,0.1944,intermediate,0,23.357,30.0
1934,20.904,0.1233,0.2326,0.0000,0.1395,intermediate,0,13.079,30.0
1935,18.110,0.0837,0.0930,0.0465,0.1163,amorphous,0,5.469,20.0
1936,17.108,0.0976,0.1220,0.0732,0.0976,amorphous,0,15.929,20.0
1937,19.038,0.1341,0.2273,0.0000,0.1818,intermediate,0,3.955,20.0
1938,22.613,0.1311,0.2222,0.0000,0.1778,intermediate,0,18.169,30.0
1939,12.882,0.2593,0.4419,0.0000,0.3488,crystalline,0,0.528,20.0
1940,10.238,0.0703,0.0938,0.0000,0.1250,amorphous,0,2.203,20.0
1941,27.302,0.1400,0.2286,0.0000,0.2000,intermediate,0,34.852,30.0
1942,15.800,0.1439,0.2439,0.0000,0.1951,intermediate,0,9.070,20.0
1943,24.448,0.0846,0.1538,0.0000,0.1026,amorphous,0,4.673,30.0
1944,11.868,0.2243,0.3714,0.0000,0.3143,intermediate,0,-1.596,20.0
1945,29.949,0.1362,0.2414,0.0000,0.1724,intermediate,0,39.567,30.0
1946,20.618,0.1062,0.1750,0.0000,0.1500,intermediate,0,7.034,30.0
1947,20.673,0.1302,0.2326,0.0000,0.1628,intermediate,0,26.234,30.0
1948,30.912,0.0842,0.1053,0.0000,0.1579,amorphous,0,42.439,40.0
1949,14.027,0.0843,0.1429,0.0000,0.1143,amorphous,0,3.502,20.0
1950,18.938,0.0702,0.1190,0.0000,0.0952,amorphous,0,11.306,20.0
1951,22.089,0.1093,0.1395,0.0930,0.0930,amorphous,0,8.252,30.0
1952,18.357,0.0476,0.0732,0.0000,0.0732,amorphous,0,18.824,20.0
1953,22.234,0.1100,0.2000,0.0000,0.1333,intermediate,0,31.627,30.0
1954,29.566,0.0722,0.1111,0.0000,0.1111,amorphous,0,13.174,30.0
1955,21.399,0.0837,0.1395,0.0000,0.1163,amorphous,0,10.164,30.0
1956,15.056,0.1784,0.3243,0.0000,0.2162,intermediate,0,-3.033,20.0
1957,21.423,0.1061,0.1463,0.0732,0.0976,amorphous,0,7.794,30.0
1958,22.312,0.1167,0.1905,0.0000,0.1667,intermediate,0,37.678,30.0
1959,25.640,0.1137,0.1750,0.0000,0.1750,intermediate,0,36.334,30.0
1960,14.838,0.1800,0.3000,0.0000,0.2500,intermediate,0,1.901,20.0
1961,29.015,0.1235,0.1765,0.0000,0.2059,intermediate,0,14.322,30.0
1962,28.927,0.1437,0.2500,0.0000,0.1875,intermediate,0,20.257,30.0
1963,22.017,0.1375,0.1591,0.1364,0.1136,intermediate,0,2.065,30.0
1964,30.203,0.2222,0.2963,0.1481,0.2222,intermediate,0,20.325,40.0
1965,14.241,0.1441,0.2353,0.0000,0.2059,intermediate,0,-2.125,20.0
1966,17.528,0.1129,0.2000,0.0000,0.1429,intermediate,0,3.405,20.0
1967,30.518,0.1919,0.3548,0.0000,0.2258,intermediate,0,22.681,40.0
1968,12.343,0.2157,0.3714,0.0000,0.2857,intermediate,0,1.078,20.0
1969,27.032,0.1351,0.1622,0.1081,0.1351,intermediate,0,30.950,30.0
1970,30.776,0.2348,0.3478,0.1739,0.1739,intermediate,0,22.002,40.0
1971,15.062,0.1136,0.1591,0.0682,0.1136,amorphous,0,14.082,20.0
1972,23.298,0.0464,0.0714,0.0000,0.0714,amorphous,0,5.005,30.0
1973,11.121,0.2029,0.3529,0.0000,0.2647,intermediate,0,-1.564,20.0
1974,28.599,0.1353,0.2353,0.0000,0.1765,intermediate,0,29.296,30.0
1975,22.784,0.1250,0.2143,0.0000,0.1667,intermediate,0,10.057,30.0
1976,20.280,0.2256,0.4146,0.0000,0.2683,intermediate,0,3.968,30.0
1977,18.404,0.1095,0.1905,0.0000,0.1429,intermediate,0,27.432,20.0
1978,23.547,0.2439,0.3659,0.1220,0.2439,intermediate,0,8.023,30.0
1979,20.579,0.0878,0.1463,0.0000,0.1220,intermediate,0,11.804,30.0
1980,32.582,0.1147,0.1765,0.0000,0.1765,intermediate,0,22.842,40.0
1981,12.005,0.1550,0.2000,0.1000,0.1667,intermediate,0,-0.099,20.0
1982,31.690,0.2268,0.2857,0.1786,0.2143,intermediate,0,20.541,40.0
1983,25.843,0.2556,0.4444,0.0000,0.3333,crystalline,0,8.828,30.0
1984,7.830,0.1290,0.1613,0.0968,0.1290,intermediate,0,0.896,10.0
1985,28.490,0.2603,0.4483,0.0000,0.3448,crystalline,0,11.465,30.0
1986,20.445,0.1214,0.2000,0.0000,0.1714,intermediate,0,25.989,30.0
1987,25.881,0.2569,0.4722,0.0000,0.3056,crystalline,0,7.392,30.0
1988,30.463,0.1250,0.1923,0.0000,0.1923,intermediate,0,37.110,40.0
1989,13.755,0.1908,0.3421,0.0000,0.2368,intermediate,0,-1.277,20.0
1990,30.457,0.1633,0.2667,0.0000,0.2333,intermediate,0,25.300,40.0
1991,21.815,0.0944,0.1556,0.0000,0.1333,intermediate,0,7.576,30.0
1992,18.225,0.1717,0.3043,0.0000,0.2174,intermediate,0,5.454,20.0
1993,31.005,0.1475,0.2500,0.0000,0.2000,intermediate,0,15.794,40.0
1994,26.169,0.0878,0.1351,0.0000,0.1351,intermediate,0,21.735,30.0
1995,16.794,0.1670,0.2766,0.0000,0.2340,intermediate,0,6.421,20.0
1996,24.733,0.1237,0.2250,0.0000,0.1500,intermediate,0,14.577,30.0
1997,15.962,0.0811,0.1556,0.0000,0.0889,amorphous,0,23.637,20.0
1998,20.842,0.0900,0.1500,0.0000,0.1250,intermediate,0,19.834,30.0
1999,31.093,0.0812,0.1250,0.0000,0.1250,intermediate,0,42.408,40.0
2000,20.020,0.1037,0.1707,0.0000,0.1463,intermediate,0,26.959,30.0
2001,22.789,0.0825,0.1500,0.0000,0.1000,amorphous,0,4.467,30.0
2002,27.112,0.1867,0.3333,0.0000,0.2333,intermediate,0,36.598,30.0
2003,24.537,0.1062,0.1750,0.0000,0.1500,intermediate,0,8.665,30.0
2004,31.185,0.0886,0.1364,0.0000,0.1364,intermediate,0,10.674,40.0
2005,15.076,0.0670,0.1136,0.0000,0.0909,amorphous,0,20.412,20.0
2006,26.780,0.1524,0.2683,0.0000,0.1951,intermediate,0,15.851,30.0
2007,21.051,0.1829,0.3421,0.0000,0.2105,intermediate,0,5.405,30.0
2008,17.963,0.1900,0.3333,0.0000,0.2444,intermediate,0,-0.980,20.0
2009,22.205,0.1571,0.2857,0.0000,0.1905,intermediate,0,2.327,30.0
2010,28.301,0.1411,0.2500,0.0000,0.1786,intermediate,0,41.424,30.0
2011,32.173,0.2000,0.2857,0.0000,0.3333,intermediate,0,12.751,40.0
2012,17.239,0.1571,0.2857,0.0000,0.1905,intermediate,0,2.580,20.0
2013,20.726,0.1266,0.2340,0.0000,0.1489,intermediate,0,13.465,30.0
2014,17.453,0.1875,0.3409,0.0000,0.2273,intermediate,0,8.019,20.0
2015,14.353,0.1921,0.3684,0.0000,0.2105,intermediate,0,7.092,20.0
2016,22.322,0.1118,0.1842,0.0000,0.1579,intermediate,0,11.265,30.0
2017,12.209,0.1338,0.2432,0.0000,0.1622,intermediate,0,-1.552,20.0
2018,19.191,0.2081,0.3953,0.0000,0.2326,intermediate,0,-1.947,20.0
2019,11.610,0.3802,0.4884,0.2791,0.3721,crystalline,0,-2.737,20.0
2020,26.978,0.0987,0.1750,0.0000,0.1250,intermediate,0,10.607,30.0
2021,24.873,0.1230,0.1892,0.0000,0.1892,intermediate,0,8.688,30.0
2022,17.230,0.1988,0.3488,0.0000,0.2558,intermediate,0,-3.404,20.0
2023,27.143,0.1429,0.1714,0.1143,0.1429,intermediate,0,5.997,30.0
2024,26.267,0.2414,0.3103,0.1724,0.2414,intermediate,0,42.337,30.0
2025,6.745,0.0968,0.1935,0.0000,0.0968,amorphous,0,-2.957,10.0
2026,28.124,0.0703,0.0938,0.0000,0.1250,amorphous,0,9.655,30.0
2027,18.994,0.1097,0.1944,0.0000,0.1389,intermediate,0,15.465,20.0
2028,12.490,0.2282,0.4103,0.0000,0.2821,intermediate,0,-1.992,20.0
2029,17.222,0.0848,0.1304,0.0000,0.1304,intermediate,0,27.083,20.0
2030,29.125,0.1580,0.2800,0.0000,0.2000,intermediate,0,43.031,30.0
2031,14.968,0.2833,0.3846,0.2051,0.2564,crystalline,0,-2.250,20.0
2032,15.517,0.0979,0.1702,0.0000,0.1277,intermediate,0,19.795,20.0
2033,18.431,0.1012,0.1667,0.0000,0.1429,intermediate,0,28.340,20.0
2034,23.428,0.1346,0.2308,0.0000,0.1795,intermediate,0,19.390,30.0
2035,13.943,0.1683,0.2927,0.0000,0.2195,intermediate,0,0.080,20.0
2036,27.319,0.1750,0.2692,0.0000,0.2692,intermediate,0,44.182,30.0
2037,29.922,0.2574,0.2963,0.1852,0.2963,crystalline,0,17.797,30.0
2038,5.590,0.1453,0.2812,0.0000,0.1562,intermediate,0,-3.181,6.0
2039,29.474,0.1048,0.1613,0.0000,0.1613,intermediate,0,14.925,30.0
2040,32.342,0.0800,0.1000,0.0000,0.1500,amorphous,0,11.771,40.0
2041,29.795,0.0793,0.1379,0.0000,0.1034,amorphous,0,14.363,30.0
2042,11.140,0.1129,0.2000,0.0000,0.1429,intermediate,0,1.674,20.0
2043,18.068,0.1414,0.1429,0.1143,0.1714,intermediate,0,10.819,20.0
2044,32.603,0.0825,0.1500,0.0000,0.1000,amorphous,0,13.338,40.0
2045,12.484,0.1125,0.1875,0.0000,0.1562,intermediate,0,0.837,20.0
2046,16.693,0.0878,0.1463,0.0000,0.1220,intermediate,0,24.688,20.0
2047,17.387,0.2207,0.2683,0.1951,0.1951,intermediate,0,4.403,20.0
2048,14.132,0.1414,0.2571,0.0000,0.1714,intermediate,0,3.500,20.0
2049,24.229,0.2676,0.4865,0.0000,0.3243,crystalline,0,4.755,30.0
2050,31.820,0.2136,0.3182,0.1364,0.1818,intermediate,0,25.126,40.0
2051,22.987,0.1256,0.2051,0.0000,0.1795,intermediate,0,20.743,30.0
2052,15.934,0.2411,0.4222,0.0000,0.3111,intermediate,0,1.668,20.0
2053,21.435,0.1346,0.2308,0.0000,0.1795,intermediate,0,14.923,30.0
2054,18.875,0.2037,0.2683,0.1463,0.1951,intermediate,0,9.680,20.0
2055,18.161,0.0744,0.1111,0.0444,0.0667,amorphous,0,15.633,20.0
2056,13.903,0.2357,0.4286,0.0000,0.2857,intermediate,0,2.636,20.0
2057,27.799,0.1288,0.2121,0.0000,0.1818,intermediate,0,5.660,30.0
2058,25.933,0.1529,0.2000,0.1143,0.1429,intermediate,0,3.983,30.0
2059,29.788,0.0963,0.1481,0.0000,0.1481,intermediate,0,27.557,30.0
2060,20.174,0.1927,0.3542,0.0000,0.2292,intermediate,0,-1.555,30.0
2061,28.143,0.0650,0.1000,0.0000,0.1000,amorphous,0,29.169,30.0
2062,27.812,0.1403,0.1935,0.0968,0.1290,intermediate,0,12.199,30.0
2063,26.924,0.0867,0.1333,0.0000,0.1333,intermediate,0,29.949,30.0
2064,13.291,0.3361,0.4444,0.2778,0.2778,crystalline,0,-3.020,20.0
2065,19.083,0.2071,0.3714,0.0000,0.2571,intermediate,0,1.417,20.0
2066,27.110,0.1953,0.3438,0.0000,0.2500,intermediate,0,31.674,30.0
2067,22.303,0.1311,0.2222,0.0000,0.1778,intermediate,0,28.365,30.0
2068,16.638,0.2064,0.2821,0.1538,0.1795,intermediate,0,-1.470,20.0
2069,29.690,0.1845,0.2414,0.1379,0.1724,intermediate,0,7.803,30.0
2070,23.145,0.0564,0.1064,0.0000,0.0638,amorphous,0,0.959,30.0
2071,18.008,0.0868,0.1579,0.0000,0.1053,amorphous,0,15.966,20.0
2072,16.373,0.1250,0.2143,0.0000,0.1667,intermediate,0,0.631,20.0
2073,26.087,0.0622,0.1081,0.0000,0.0811,amorphous,0,4.171,30.0
2074,32.051,0.1579,0.1579,0.1579,0.1579,intermediate,0,10.314,40.0
2075,19.868,0.1302,0.2326,0.0000,0.1628,intermediate,0,4.922,20.0
2076,26.230,0.1750,0.2143,0.1429,0.1667,intermediate,0,17.673,30.0
2077,30.996,0.1180,0.2000,0.0000,0.1600,intermediate,0,38.009,40.0
2078,17.036,0.0702,0.1190,0.0000,0.0952,amorphous,0,18.001,20.0
2079,31.140,0.1435,0.2609,0.0000,0.1739,intermediate,0,28.828,40.0
2080,30.852,0.1735,0.2941,0.0000,0.2353,intermediate,0,43.189,40.0
2081,23.162,0.1585,0.2439,0.0000,0.2439,intermediate,0,35.400,30.0
2082,31.735,0.2750,0.5000,0.0000,0.3333,crystalline,0,12.253,40.0
2083,16.282,0.1412,0.1500,0.1250,0.1500,intermediate,0,1.512,20.0
2084,25.594,0.1068,0.1892,0.0000,0.1351,intermediate,0,33.032,30.0
2085,17.546,0.1179,0.2051,0.0000,0.1538,intermediate,0,14.597,20.0
2086,22.534,0.0732,0.1463,0.0000,0.0732,amorphous,0,0.515,30.0
2087,16.621,0.0735,0.1224,0.0000,0.1020,amorphous,0,1.972,20.0
2088,31.560,0.1229,0.2083,0.0000,0.1667,intermediate,0,40.850,40.0
2089,15.832,0.2270,0.2973,0.1892,0.1892,intermediate,0,7.351,20.0
2090,28.358,0.1200,0.2000,0.0000,0.1667,intermediate,0,12.352,30.0
2091,27.523,0.1345,0.2069,0.0000,0.2069,intermediate,0,5.769,30.0
2092,31.462,0.1200,0.1600,0.0800,0.1200,intermediate,0,13.853,40.0
2093,26.095,0.1208,0.1389,0.1111,0.1111,amorphous,0,24.701,30.0
2094,15.968,0.0589,0.1111,0.0000,0.0667,amorphous,0,15.627,20.0
2095,26.870,0.1400,0.2286,0.0000,0.2000,intermediate,0,11.972,30.0
2096,18.053,0.2058,0.3488,0.0000,0.2791,intermediate,0,7.307,20.0
2097,24.073,0.1090,0.1795,0.0000,0.1538,intermediate,0,8.162,30.0
2098,27.924,0.0742,0.1290,0.0000,0.0968,amorphous,0,6.176,30.0
2099,16.703,0.0774,0.1190,0.0000,0.1190,amorphous,0,23.821,20.0
2100,27.192,0.1243,0.2162,0.0000,0.1622,intermediate,0,39.280,30.0
2101,24.684,0.0825,0.1500,0.0000,0.1000,amorphous,0,2.056,30.0
2102,17.859,0.1745,0.2979,0.0000,0.2340,intermediate,0,4.709,20.0
2103,18.115,0.2197,0.2895,0.1579,0.2105,intermediate,0,6.064,20.0
2104,20.858,0.1115,0.1538,0.0769,0.1026,amorphous,0,6.636,30.0
2105,25.485,0.2250,0.2941,0.1471,0.2353,intermediate,0,40.415,30.0
2106,28.389,0.2403,0.3056,0.1667,0.2500,intermediate,0,19.615,30.0
2107,26.750,0.1068,0.1892,0.0000,0.1351,intermediate,0,17.050,30.0
2108,22.871,0.1250,0.2143,0.0000,0.1667,intermediate,0,9.530,30.0
2109,23.589,0.0378,0.1081,0.0000,0.0000,amorphous,0,2.147,30.0
2110,32.522,0.1026,0.1579,0.0000,0.1579,intermediate,0,19.854,40.0
2111,12.327,0.3337,0.4348,0.2391,0.3261,crystalline,0,-2.479,20.0
2112,18.808,0.1943,0.3409,0.0000,0.2500,intermediate,0,-2.692,20.0
2113,28.074,0.2257,0.2703,0.1892,0.2162,intermediate,0,12.927,30.0
2114,15.666,0.1865,0.3243,0.0000,0.2432,intermediate,0,8.842,20.0
2115,27.185,0.1531,0.2500,0.0000,0.2188,intermediate,0,37.657,30.0
2116,30.440,0.2667,0.4762,0.0000,0.3333,crystalline,0,12.797,40.0
2117,20.897,0.0605,0.0930,0.0000,0.0930,amorphous,0,-1.387,30.0
2118,19.715,0.1090,0.1795,0.0000,0.1538,intermediate,0,3.671,20.0
2119,21.293,0.1389,0.2444,0.0000,0.1778,intermediate,0,4.103,30.0
2120,22.674,0.1595,0.1905,0.1429,0.1429,intermediate,0,-0.120,30.0
2121,19.178,0.0634,0.0976,0.0000,0.0976,amorphous,0,14.176,20.0
2122,21.076,0.1616,0.3023,0.0000,0.1860,intermediate,0,-0.456,30.0
2123,16.986,0.2857,0.4048,0.1667,0.2857,crystalline,0,6.061,20.0
2124,20.238,0.1683,0.2927,0.0000,0.2195,intermediate,0,-2.832,30.0
2125,17.719,0.1822,0.3111,0.0000,0.2444,intermediate,0,-0.096,20.0
2126,25.751,0.1261,0.2045,0.0000,0.1818,intermediate,0,24.857,30.0
2127,16.749,0.2308,0.3077,0.1538,0.2308,intermediate,0,8.583,20.0
2128,22.100,0.1238,0.1905,0.0000,0.1905,intermediate,0,34.443,30.0
2129,26.472,0.1953,0.3438,0.0000,0.2500,intermediate,0,32.754,30.0
2130,23.922,0.1193,0.2045,0.0000,0.1591,intermediate,0,14.427,30.0
2131,21.059,0.0952,0.1190,0.0714,0.0952,amorphous,0,18.752,30.0
2132,12.794,0.2693,0.4773,0.0000,0.3409,crystalline,0,-3.258,20.0
2133,32.476,0.0618,0.1765,0.0000,0.0000,amorphous,0,12.959,40.0
2134,28.941,0.0750,0.1000,0.0000,0.1333,amorphous,0,26.894,30.0
2135,26.632,0.2452,0.3226,0.1290,0.2903,intermediate,0,9.460,30.0
2136,14.876,0.1978,0.3556,0.0000,0.2444,intermediate,0,4.232,20.0
2137,16.197,0.2137,0.3750,0.0000,0.2750,intermediate,0,3.830,20.0
2138,21.115,0.1150,0.2000,0.0000,0.1500,intermediate,0,12.981,30.0
2139,18.887,0.1939,0.3659,0.0000,0.2195,intermediate,0,-3.888,20.0
2140,24.883,0.1411,0.1556,0.1333,0.1333,intermediate,0,9.663,30.0
2141,31.591,0.1437,0.2500,0.0000,0.1875,intermediate,0,14.988,40.0
2142,14.809,0.2595,0.4762,0.0000,0.3095,crystalline,0,-4.810,20.0
2143,21.676,0.0940,0.1667,0.0000,0.1190,amorphous,0,20.879,30.0
2144,32.428,0.1475,0.2500,0.0000,0.2000,intermediate,0,34.269,40.0
2145,17.583,0.1935,0.3478,0.0000,0.2391,intermediate,0,5.593,20.0
2146,29.813,0.2107,0.3571,0.0000,0.2857,intermediate,0,8.198,30.0
2147,31.855,0.1026,0.1579,0.0000,0.1579,intermediate,0,15.348,40.0
2148,17.283,0.0737,0.0750,0.0500,0.1000,amorphous,0,1.213,20.0
2149,15.007,0.2222,0.2667,0.1778,0.2222,intermediate,0,-0.442,20.0
2150,20.558,0.1622,0.3111,0.0000,0.1778,intermediate,0,3.741,30.0
2151,28.591,0.1766,0.2188,0.1250,0.1875,intermediate,0,5.290,30.0
2152,5.953,0.2074,0.2941,0.1471,0.1765,intermediate,0,-3.663,6.0
2153,14.582,0.2573,0.4634,0.0000,0.3171,crystalline,0,3.520,20.0
2154,24.005,0.1134,0.2195,0.0000,0.1220,intermediate,0,22.933,30.0
2155,26.395,0.1179,0.2051,0.0000,0.1538,intermediate,0,21.501,30.0
2156,28.582,0.1641,0.2812,0.0000,0.2188,intermediate,0,15.101,30.0
2157,30.643,0.1707,0.3103,0.0000,0.2069,intermediate,0,14.851,40.0
2158,19.362,0.1095,0.1905,0.0000,0.1429,intermediate,0,13.540,20.0
2159,29.034,0.2021,0.2917,0.0000,0.3333,intermediate,0,42.483,30.0
2160,7.846,0.1714,0.3429,0.0000,0.1714,intermediate,0,-4.412,10.0
2161,20.651,0.1043,0.1702,0.0000,0.1489,intermediate,0,23.658,30.0
2162,21.557,0.1078,0.1556,0.0000,0.1778,intermediate,0,14.804,30.0
2163,21.450,0.2238,0.4250,0.0000,0.2500,intermediate,0,-0.020,30.0
2164,21.429,0.1364,0.2727,0.0000,0.1364,intermediate,0,9.379,30.0
2165,15.396,0.3479,0.4681,0.2340,0.3404,crystalline,0,0.922,20.0
2166,30.468,0.0963,0.1481,0.0000,0.1481,intermediate,0,31.816,40.0
2167,9.632,0.1750,0.3421,0.0000,0.1842,intermediate,0,-5.029,10.0
2168,22.354,0.1650,0.3000,0.0000,0.2000,intermediate,0,-0.291,30.0
2169,26.861,0.0883,0.1667,0.0000,0.1000,amorphous,0,22.426,30.0
2170,17.674,0.2366,0.3415,0.1463,0.2195,intermediate,0,5.894,20.0
2171,18.192,0.2000,0.3478,0.0000,0.2609,intermediate,0,0.784,20.0
2172,30.809,0.1524,0.1905,0.0000,0.2857,intermediate,0,8.169,40.0
2173,18.357,0.1964,0.3571,0.0000,0.2381,intermediate,0,-1.808,20.0
2174,15.033,0.2068,0.2432,0.1622,0.2162,intermediate,0,-0.582,20.0
2175,24.586,0.1553,0.2632,0.0000,0.2105,intermediate,0,29.232,30.0
2176,31.243,0.0975,0.1500,0.0000,0.1500,intermediate,0,39.205,40.0
2177,17.535,0.0987,0.1750,0.0000,0.1250,intermediate,0,21.386,20.0
2178,30.992,0.0886,0.1364,0.0000,0.1364,intermediate,0,34.723,40.0
2179,21.706,0.1728,0.2174,0.1087,0.1957,intermediate,0,32.354,30.0
2180,17.820,0.1269,0.2308,0.0000,0.1538,intermediate,0,17.665,20.0
2181,29.692,0.2130,0.3478,0.0000,0.3043,intermediate,0,12.010,30.0
2182,23.346,0.0867,0.1333,0.0000,0.1333,intermediate,0,7.738,30.0
2183,20.455,0.2092,0.3878,0.0000,0.2449,intermediate,0,-3.660,30.0
2184,18.141,0.1964,0.3571,0.0000,0.2381,intermediate,0,-4.262,20.0
2185,32.334,0.1238,0.1905,0.0000,0.1905,intermediate,0,35.552,40.0
2186,31.624,0.0958,0.1667,0.0000,0.1250,intermediate,0,8.580,40.0
2187,25.963,0.2132,0.3824,0.0000,0.2647,intermediate,0,3.422,30.0
2188,26.724,0.1161,0.1935,0.0000,0.1613,intermediate,0,26.791,30.0
2189,23.047,0.1022,0.1778,0.0000,0.1333,intermediate,0,12.484,30.0
2190,18.151,0.2256,0.4146,0.0000,0.2683,intermediate,0,-4.287,20.0
2191,14.236,0.2538,0.4615,0.0000,0.3077,crystalline,0,-2.117,20.0
2192,24.517,0.1382,0.2368,0.0000,0.1842,intermediate,0,12.634,30.0
2193,20.411,0.1756,0.2927,0.0000,0.2439,intermediate,0,0.426,30.0
2194,11.128,0.1865,0.3243,0.0000,0.2432,intermediate,0,-1.149,20.0
2195,31.293,0.1413,0.2174,0.0000,0.2174,intermediate,0,7.467,40.0
2196,22.775,0.1436,0.2564,0.0000,0.1795,intermediate,0,-1.426,30.0
2197,20.024,0.1300,0.2000,0.0000,0.2000,intermediate,0,26.826,30.0
2198,20.634,0.1083,0.1667,0.0000,0.1667,intermediate,0,22.872,30.0
2199,7.767,0.1800,0.2286,0.1143,0.2000,intermediate,0,-2.338,10.0
2200,14.660,0.2357,0.4286,0.0000,0.2857,intermediate,0,-5.638,20.0
2201,23.265,0.1292,0.2083,0.0000,0.1875,intermediate,0,31.386,30.0
2202,18.283,0.2817,0.5122,0.0000,0.3415,crystalline,0,-5.066,20.0
2203,25.970,0.1500,0.2727,0.0000,0.1818,intermediate,0,39.102,30.0
2204,26.896,0.1484,0.2581,0.0000,0.1935,intermediate,0,27.871,30.0
2205,14.237,0.3413,0.4783,0.2174,0.3261,crystalline,0,1.808,20.0
2206,17.450,0.1798,0.3095,0.0000,0.2381,intermediate,0,5.543,20.0
2207,6.075,0.1891,0.2812,0.1250,0.1562,intermediate,0,-3.529,10.0
2208,18.156,0.1679,0.1905,0.1667,0.1429,intermediate,0,11.848,20.0
2209,17.425,0.2000,0.2500,0.1500,0.2000,intermediate,0,2.241,20.0
2210,17.823,0.1029,0.1346,0.0769,0.0962,amorphous,0,14.780,20.0
2211,18.754,0.2383,0.4255,0.0000,0.2979,intermediate,0,-0.044,20.0
2212,19.716,0.1095,0.1905,0.0000,0.1429,intermediate,0,23.779,20.0
2213,18.906,0.1909,0.2273,0.1818,0.1591,intermediate,0,10.391,20.0
2214,28.018,0.1065,0.1935,0.0000,0.1290,intermediate,0,16.700,30.0
2215,13.867,0.3179,0.4048,0.2381,0.3095,crystalline,0,-5.382,20.0
2216,20.484,0.1457,0.1957,0.1087,0.1304,intermediate,0,7.622,30.0
2217,21.547,0.1583,0.3095,0.0000,0.1667,intermediate,0,9.134,30.0
2218,27.180,0.1456,0.2647,0.0000,0.1765,intermediate,0,3.132,30.0
2219,30.571,0.1259,0.2414,0.0000,0.1379,intermediate,0,25.028,40.0
2220,27.400,0.1229,0.2286,0.0000,0.1429,intermediate,0,15.033,30.0
2221,29.058,0.1952,0.2903,0.1290,0.1613,intermediate,0,17.458,30.0
2222,28.298,0.1786,0.2143,0.1429,0.1786,intermediate,0,33.899,30.0
2223,22.255,0.1221,0.2093,0.0000,0.1628,intermediate,0,24.503,30.0
2224,28.801,0.1314,0.2286,0.0000,0.1714,intermediate,0,20.751,30.0
2225,20.845,0.1137,0.1750,0.0000,0.1750,intermediate,0,6.231,30.0
2226,12.769,0.1812,0.3250,0.0000,0.2250,intermediate,0,1.201,20.0
2227,20.740,0.1389,0.2444,0.0000,0.1778,intermediate,0,18.341,30.0
2228,16.839,0.2079,0.3684,0.0000,0.2632,intermediate,0,2.048,20.0
2229,27.942,0.1125,0.1875,0.0000,0.1562,intermediate,0,9.701,30.0
2230,28.456,0.1288,0.2121,0.0000,0.1818,intermediate,0,12.574,30.0
2231,29.805,0.0589,0.1071,0.0000,0.0714,amorphous,0,7.273,30.0
2232,21.495,0.2058,0.3488,0.0000,0.2791,intermediate,0,-1.236,30.0
2233,25.768,0.2929,0.5429,0.0000,0.3429,crystalline,0,5.046,30.0
2234,27.257,0.0485,0.0882,0.0000,0.0588,amorphous,0,4.900,30.0
2235,25.165,0.1313,0.2250,0.0000,0.1750,intermediate,0,35.064,30.0
2236,20.096,0.1114,0.1818,0.0000,0.1591,intermediate,0,2.479,30.0
2237,25.093,0.1195,0.1951,0.0000,0.1707,intermediate,0,14.290,30.0
2238,22.615,0.1964,0.3571,0.0000,0.2381,intermediate,0,-2.206,30.0
2239,18.808,0.1280,0.2195,0.0000,0.1707,intermediate,0,10.296,20.0
2240,26.151,0.1788,0.3030,0.0000,0.2424,intermediate,0,34.480,30.0
2241,19.326,0.0783,0.1304,0.0000,0.1087,amorphous,0,25.224,20.0
2242,29.152,0.2074,0.2941,0.1471,0.1765,intermediate,0,15.342,30.0
2243,29.646,0.1921,0.2632,0.1053,0.2105,intermediate,0,45.241,30.0
2244,32.492,0.2273,0.2727,0.1818,0.2273,intermediate,0,22.039,40.0
2245,30.195,0.1278,0.2222,0.0000,0.1667,intermediate,0,43.126,40.0
2246,21.422,0.1262,0.2381,0.0000,0.1429,intermediate,0,8.049,30.0
2247,30.404,0.1717,0.3043,0.0000,0.2174,intermediate,0,36.789,40.0
2248,25.482,0.1788,0.3030,0.0000,0.2424,intermediate,0,29.596,30.0
2249,27.277,0.1944,0.3333,0.0000,0.2593,intermediate,0,8.672,30.0
2250,24.572,0.1784,0.3243,0.0000,0.2162,intermediate,0,6.036,30.0
2251,16.676,0.2230,0.4054,0.0000,0.2703,intermediate,0,1.853,20.0
2252,22.508,0.1475,0.2500,0.0000,0.2000,intermediate,0,29.002,30.0
2253,27.521,0.1300,0.2000,0.0000,0.2000,intermediate,0,9.014,30.0
2254,21.595,0.0650,0.1000,0.0000,0.1000,amorphous,0,2.894,30.0
2255,21.588,0.1083,0.1667,0.0000,0.1667,intermediate,0,30.692,30.0
2256,25.046,0.1949,0.2308,0.1282,0.2308,intermediate,0,37.238,30.0
2257,22.747,0.0907,0.1395,0.0000,0.1395,intermediate,0,4.153,30.0
2258,12.065,0.2098,0.3902,0.0000,0.2439,intermediate,0,-0.265,20.0
2259,16.494,0.2012,0.2750,0.1500,0.1750,intermediate,0,-2.170,20.0
2260,21.526,0.2384,0.4419,0.0000,0.2791,intermediate,0,1.621,30.0
2261,23.956,0.2795,0.5128,0.0000,0.3333,crystalline,0,2.409,30.0
2262,15.890,0.2451,0.3415,0.1707,0.2195,intermediate,0,-3.705,20.0
2263,7.223,0.1750,0.3421,0.0000,0.1842,intermediate,0,-5.190,10.0
2264,31.066,0.1806,0.2778,0.0000,0.2778,intermediate,0,39.955,40.0
2265,16.230,0.3489,0.4565,0.2609,0.3261,crystalline,0,-3.002,20.0
2266,24.586,0.1512,0.2326,0.0000,0.2326,intermediate,0,35.370,30.0
2267,25.454,0.2389,0.4444,0.0000,0.2778,intermediate,0,0.786,30.0
2268,13.226,0.2583,0.4524,0.0000,0.3333,crystalline,0,-2.863,20.0
2269,11.367,0.2415,0.4390,0.0000,0.2927,intermediate,0,-6.160,20.0
2270,17.978,0.0924,0.1522,0.0000,0.1304,intermediate,0,19.959,20.0
2271,26.238,0.1043,0.1143,0.0857,0.1143,amorphous,0,4.923,30.0
2272,27.625,0.1292,0.2500,0.0000,0.1389,intermediate,0,36.045,30.0
2273,25.163,0.0557,0.0857,0.0000,0.0857,amorphous,0,5.969,30.0
2274,21.537,0.2230,0.4054,0.0000,0.2703,intermediate,0,-2.637,30.0
2275,27.045,0.2661,0.4839,0.0000,0.3226,crystalline,0,6.482,30.0
2276,20.441,0.1869,0.3095,0.0000,0.2619,intermediate,0,6.561,30.0
2277,21.954,0.1395,0.1628,0.1163,0.1395,intermediate,0,2.368,30.0
2278,10.490,0.1324,0.2162,0.0000,0.1892,intermediate,0,-2.024,20.0
2279,28.041,0.1769,0.3077,0.0000,0.2308,intermediate,0,39.403,30.0
2280,27.804,0.1500,0.2432,0.0000,0.2162,intermediate,0,13.866,30.0
2281,30.400,0.1182,0.1818,0.0000,0.1818,intermediate,0,11.564,40.0
2282,31.380,0.2976,0.5238,0.0000,0.3810,crystalline,0,8.468,40.0
2283,31.687,0.2048,0.3810,0.0000,0.2381,intermediate,0,17.974,40.0
2284,22.094,0.1359,0.2391,0.0000,0.1739,intermediate,0,8.274,30.0
2285,29.709,0.2760,0.4800,0.0000,0.3600,crystalline,0,9.119,30.0
2286,25.546,0.1192,0.1282,0.1026,0.1282,intermediate,0,5.430,30.0
2287,26.323,0.1250,0.2059,0.0000,0.1765,intermediate,0,11.941,30.0
2288,27.470,0.1229,0.2286,0.0000,0.1429,intermediate,0,17.556,30.0
2289,24.523,0.0837,0.1395,0.0000,0.1163,amorphous,0,2.980,30.0
2290,29.277,0.2867,0.5333,0.0000,0.3333,crystalline,0,5.851,30.0
2291,21.196,0.1658,0.3158,0.0000,0.1842,intermediate,0,1.396,30.0
2292,21.747,0.1244,0.2222,0.0000,0.1556,intermediate,0,-4.545,30.0
2293,21.037,0.1902,0.2826,0.1304,0.1522,intermediate,0,8.900,30.0
2294,31.462,0.0800,0.1000,0.0000,0.1500,amorphous,0,6.517,40.0
2295,17.570,0.2192,0.3846,0.0000,0.2821,intermediate,0,3.565,20.0
2296,14.734,0.1859,0.3261,0.0000,0.2391,intermediate,0,0.447,20.0
2297,18.147,0.2140,0.3721,0.0000,0.2791,intermediate,0,3.307,20.0
2298,21.342,0.1302,0.2292,0.0000,0.1667,intermediate,0,3.808,30.0
2299,26.620,0.1016,0.1562,0.0000,0.1562,intermediate,0,6.571,30.0
2300,20.579,0.1036,0.1429,0.0714,0.0952,amorphous,0,12.104,30.0
2301,20.501,0.0988,0.1628,0.0000,0.1395,intermediate,0,19.012,30.0
2302,31.782,0.1227,0.1818,0.0909,0.0909,amorphous,0,9.560,40.0
2303,25.661,0.0797,0.1351,0.0000,0.1081,amorphous,0,2.476,30.0
2304,30.513,0.0750,0.1154,0.0000,0.1154,amorphous,0,30.633,40.0
2305,14.491,0.2118,0.3529,0.0000,0.2941,intermediate,0,-1.105,20.0
2306,13.464,0.1692,0.3077,0.0000,0.2051,intermediate,0,-6.410,20.0
2307,31.823,0.3000,0.5455,0.0000,0.3636,crystalline,0,9.906,40.0
2308,25.666,0.1705,0.2051,0.1282,0.1795,intermediate,0,19.141,30.0
2309,11.799,0.2474,0.3077,0.1795,0.2564,intermediate,0,-2.818,20.0
2310,11.957,0.2440,0.4524,0.0000,0.2857,intermediate,0,-1.977,20.0
2311,15.013,0.2190,0.3810,0.0000,0.2857,intermediate,0,-4.228,20.0
2312,25.264,0.2929,0.5429,0.0000,0.3429,crystalline,0,1.076,30.0
2313,30.881,0.1932,0.3182,0.0000,0.2727,intermediate,0,15.703,40.0
2314,27.082,0.1486,0.1667,0.1389,0.1389,intermediate,0,0.048,30.0
2315,25.607,0.1303,0.2368,0.0000,0.1579,intermediate,0,25.930,30.0
2316,25.332,0.0639,0.1111,0.0000,0.0833,amorphous,0,0.660,30.0
2317,17.421,0.3702,0.4894,0.2766,0.3404,crystalline,0,-3.830,20.0
2318,29.481,0.1180,0.2000,0.0000,0.1600,intermediate,0,36.223,30.0
2319,17.413,0.2115,0.3846,0.0000,0.2564,intermediate,0,2.109,20.0
2320,21.354,0.1939,0.3659,0.0000,0.2195,intermediate,0,-0.353,30.0
2321,16.421,0.2920,0.5227,0.0000,0.3636,crystalline,0,-6.523,20.0
2322,31.585,0.1881,0.3333,0.0000,0.2381,intermediate,0,35.230,40.0
2323,24.421,0.1162,0.1000,0.1250,0.1250,amorphous,0,18.125,30.0
2324,16.908,0.2513,0.4474,0.0000,0.3158,crystalline,0,-5.778,20.0
2325,20.161,0.2000,0.3684,0.0000,0.2368,intermediate,0,-0.929,30.0
2326,23.229,0.1037,0.1707,0.0000,0.1463,intermediate,0,9.238,30.0
2327,28.792,0.1667,0.2000,0.1333,0.1667,intermediate,0,30.637,30.0
2328,21.717,0.1045,0.1818,0.0000,0.1364,intermediate,0,19.857,30.0
2329,26.140,0.2906,0.4062,0.1562,0.3125,crystalline,0,5.676,30.0
2330,23.783,0.1878,0.2162,0.1351,0.2162,intermediate,0,33.434,30.0
2331,16.884,0.3848,0.5000,0.2826,0.3696,crystalline,0,2.775,20.0
2332,18.670,0.3105,0.4419,0.1860,0.3023,crystalline,0,4.488,20.0
2333,28.286,0.1100,0.2000,0.0000,0.1333,intermediate,0,1.248,30.0
2334,31.820,0.1182,0.1818,0.0000,0.1818,intermediate,0,28.515,40.0
2335,20.555,0.1795,0.3182,0.0000,0.2273,intermediate,0,5.285,30.0
2336,16.350,0.2033,0.2609,0.1522,0.1957,intermediate,0,-3.449,20.0
2337,14.882,0.3733,0.4884,0.2791,0.3488,crystalline,0,-6.264,20.0
2338,25.558,0.1903,0.3226,0.0000,0.2581,intermediate,0,30.676,30.0
2339,23.049,0.1117,0.1915,0.0000,0.1489,intermediate,0,27.733,30.0
2340,30.147,0.1205,0.1364,0.0909,0.1364,intermediate,0,9.807,40.0
2341,26.877,0.1043,0.1143,0.0857,0.1143,amorphous,0,22.948,30.0
2342,19.426,0.1424,0.2391,0.0000,0.1957,intermediate,0,-0.929,20.0
2343,26.518,0.1697,0.3030,0.0000,0.2121,intermediate,0,24.692,30.0
2344,30.690,0.0565,0.0870,0.0000,0.0870,amorphous,0,21.937,40.0
2345,30.783,0.1740,0.2000,0.1600,0.1600,intermediate,0,28.445,40.0
2346,20.753,0.2562,0.4750,0.0000,0.3000,crystalline,0,-2.366,30.0
2347,25.970,0.1145,0.1316,0.1053,0.1053,amorphous,0,-1.666,30.0
2348,18.865,0.2119,0.3810,0.0000,0.2619,intermediate,0,6.606,20.0
2349,27.184,0.1538,0.1795,0.1282,0.1538,intermediate,0,7.178,30.0
2350,29.506,0.1444,0.2222,0.0000,0.2222,intermediate,0,1.855,30.0
2351,30.043,0.0929,0.1429,0.0000,0.1429,intermediate,0,23.050,40.0
2352,29.170,0.2000,0.2667,0.1333,0.2000,intermediate,0,9.120,30.0
2353,23.812,0.2575,0.3500,0.1500,0.2750,crystalline,0,3.059,30.0
2354,20.611,0.1195,0.1951,0.0000,0.1707,intermediate,0,23.075,30.0
2355,24.263,0.1400,0.2286,0.0000,0.2000,intermediate,0,-1.264,30.0
2356,19.992,0.1013,0.1795,0.0000,0.1282,intermediate,0,12.286,20.0
2357,19.348,0.0904,0.1489,0.0000,0.1277,intermediate,0,16.192,20.0
2358,13.733,0.2605,0.4651,0.0000,0.3256,crystalline,0,-5.902,20.0
2359,9.005,0.1908,0.3421,0.0000,0.2368,intermediate,0,-4.309,10.0
2360,23.276,0.0634,0.0976,0.0000,0.0976,amorphous,0,15.765,30.0
2361,19.286,0.0963,0.1707,0.0000,0.1220,intermediate,0,17.585,20.0
2362,26.953,0.2034,0.3448,0.0000,0.2759,intermediate,0,35.559,30.0
2363,17.692,0.1952,0.3333,0.0000,0.2619,intermediate,0,-1.361,20.0
2364,15.511,0.3068,0.5455,0.0000,0.3864,crystalline,0,-7.043,20.0
2365,28.798,0.2125,0.2500,0.1429,0.2500,intermediate,0,40.030,30.0
2366,32.376,0.0975,0.1500,0.0000,0.1500,intermediate,0,28.650,40.0
2367,24.568,0.0650,0.1000,0.0000,0.1000,amorphous,0,-3.810,30.0
2368,18.946,0.2171,0.3947,0.0000,0.2632,intermediate,0,5.056,20.0
2369,26.688,0.1278,0.2222,0.0000,0.1667,intermediate,0,12.108,30.0
2370,25.887,0.1243,0.2162,0.0000,0.1622,intermediate,0,3.875,30.0
2371,24.244,0.2143,0.2857,0.1429,0.2143,intermediate,0,14.473,30.0
2372,29.714,0.1000,0.1538,0.0000,0.1538,intermediate,0,2.344,30.0
2373,30.444,0.2024,0.3333,0.0000,0.2857,intermediate,0,4.414,40.0
2374,32.474,0.2457,0.3478,0.1304,0.2609,intermediate,0,18.237,40.0
2375,26.638,0.1122,0.1951,0.0000,0.1463,intermediate,0,32.294,30.0
2376,20.474,0.1977,0.2500,0.1591,0.1818,intermediate,0,-6.036,30.0
2377,18.648,0.2330,0.4318,0.0000,0.2727,intermediate,0,-6.220,20.0
2378,23.838,0.1524,0.2683,0.0000,0.1951,intermediate,0,21.283,30.0
2379,31.783,0.2300,0.2500,0.1500,0.3000,intermediate,0,13.135,40.0
2380,27.212,0.0532,0.0968,0.0000,0.0645,amorphous,0,-0.060,30.0
2381,12.918,0.1825,0.3500,0.0000,0.2000,intermediate,0,-6.742,20.0
2382,28.944,0.1183,0.1667,0.0000,0.2000,intermediate,0,23.977,30.0
2383,25.333,0.0818,0.1364,0.0000,0.1136,amorphous,0,8.678,30.0
2384,18.846,0.2345,0.4048,0.0000,0.3095,intermediate,0,0.301,20.0
2385,28.153,0.1639,0.2778,0.0000,0.2222,intermediate,0,13.843,30.0
2386,19.272,0.2537,0.3415,0.1951,0.2195,crystalline,0,8.063,20.0
2387,15.773,0.2102,0.3864,0.0000,0.2500,intermediate,0,-7.710,20.0
2388,20.719,0.1181,0.1915,0.0000,0.1702,intermediate,0,20.545,30.0
2389,25.860,0.1903,0.3226,0.0000,0.2581,intermediate,0,25.753,30.0
2390,21.258,0.2818,0.4091,0.1818,0.2500,crystalline,0,5.115,30.0
2391,22.541,0.1212,0.1750,0.0000,0.2000,intermediate,0,19.121,30.0
2392,29.211,0.1750,0.2500,0.0000,0.2917,intermediate,0,42.161,30.0
2393,25.044,0.1432,0.1622,0.1081,0.1622,intermediate,0,-3.350,30.0
2394,19.281,0.0837,0.1395,0.0000,0.1163,amorphous,0,16.739,20.0
2395,20.986,0.1943,0.3409,0.0000,0.2500,intermediate,0,-1.712,30.0
2396,30.472,0.2175,0.3000,0.1500,0.2000,intermediate,0,43.173,40.0
2397,24.681,0.2946,0.5405,0.0000,0.3514,crystalline,0,-1.561,30.0
2398,22.126,0.1068,0.1892,0.0000,0.1351,intermediate,0,7.034,30.0
2399,27.771,0.1258,0.1935,0.0000,0.1935,intermediate,0,-0.289,30.0
2400,31.817,0.1659,0.1818,0.1364,0.1818,intermediate,0,3.620,40.0
2401,21.342,0.1547,0.1860,0.1163,0.1628,intermediate,0,0.147,30.0
2402,29.418,0.1093,0.1852,0.0000,0.1481,intermediate,0,19.440,30.0
2403,20.547,0.2052,0.3542,0.0000,0.2708,intermediate,0,1.182,30.0
2404,26.365,0.1387,0.2250,0.0000,0.2000,intermediate,0,4.957,30.0
2405,25.168,0.0639,0.1111,0.0000,0.0833,amorphous,0,3.931,30.0
2406,25.281,0.1179,0.2143,0.0000,0.1429,intermediate,0,6.323,30.0
2407,19.651,0.0837,0.1395,0.0000,0.1163,amorphous,0,16.655,20.0
2408,32.368,0.1500,0.2727,0.0000,0.1818,intermediate,0,18.154,40.0
2409,18.187,0.2293,0.4130,0.0000,0.2826,intermediate,0,-5.337,20.0
2410,32.422,0.1104,0.2083,0.0000,0.1250,intermediate,0,21.726,40.0
2411,24.556,0.1050,0.1500,0.0000,0.1750,intermediate,0,14.278,30.0
2412,26.689,0.1513,0.2564,0.0000,0.2051,intermediate,0,28.428,30.0
2413,28.306,0.2000,0.2121,0.1515,0.2424,intermediate,0,26.776,30.0
2414,29.445,0.3609,0.4348,0.2609,0.3913,crystalline,0,40.462,30.0
2415,21.909,0.1549,0.1707,0.1463,0.1463,intermediate,0,8.318,30.0
2416,28.358,0.0819,0.1389,0.0000,0.1111,amorphous,0,8.863,30.0
2417,22.049,0.2535,0.4651,0.0000,0.3023,crystalline,0,-7.190,30.0
2418,30.492,0.1283,0.2174,0.0000,0.1739,intermediate,0,39.947,40.0
2419,26.843,0.1529,0.2353,0.0000,0.2353,intermediate,0,5.230,30.0
2420,28.601,0.1471,0.1765,0.1176,0.1471,intermediate,0,20.007,30.0
2421,20.743,0.1354,0.2195,0.0000,0.1951,intermediate,0,21.473,30.0
2422,11.864,0.2050,0.3500,0.0000,0.2750,intermediate,0,-4.050,20.0
2423,20.636,0.2587,0.3250,0.2000,0.2500,crystalline,0,4.797,30.0
2424,16.705,0.2278,0.4222,0.0000,0.2667,intermediate,0,0.703,20.0
2425,11.181,0.2038,0.3846,0.0000,0.2308,intermediate,0,-8.197,20.0
2426,26.217,0.1074,0.2059,0.0000,0.1176,amorphous,0,-3.492,30.0
2427,29.452,0.2379,0.4138,0.0000,0.3103,intermediate,0,1.864,30.0
2428,14.932,0.2717,0.4783,0.0000,0.3478,crystalline,0,-1.010,20.0
2429,20.451,0.2186,0.2558,0.2093,0.1860,intermediate,0,8.319,30.0
2430,18.306,0.0978,0.1304,0.0000,0.1739,intermediate,0,-3.499,20.0
2431,16.583,0.2870,0.5217,0.0000,0.3478,crystalline,0,-6.787,20.0
2432,17.952,0.1674,0.2791,0.0000,0.2326,intermediate,0,-3.970,20.0
2433,24.030,0.1535,0.2791,0.0000,0.1860,intermediate,0,7.521,30.0
2434,31.868,0.1413,0.2174,0.0000,0.2174,intermediate,0,2.524,40.0
2435,20.249,0.2396,0.4167,0.0000,0.3125,intermediate,0,2.064,30.0
2436,27.577,0.1581,0.2581,0.0000,0.2258,intermediate,0,38.317,30.0
2437,12.716,0.2345,0.4048,0.0000,0.3095,intermediate,0,-6.648,20.0
2438,17.811,0.2955,0.3864,0.2045,0.2955,crystalline,0,-4.715,20.0
2439,31.587,0.1115,0.1538,0.0000,0.1923,intermediate,0,24.715,40.0
2440,23.417,0.1359,0.2391,0.0000,0.1739,intermediate,0,5.849,30.0
2441,22.933,0.1602,0.2653,0.0000,0.2245,intermediate,0,0.212,30.0
2442,31.632,0.0793,0.1379,0.0000,0.1034,amorphous,0,17.639,40.0
2443,24.888,0.1586,0.2571,0.0000,0.2286,intermediate,0,-4.075,30.0
2444,24.740,0.0878,0.1463,0.0000,0.1220,intermediate,0,6.753,30.0
2445,25.349,0.1461,0.2368,0.0000,0.2105,intermediate,0,32.136,30.0
2446,20.724,0.2092,0.3947,0.0000,0.2368,intermediate,0,-4.984,30.0
2447,30.408,0.1080,0.1600,0.0800,0.0800,amorphous,0,3.014,40.0
2448,25.550,0.1833,0.2381,0.1429,0.1667,intermediate,0,9.256,30.0
2449,25.995,0.1769,0.3077,0.0000,0.2308,intermediate,0,22.129,30.0
2450,12.153,0.1854,0.3415,0.0000,0.2195,intermediate,0,-8.194,20.0
2451,23.557,0.2472,0.4444,0.0000,0.3056,intermediate,0,-4.765,30.0
2452,24.577,0.1936,0.3333,0.0000,0.2564,intermediate,0,2.253,30.0
2453,26.615,0.2064,0.2821,0.1538,0.1795,intermediate,0,15.339,30.0
2454,23.751,0.0825,0.1500,0.0000,0.1000,amorphous,0,14.634,30.0
2455,24.909,0.2125,0.2222,0.1944,0.2222,intermediate,0,2.613,30.0
2456,22.932,0.1462,0.2250,0.0000,0.2250,intermediate,0,27.575,30.0
2457,19.794,0.1280,0.2195,0.0000,0.1707,intermediate,0,-2.981,20.0
2458,14.175,0.2372,0.4186,0.0000,0.3023,intermediate,0,-5.858,20.0
2459,20.637,0.2750,0.5000,0.0000,0.3333,crystalline,0,-8.595,30.0
2460,24.724,0.2062,0.3750,0.0000,0.2500,intermediate,0,-5.733,30.0
2461,17.875,0.3480,0.4600,0.2600,0.3200,crystalline,0,-2.604,20.0
2462,20.765,0.2112,0.2750,0.2000,0.1500,intermediate,0,8.886,30.0
2463,27.428,0.1230,0.1892,0.0000,0.1892,intermediate,0,13.829,30.0
2464,24.458,0.0868,0.1579,0.0000,0.1053,amorphous,0,1.989,30.0
2465,23.289,0.1479,0.2766,0.0000,0.1702,intermediate,0,0.616,30.0
2466,10.138,0.2171,0.3947,0.0000,0.2632,intermediate,0,-7.315,20.0
2467,24.547,0.1963,0.4146,0.0000,0.1707,intermediate,0,7.446,30.0
2468,18.299,0.2422,0.4444,0.0000,0.2889,intermediate,0,-6.999,20.0
2469,16.068,0.3420,0.4545,0.2500,0.3182,crystalline,0,-9.168,20.0
2470,30.695,0.1463,0.2593,0.0000,0.1852,intermediate,0,36.972,40.0
2471,23.275,0.0766,0.1277,0.0000,0.1064,amorphous,0,8.340,30.0
2472,23.330,0.0464,0.0714,0.0000,0.0714,amorphous,0,13.715,30.0
2473,22.194,0.1303,0.2368,0.0000,0.1579,intermediate,0,15.150,30.0
2474,23.472,0.1595,0.2703,0.0000,0.2162,intermediate,0,16.556,30.0
2475,27.153,0.3227,0.4545,0.1818,0.3333,crystalline,0,2.699,30.0
2476,26.459,0.2047,0.3438,0.0000,0.2812,intermediate,0,32.401,30.0
2477,17.013,0.2933,0.5333,0.0000,0.3556,crystalline,0,-7.616,20.0
2478,20.484,0.2578,0.4889,0.0000,0.2889,crystalline,0,-7.968,30.0
2479,31.497,0.0929,0.1429,0.0000,0.1429,intermediate,0,27.836,40.0
2480,25.917,0.1632,0.2632,0.0000,0.2368,intermediate,0,7.534,30.0
2481,25.527,0.1788,0.3030,0.0000,0.2424,intermediate,0,27.498,30.0
2482,30.938,0.1130,0.1739,0.0000,0.1739,intermediate,0,8.226,40.0
2483,31.585,0.2800,0.5000,0.0000,0.3500,crystalline,0,6.121,40.0
2484,21.317,0.1207,0.2195,0.0000,0.1463,intermediate,0,14.283,30.0
2485,32.367,0.0765,0.1176,0.0000,0.1176,amorphous,0,5.758,40.0
2486,27.145,0.1059,0.1765,0.0000,0.1471,intermediate,0,19.866,30.0
2487,30.115,0.1463,0.2593,0.0000,0.1852,intermediate,0,12.751,40.0
2488,22.748,0.1725,0.3000,0.0000,0.2250,intermediate,0,-0.384,30.0
2489,21.129,0.1359,0.2564,0.0000,0.1538,intermediate,0,9.724,30.0
2490,21.364,0.2318,0.4091,0.0000,0.2955,intermediate,0,0.044,30.0
2491,16.882,0.3848,0.5000,0.2826,0.3696,crystalline,0,-1.721,20.0
2492,32.602,0.2071,0.2857,0.1429,0.1905,intermediate,0,9.840,40.0
2493,30.164,0.2283,0.3913,0.0000,0.3043,intermediate,0,7.113,40.0
2494,30.014,0.1481,0.1481,0.1481,0.1481,intermediate,0,-1.085,40.0
2495,28.351,0.1266,0.1875,0.0938,0.0938,amorphous,0,-2.799,30.0
2496,24.546,0.1378,0.2222,0.0000,0.2000,intermediate,0,9.766,30.0
2497,29.414,0.2946,0.5357,0.0000,0.3571,crystalline,0,3.505,30.0
2498,28.770,0.0929,0.1429,0.0000,0.1429,intermediate,0,5.589,30.0
2499,26.359,0.1039,0.1842,0.0000,0.1316,intermediate,0,4.496,30.0
2500,25.101,0.3973,0.5676,0.2432,0.3784,crystalline,0,-1.270,30.0
2501,24.722,0.1461,0.2368,0.0000,0.2105,intermediate,0,30.534,30.0
2502,21.205,0.2451,0.4314,0.0000,0.3137,intermediate,0,-3.573,30.0
2503,23.935,0.1182,0.1818,0.0000,0.1818,intermediate,0,2.278,30.0
2504,22.174,0.1543,0.2766,0.0000,0.1915,intermediate,0,-0.567,30.0
2505,29.069,0.1574,0.2593,0.0000,0.2222,intermediate,0,36.794,30.0
2506,13.821,0.2381,0.4762,0.0000,0.2381,intermediate,0,-7.570,20.0
2507,31.334,0.1150,0.2000,0.0000,0.1500,intermediate,0,1.517,40.0
2508,14.731,0.2291,0.3953,0.0000,0.3023,intermediate,0,-3.338,20.0
2509,20.981,0.2122,0.3778,0.0000,0.2667,intermediate,0,0.403,30.0
2510,18.170,0.2667,0.4762,0.0000,0.3333,crystalline,0,-1.933,20.0
2511,27.320,0.1531,0.2500,0.0000,0.2188,intermediate,0,20.927,30.0
2512,18.603,0.2477,0.4545,0.0000,0.2955,intermediate,0,-9.423,20.0
2513,25.295,0.2847,0.5278,0.0000,0.3333,crystalline,0,0.063,30.0
2514,29.803,0.2870,0.5217,0.0000,0.3478,crystalline,0,2.068,30.0
2515,21.894,0.1012,0.1667,0.0000,0.1429,intermediate,0,22.897,30.0
2516,28.569,0.1338,0.2059,0.0000,0.2059,intermediate,0,11.813,30.0
2517,26.492,0.1318,0.1515,0.1212,0.1212,intermediate,0,-5.444,30.0
2518,20.434,0.0951,0.1463,0.0000,0.1463,intermediate,0,-3.127,30.0
2519,24.802,0.1181,0.1944,0.0000,0.1667,intermediate,0,-0.199,30.0
2520,22.838,0.1707,0.2195,0.1220,0.1707,intermediate,0,6.511,30.0
2521,21.534,0.2318,0.4091,0.0000,0.2955,intermediate,0,3.660,30.0
2522,17.455,0.2329,0.4146,0.0000,0.2927,intermediate,0,-8.013,20.0
2523,29.350,0.1100,0.2000,0.0000,0.1333,intermediate,0,10.480,30.0
2524,30.593,0.1375,0.2500,0.0000,0.1667,intermediate,0,32.988,40.0
2525,17.517,0.2512,0.4524,0.0000,0.3095,crystalline,0,-1.677,20.0
2526,21.747,0.0955,0.1364,0.0000,0.1591,intermediate,0,-2.162,30.0
2527,31.256,0.1040,0.1600,0.0000,0.1600,intermediate,0,7.418,40.0
2528,19.741,0.1645,0.2895,0.0000,0.2105,intermediate,0,-7.490,20.0
2529,31.523,0.1300,0.2000,0.0000,0.2000,intermediate,0,10.299,40.0
2530,24.893,0.1736,0.3056,0.0000,0.2222,intermediate,0,17.422,30.0
2531,31.553,0.2175,0.3000,0.1500,0.2000,intermediate,0,0.416,40.0
2532,20.133,0.2245,0.4043,0.0000,0.2766,intermediate,0,-4.367,30.0
2533,25.955,0.1303,0.2368,0.0000,0.1579,intermediate,0,5.709,30.0
2534,26.811,0.0833,0.1111,0.0556,0.0833,amorphous,0,4.156,30.0
2535,27.330,0.1982,0.3214,0.0000,0.2857,intermediate,0,-2.997,30.0
2536,24.462,0.2646,0.4634,0.0000,0.3415,crystalline,0,-6.479,30.0
2537,25.916,0.1432,0.2703,0.0000,0.1622,intermediate,0,-6.618,30.0
2538,18.419,0.1768,0.3171,0.0000,0.2195,intermediate,0,-7.234,20.0
2539,23.689,0.1725,0.3000,0.0000,0.2250,intermediate,0,-8.072,30.0
2540,30.147,0.0660,0.1200,0.0000,0.0800,amorphous,0,-0.911,40.0
2541,32.480,0.1262,0.2381,0.0000,0.1429,intermediate,0,17.924,40.0
2542,23.423,0.2151,0.3953,0.0000,0.2558,intermediate,0,-3.881,30.0
2543,21.302,0.2817,0.5122,0.0000,0.3415,crystalline,0,1.330,30.0
2544,22.246,0.0909,0.1818,0.0000,0.0909,amorphous,0,11.020,30.0
2545,22.165,0.1716,0.2955,0.0000,0.2273,intermediate,0,1.757,30.0
2546,26.748,0.1303,0.2368,0.0000,0.1579,intermediate,0,24.677,30.0
2547,14.229,0.2500,0.4667,0.0000,0.2889,crystalline,0,-9.947,20.0
2548,28.282,0.1065,0.1935,0.0000,0.1290,intermediate,0,-3.230,30.0
2549,30.187,0.1017,0.1724,0.0000,0.1379,intermediate,0,13.197,40.0
2550,21.115,0.2732,0.4878,0.0000,0.3415,crystalline,0,-0.220,30.0
2551,28.938,0.3063,0.4167,0.2083,0.2917,crystalline,0,37.285,30.0
2552,27.914,0.0589,0.1071,0.0000,0.0714,amorphous,0,-4.606,30.0
2553,26.181,0.2321,0.3077,0.1795,0.2051,intermediate,0,10.611,30.0
2554,24.384,0.2311,0.4054,0.0000,0.2973,intermediate,0,-0.725,30.0
2555,24.012,0.2171,0.4000,0.0000,0.2571,intermediate,0,-6.421,30.0
2556,23.944,0.2107,0.3571,0.0000,0.2857,intermediate,0,-8.851,30.0
2557,19.274,0.3500,0.4667,0.2667,0.3111,crystalline,0,-6.116,20.0
2558,24.101,0.2326,0.3043,0.1739,0.2174,intermediate,0,5.373,30.0
2559,23.041,0.1405,0.2381,0.0000,0.1905,intermediate,0,19.839,30.0
2560,23.542,0.0975,0.1500,0.0000,0.1500,intermediate,0,15.886,30.0
2561,26.290,0.2034,0.3448,0.0000,0.2759,intermediate,0,22.672,30.0
2562,22.254,0.2052,0.3542,0.0000,0.2708,intermediate,0,3.034,30.0
2563,10.952,0.3090,0.4103,0.2308,0.2821,crystalline,0,-8.721,20.0
2564,19.915,0.3568,0.4545,0.2727,0.3409,crystalline,0,-4.353,20.0
2565,28.737,0.3000,0.5625,0.0000,0.3438,crystalline,0,-0.483,30.0
2566,14.020,0.2625,0.4773,0.0000,0.3182,crystalline,0,-9.689,20.0
2567,17.892,0.3915,0.5106,0.2979,0.3617,crystalline,0,-3.383,20.0
2568,21.917,0.2475,0.4500,0.0000,0.3000,intermediate,0,-4.713,30.0
2569,25.274,0.1288,0.1750,0.0000,0.2250,intermediate,0,23.344,30.0
2570,22.727,0.0933,0.1333,0.0000,0.1556,intermediate,0,16.814,30.0
2571,23.366,0.1137,0.1750,0.0000,0.1750,intermediate,0,23.024,30.0
2572,24.603,0.0725,0.1000,0.0000,0.1250,amorphous,0,9.692,30.0
2573,24.867,0.0947,0.1579,0.0000,0.1316,intermediate,0,-0.840,30.0
2574,16.469,0.3200,0.4444,0.2222,0.2889,crystalline,0,-6.389,20.0
2575,24.363,0.3961,0.5789,0.2368,0.3684,crystalline,0,-3.907,30.0
2576,27.803,0.1533,0.2667,0.0000,0.2000,intermediate,0,9.974,30.0
2577,24.165,0.2453,0.4419,0.0000,0.3023,intermediate,0,-5.593,30.0
2578,28.481,0.0870,0.1111,0.0741,0.0741,amorphous,0,-3.250,30.0
2579,26.395,0.1409,0.2727,0.0000,0.1515,intermediate,0,9.244,30.0
2580,21.373,0.2250,0.4091,0.0000,0.2727,intermediate,0,1.285,30.0
2581,31.614,0.0565,0.0870,0.0000,0.0870,amorphous,0,2.636,40.0
2582,29.565,0.2404,0.4231,0.0000,0.3077,intermediate,0,4.135,30.0
2583,26.256,0.2115,0.3846,0.0000,0.2564,intermediate,0,-7.446,30.0
2584,29.666,0.1154,0.1538,0.0769,0.1154,amorphous,0,3.393,30.0
2585,16.700,0.2245,0.4043,0.0000,0.2766,intermediate,0,-3.082,20.0
2586,25.344,0.1603,0.2821,0.0000,0.2051,intermediate,0,28.483,30.0
2587,13.512,0.2449,0.4359,0.0000,0.3077,intermediate,0,-6.344,20.0
2588,21.669,0.0744,0.0930,0.0000,0.1395,amorphous,0,12.878,30.0
2589,25.982,0.1737,0.2105,0.1053,0.2105,intermediate,0,31.441,30.0
2590,28.292,0.2136,0.2424,0.2121,0.1818,intermediate,0,29.177,30.0
2591,27.731,0.1143,0.1429,0.0000,0.2143,intermediate,0,35.159,30.0
2592,25.016,0.1012,0.1667,0.0000,0.1429,intermediate,0,1.525,30.0
2593,30.837,0.1413,0.2174,0.0000,0.2174,intermediate,0,20.889,40.0
2594,26.343,0.2000,0.3226,0.0000,0.2903,intermediate,0,28.558,30.0
2595,18.338,0.2140,0.3721,0.0000,0.2791,intermediate,0,-7.755,20.0
2596,30.006,0.1283,0.2174,0.0000,0.1739,intermediate,0,23.556,40.0
2597,19.239,0.2852,0.5227,0.0000,0.3409,crystalline,0,-10.049,20.0
2598,24.203,0.1524,0.2683,0.0000,0.1951,intermediate,0,-2.900,30.0
2599,14.798,0.2469,0.4375,0.0000,0.3125,intermediate,0,-4.796,20.0
2600,29.098,0.1923,0.2308,0.1538,0.1923,intermediate,0,36.191,30.0
2601,21.987,0.3349,0.4419,0.2558,0.3023,crystalline,0,3.078,30.0
2602,21.627,0.2567,0.4667,0.0000,0.3111,crystalline,0,-0.478,30.0
2603,25.506,0.1149,0.1892,0.0000,0.1622,intermediate,0,7.746,30.0
2604,28.233,0.2484,0.2812,0.1875,0.2812,intermediate,0,33.043,30.0
2605,26.284,0.0983,0.1667,0.0000,0.1333,intermediate,0,-6.625,30.0
2606,18.336,0.2800,0.5000,0.0000,0.3500,crystalline,0,-8.500,20.0
2607,32.495,0.1095,0.1905,0.0000,0.1429,intermediate,0,9.265,40.0
2608,26.088,0.1446,0.1622,0.1351,0.1351,intermediate,0,-7.703,30.0
2609,22.977,0.2618,0.3684,0.1316,0.2895,crystalline,0,-3.275,30.0
2610,26.878,0.1197,0.1842,0.0000,0.1842,intermediate,0,24.191,30.0
2611,15.465,0.2732,0.4878,0.0000,0.3415,crystalline,0,-5.507,20.0
2612,18.204,0.3341,0.4091,0.2727,0.3182,crystalline,0,-4.890,20.0
2613,23.603,0.1313,0.2250,0.0000,0.1750,intermediate,0,23.824,30.0
2614,27.978,0.1471,0.2941,0.0000,0.1471,intermediate,0,8.864,30.0
2615,22.394,0.1110,0.1707,0.0000,0.1707,intermediate,0,18.237,30.0
2616,27.942,0.3328,0.4138,0.2414,0.3448,crystalline,0,33.481,30.0
2617,20.095,0.2812,0.5000,0.0000,0.3542,crystalline,0,-7.360,30.0
2618,22.188,0.2548,0.3571,0.1667,0.2381,crystalline,0,4.277,30.0
2619,21.769,0.3098,0.3902,0.2439,0.2927,crystalline,0,4.533,30.0
2620,19.180,0.2947,0.5319,0.0000,0.3617,crystalline,0,-0.751,20.0
2621,32.025,0.1184,0.1579,0.0000,0.2105,intermediate,0,7.874,40.0
2622,30.868,0.1180,0.2000,0.0000,0.1600,intermediate,0,16.745,40.0
2623,23.716,0.1266,0.2340,0.0000,0.1489,intermediate,0,1.123,30.0
2624,31.030,0.1800,0.3000,0.0000,0.2500,intermediate,0,-1.403,40.0
2625,16.370,0.2595,0.4762,0.0000,0.3095,crystalline,0,-6.604,20.0
2626,12.422,0.2659,0.4878,0.0000,0.3171,crystalline,0,-8.094,20.0
2627,29.142,0.1613,0.2258,0.0968,0.1613,intermediate,0,8.550,30.0
2628,25.806,0.1429,0.1714,0.1143,0.1429,intermediate,0,-1.454,30.0
2629,27.940,0.1948,0.2414,0.1379,0.2069,intermediate,0,18.827,30.0
2630,19.583,0.3216,0.5682,0.0000,0.4091,crystalline,0,-10.829,20.0
2631,30.092,0.1345,0.2069,0.0000,0.2069,intermediate,0,29.335,40.0
2632,20.099,0.3698,0.5000,0.2708,0.3333,crystalline,0,-0.125,30.0
2633,22.346,0.1476,0.2381,0.0000,0.2143,intermediate,0,-4.456,30.0
2634,22.245,0.1946,0.3243,0.0000,0.2703,intermediate,0,-9.563,30.0
2635,24.528,0.1045,0.1818,0.0000,0.1364,intermediate,0,11.888,30.0
2636,21.991,0.2523,0.4419,0.0000,0.3256,crystalline,0,-10.308,30.0
2637,32.181,0.1921,0.3684,0.0000,0.2105,intermediate,0,27.441,40.0
2638,24.616,0.1405,0.2162,0.0000,0.2162,intermediate,0,26.490,30.0
2639,31.865,0.1395,0.1579,0.1053,0.1579,intermediate,0,25.426,40.0
2640,21.124,0.2106,0.3830,0.0000,0.2553,intermediate,0,-2.849,30.0
2641,26.372,0.1967,0.3333,0.0000,0.2667,intermediate,0,23.732,30.0
2642,22.728,0.1280,0.2195,0.0000,0.1707,intermediate,0,15.181,30.0
2643,18.417,0.3078,0.5556,0.0000,0.3778,crystalline,0,-2.501,20.0
2644,29.365,0.2000,0.3077,0.0000,0.3077,intermediate,0,3.689,30.0
2645,24.568,0.2610,0.3415,0.1951,0.2439,crystalline,0,4.099,30.0
2646,25.130,0.1513,0.2564,0.0000,0.2051,intermediate,0,12.754,30.0
2647,12.194,0.2475,0.4500,0.0000,0.3000,intermediate,0,-7.836,20.0
2648,28.775,0.2406,0.3438,0.1562,0.2188,intermediate,0,8.901,30.0
2649,31.780,0.2361,0.3889,0.0000,0.3333,intermediate,0,6.326,40.0
2650,19.125,0.3078,0.5556,0.0000,0.3778,crystalline,0,-10.573,20.0
2651,28.642,0.0703,0.0938,0.0000,0.1250,amorphous,0,1.207,30.0
2652,27.865,0.1597,0.2903,0.0000,0.1935,intermediate,0,7.074,30.0
2653,22.845,0.2640,0.3256,0.2093,0.2558,crystalline,0,-5.235,30.0
2654,22.791,0.2159,0.3659,0.0000,0.2927,intermediate,0,1.270,30.0
2655,24.135,0.1325,0.2500,0.0000,0.1500,intermediate,0,1.705,30.0
2656,21.672,0.1408,0.1579,0.1316,0.1316,intermediate,0,-5.077,30.0
2657,25.036,0.0976,0.0976,0.0976,0.0976,amorphous,0,10.049,30.0
2658,22.505,0.0848,0.1304,0.0000,0.1304,intermediate,0,13.478,30.0
2659,26.480,0.2845,0.5172,0.0000,0.3448,crystalline,0,-5.343,30.0
2660,31.775,0.1150,0.2000,0.0000,0.1500,intermediate,0,18.702,40.0
2661,27.829,0.1768,0.3214,0.0000,0.2143,intermediate,0,-5.634,30.0
2662,25.241,0.1903,0.3056,0.0000,0.2778,intermediate,0,-1.171,30.0
2663,22.667,0.3651,0.4884,0.2558,0.3488,crystalline,0,1.588,30.0
2664,13.213,0.3430,0.4419,0.2791,0.3023,crystalline,0,-10.433,20.0
2665,27.333,0.1162,0.1176,0.0882,0.1471,amorphous,0,11.070,30.0
2666,30.064,0.1771,0.2917,0.0000,0.2500,intermediate,0,32.966,40.0
2667,31.834,0.1523,0.2273,0.0909,0.1364,intermediate,0,12.932,40.0
2668,28.721,0.2265,0.3235,0.1471,0.2059,intermediate,0,8.730,30.0
2669,25.598,0.1526,0.2821,0.0000,0.1795,intermediate,0,-2.623,30.0
2670,29.463,0.2203,0.3125,0.1562,0.1875,intermediate,0,12.038,30.0
2671,27.560,0.1879,0.3030,0.0000,0.2727,intermediate,0,-5.021,30.0
2672,31.648,0.1477,0.2273,0.0000,0.2273,intermediate,0,33.737,40.0
2673,29.854,0.2130,0.3478,0.0000,0.3043,intermediate,0,3.330,30.0
2674,21.777,0.2079,0.3684,0.0000,0.2632,intermediate,0,-7.330,30.0
2675,23.601,0.0917,0.1667,0.0000,0.1111,amorphous,0,10.483,30.0
2676,25.545,0.0892,0.1622,0.0000,0.1081,amorphous,0,3.490,30.0
2677,31.987,0.0971,0.1765,0.0000,0.1176,amorphous,0,-0.788,40.0
2678,26.341,0.1274,0.1667,0.0952,0.1190,amorphous,0,2.977,30.0
2679,26.140,0.0676,0.1176,0.0000,0.0882,amorphous,0,11.427,30.0
2680,28.260,0.0897,0.1379,0.0000,0.1379,intermediate,0,16.023,30.0
2681,23.249,0.1022,0.1778,0.0000,0.1333,intermediate,0,19.165,30.0
2682,28.102,0.1750,0.3125,0.0000,0.2188,intermediate,0,17.748,30.0
2683,24.903,0.2070,0.3721,0.0000,0.2558,intermediate,0,-4.626,30.0
2684,25.188,0.1615,0.3077,0.0000,0.1795,intermediate,0,-2.913,30.0
2685,28.677,0.1393,0.2143,0.0000,0.2143,intermediate,0,1.808,30.0
2686,18.923,0.3694,0.4898,0.2857,0.3265,crystalline,0,-8.139,20.0
2687,26.650,0.1241,0.2069,0.0000,0.1724,intermediate,0,-7.636,30.0
2688,27.750,0.3100,0.3667,0.2333,0.3333,crystalline,0,0.712,30.0
2689,16.710,0.3789,0.4889,0.2889,0.3556,crystalline,0,-7.169,20.0
2690,17.833,0.2409,0.4545,0.0000,0.2727,intermediate,0,-4.055,20.0
2691,30.977,0.0848,0.1304,0.0000,0.1304,intermediate,0,5.562,40.0
2692,26.990,0.1867,0.3333,0.0000,0.2333,intermediate,0,14.160,30.0
2693,25.418,0.1345,0.1429,0.1190,0.1429,intermediate,0,5.119,30.0
2694,29.308,0.0821,0.1429,0.0000,0.1071,amorphous,0,16.422,30.0
2695,23.933,0.1707,0.2195,0.1220,0.1707,intermediate,0,7.490,30.0
2696,20.282,0.1575,0.3000,0.0000,0.1750,intermediate,0,-9.943,30.0
2697,12.234,0.3344,0.4444,0.2444,0.3111,crystalline,0,-9.549,20.0
2698,26.275,0.0878,0.1463,0.0000,0.1220,intermediate,0,-0.746,30.0
2699,17.456,0.2933,0.5333,0.0000,0.3556,crystalline,0,-11.401,20.0
2700,24.952,0.2195,0.2683,0.1707,0.2195,intermediate,0,6.085,30.0
2701,25.397,0.1387,0.2581,0.0000,0.1613,intermediate,0,-8.971,30.0
2702,22.354,0.2585,0.4468,0.0000,0.3404,crystalline,0,-5.146,30.0
2703,23.716,0.1846,0.3077,0.0000,0.2564,intermediate,0,-4.062,30.0
2704,29.528,0.0261,0.0000,0.0000,0.0870,amorphous,0,-3.069,30.0
2705,30.932,0.3159,0.4091,0.1818,0.3636,crystalline,0,38.364,40.0
2706,23.615,0.0756,0.1163,0.0000,0.1163,amorphous,0,9.616,30.0
2707,24.003,0.1423,0.2308,0.0000,0.2051,intermediate,0,-3.722,30.0
2708,30.060,0.2705,0.5000,0.0000,0.3182,crystalline,0,-0.279,40.0
2709,26.819,0.0833,0.1282,0.0000,0.1282,intermediate,0,5.965,30.0
2710,24.087,0.1718,0.2564,0.1026,0.1538,intermediate,0,5.938,30.0
2711,30.432,0.2520,0.2800,0.2000,0.2800,crystalline,0,19.694,40.0
2712,23.886,0.1175,0.1500,0.1000,0.1000,amorphous,0,9.176,30.0
2713,26.590,0.2176,0.2973,0.1622,0.1892,intermediate,0,4.314,30.0
2714,23.442,0.2371,0.4571,0.0000,0.2571,intermediate,0,-8.768,30.0
2715,30.357,0.1286,0.2143,0.0000,0.1786,intermediate,0,10.626,40.0
2716,23.730,0.2344,0.4222,0.0000,0.2889,intermediate,0,-3.485,30.0
2717,17.877,0.2728,0.5000,0.0000,0.3261,crystalline,0,-4.538,20.0
2718,21.124,0.1638,0.2750,0.0000,0.2250,intermediate,0,-8.135,30.0
2719,27.643,0.1806,0.3226,0.0000,0.2258,intermediate,0,18.829,30.0
2720,27.325,0.1074,0.1481,0.0000,0.1852,intermediate,0,-0.830,30.0
2721,32.318,0.1595,0.1905,0.1429,0.1429,intermediate,0,12.415,40.0
2722,25.746,0.1553,0.2632,0.0000,0.2105,intermediate,0,2.488,30.0
2723,19.168,0.2728,0.5000,0.0000,0.3261,crystalline,0,-10.529,20.0
2724,21.283,0.2170,0.3864,0.0000,0.2727,intermediate,0,-8.241,30.0
2725,29.976,0.1724,0.2414,0.1034,0.1724,intermediate,0,2.194,30.0
2726,30.928,0.2024,0.3333,0.0000,0.2857,intermediate,0,-3.547,40.0
2727,26.475,0.2781,0.5000,0.0000,0.3438,crystalline,0,-3.616,30.0
2728,30.295,0.1286,0.2143,0.0000,0.1786,intermediate,0,5.075,40.0
2729,24.408,0.1900,0.3500,0.0000,0.2250,intermediate,0,2.255,30.0
2730,28.612,0.0843,0.1429,0.0000,0.1143,amorphous,0,3.843,30.0
2731,21.408,0.2852,0.5227,0.0000,0.3409,crystalline,0,-2.457,30.0
2732,21.254,0.2722,0.5111,0.0000,0.3111,crystalline,0,-11.496,30.0
2733,16.359,0.2524,0.4762,0.0000,0.2857,crystalline,0,-11.983,20.0
2734,15.934,0.2705,0.5000,0.0000,0.3182,crystalline,0,-10.175,20.0
2735,24.667,0.1729,0.2286,0.1429,0.1429,intermediate,0,16.089,30.0
2736,25.898,0.2233,0.4186,0.0000,0.2558,intermediate,0,3.917,30.0
2737,30.860,0.2435,0.4348,0.0000,0.3043,intermediate,0,1.159,40.0
2738,30.171,0.0897,0.1379,0.0000,0.1379,intermediate,0,14.233,40.0
2739,27.866,0.1212,0.1515,0.0909,0.1212,intermediate,0,-3.383,30.0
2740,24.850,0.1560,0.2619,0.0000,0.2143,intermediate,0,1.012,30.0
2741,21.282,0.1474,0.1842,0.0789,0.1842,intermediate,0,-8.173,30.0
2742,28.834,0.2983,0.5667,0.0000,0.3333,crystalline,0,-2.829,30.0
2743,17.340,0.3886,0.5227,0.2955,0.3409,crystalline,0,-6.286,20.0
2744,28.900,0.3328,0.4483,0.2069,0.3448,crystalline,0,15.026,30.0
2745,29.071,0.1828,0.3448,0.0000,0.2069,intermediate,0,7.011,30.0
2746,27.286,0.1844,0.3125,0.0000,0.2500,intermediate,0,16.783,30.0
2747,32.203,0.1300,0.2000,0.0000,0.2000,intermediate,0,25.351,40.0
2748,21.977,0.3587,0.4750,0.2500,0.3500,crystalline,0,-9.021,30.0
2749,26.703,0.0947,0.1579,0.0000,0.1316,intermediate,0,6.794,30.0
2750,16.966,0.3691,0.4681,0.2766,0.3617,crystalline,0,-7.124,20.0
2751,24.621,0.2851,0.5135,0.0000,0.3514,crystalline,0,-10.005,30.0
2752,30.795,0.2568,0.3182,0.1818,0.2727,crystalline,0,16.191,40.0
2753,14.388,0.3342,0.4211,0.2632,0.3158,crystalline,0,-10.960,20.0
2754,31.748,0.0812,0.1250,0.0000,0.1250,intermediate,0,-3.807,40.0
2755,31.321,0.1700,0.2800,0.0000,0.2400,intermediate,0,30.085,40.0
2756,26.939,0.2607,0.5000,0.0000,0.2857,crystalline,0,-7.980,30.0
2757,23.685,0.3821,0.4762,0.3095,0.3571,crystalline,0,-0.966,30.0
2758,19.306,0.2856,0.5111,0.0000,0.3556,crystalline,0,-5.463,20.0
2759,29.026,0.1328,0.2188,0.0000,0.1875,intermediate,0,21.441,30.0
2760,27.248,0.1903,0.3226,0.0000,0.2581,intermediate,0,25.477,30.0
2761,29.828,0.2333,0.3810,0.0000,0.3333,intermediate,0,0.353,30.0
2762,28.368,0.2074,0.3704,0.0000,0.2593,intermediate,0,30.303,30.0
2763,15.045,0.2633,0.4667,0.0000,0.3333,crystalline,0,-9.293,20.0
2764,31.810,0.2348,0.3478,0.1739,0.1739,intermediate,0,12.884,40.0
2765,24.712,0.0857,0.1429,0.0000,0.1190,amorphous,0,13.579,30.0
2766,21.520,0.1964,0.3571,0.0000,0.2381,intermediate,0,-11.799,30.0
2767,31.489,0.0886,0.1364,0.0000,0.1364,intermediate,0,2.691,40.0
2768,20.115,0.2770,0.5000,0.0000,0.3400,crystalline,0,-3.911,30.0
2769,15.741,0.2744,0.5122,0.0000,0.3171,crystalline,0,-11.101,20.0
2770,19.538,0.2935,0.5217,0.0000,0.3696,crystalline,0,-11.145,20.0
2771,29.458,0.2530,0.3030,0.2121,0.2424,crystalline,0,7.391,30.0
2772,23.009,0.1812,0.3250,0.0000,0.2250,intermediate,0,-6.700,30.0
2773,30.663,0.1083,0.1667,0.0000,0.1667,intermediate,0,36.239,40.0
2774,25.814,0.0923,0.1538,0.0000,0.1282,intermediate,0,11.779,30.0
2775,20.078,0.2988,0.5349,0.0000,0.3721,crystalline,0,-12.953,30.0
2776,27.094,0.1750,0.3000,0.0000,0.2333,intermediate,0,25.248,30.0
2777,23.669,0.2711,0.4889,0.0000,0.3333,crystalline,0,-0.707,30.0
2778,29.592,0.0676,0.1176,0.0000,0.0882,amorphous,0,0.894,30.0
2779,28.743,0.1000,0.1538,0.0000,0.1538,intermediate,0,-4.903,30.0
2780,26.865,0.1405,0.2162,0.0000,0.2162,intermediate,0,4.627,30.0
2781,16.866,0.2717,0.4783,0.0000,0.3478,crystalline,0,-6.868,20.0
2782,28.919,0.0828,0.1562,0.0000,0.0938,amorphous,0,0.540,30.0
2783,21.810,0.2907,0.5116,0.0000,0.3721,crystalline,0,-1.530,30.0
2784,29.139,0.1235,0.1765,0.0000,0.2059,intermediate,0,1.293,30.0
2785,23.360,0.2793,0.5000,0.0000,0.3478,crystalline,0,0.131,30.0
2786,28.003,0.0742,0.1290,0.0000,0.0968,amorphous,0,8.619,30.0
2787,20.723,0.2119,0.3810,0.0000,0.2619,intermediate,0,-11.541,30.0
2788,16.859,0.3659,0.4634,0.2683,0.3659,crystalline,0,-9.041,20.0
2789,24.918,0.1771,0.2917,0.0000,0.2500,intermediate,0,-4.094,30.0
2790,28.015,0.3086,0.4138,0.1724,0.3448,crystalline,0,-2.284,30.0
2791,29.714,0.1393,0.2143,0.0000,0.2143,intermediate,0,29.927,30.0
2792,15.227,0.2856,0.5111,0.0000,0.3556,crystalline,0,-8.581,20.0
2793,25.633,0.2803,0.5152,0.0000,0.3333,crystalline,0,-6.254,30.0
2794,23.396,0.2245,0.4043,0.0000,0.2766,intermediate,0,-3.127,30.0
2795,25.562,0.1278,0.2222,0.0000,0.1667,intermediate,0,20.589,30.0
2796,29.409,0.1000,0.1739,0.0000,0.1304,intermediate,0,-0.927,30.0
2797,22.765,0.2677,0.4792,0.0000,0.3333,crystalline,0,-2.198,30.0
2798,21.478,0.2870,0.5217,0.0000,0.3478,crystalline,0,-5.719,30.0
2799,30.175,0.2841,0.5000,0.0000,0.3636,crystalline,0,-4.266,40.0
2800,25.064,0.2605,0.4737,0.0000,0.3158,crystalline,0,-12.381,30.0
2801,20.096,0.2734,0.4894,0.0000,0.3404,crystalline,0,-9.643,30.0
2802,30.424,0.1000,0.2000,0.0000,0.1000,amorphous,0,-8.211,40.0
2803,24.323,0.2833,0.5000,0.0000,0.3611,crystalline,0,-9.122,30.0
2804,32.501,0.1150,0.2000,0.0000,0.1500,intermediate,0,8.198,40.0
2805,20.839,0.2750,0.5000,0.0000,0.3333,crystalline,0,-12.286,30.0
2806,29.773,0.0717,0.1304,0.0000,0.0870,amorphous,0,-9.307,30.0
2807,24.738,0.0929,0.1429,0.0000,0.1429,intermediate,0,14.487,30.0
2808,27.652,0.1161,0.1935,0.0000,0.1613,intermediate,0,12.761,30.0
2809,27.332,0.2242,0.4194,0.0000,0.2581,intermediate,0,-10.975,30.0
2810,24.815,0.0690,0.0952,0.0000,0.1190,amorphous,0,11.373,30.0
2811,27.341,0.1903,0.3226,0.0000,0.2581,intermediate,0,20.553,30.0
2812,20.459,0.2652,0.4783,0.0000,0.3261,crystalline,0,-12.241,30.0
2813,21.916,0.2705,0.5000,0.0000,0.3182,crystalline,0,-8.800,30.0
2814,25.691,0.1250,0.1500,0.1000,0.1250,intermediate,0,1.508,30.0
2815,27.648,0.1547,0.2812,0.0000,0.1875,intermediate,0,9.453,30.0
2816,27.050,0.0900,0.1500,0.0000,0.1250,intermediate,0,8.027,30.0
2817,29.855,0.0750,0.1364,0.0000,0.0909,amorphous,0,-8.748,30.0
2818,28.771,0.2318,0.2727,0.1818,0.2424,intermediate,0,2.501,30.0
2819,14.304,0.2625,0.4773,0.0000,0.3182,crystalline,0,-12.506,20.0
2820,29.536,0.2167,0.3333,0.0000,0.3333,intermediate,0,-0.093,30.0
2821,23.500,0.2500,0.4667,0.0000,0.2889,crystalline,0,-0.607,30.0
2822,26.369,0.2946,0.5357,0.0000,0.3571,crystalline,0,-7.688,30.0
2823,16.841,0.2789,0.5111,0.0000,0.3333,crystalline,0,-13.474,20.0
2824,29.048,0.1093,0.1852,0.0000,0.1481,intermediate,0,12.865,30.0
2825,26.286,0.1986,0.2432,0.1622,0.1892,intermediate,0,23.311,30.0
2826,26.327,0.0797,0.1351,0.0000,0.1081,amorphous,0,7.181,30.0
2827,30.159,0.1636,0.2727,0.0000,0.2273,intermediate,0,-7.271,40.0
2828,24.050,0.2622,0.4444,0.0000,0.3556,crystalline,0,-4.006,30.0
2829,29.395,0.2045,0.3333,0.1212,0.1515,intermediate,0,6.040,30.0
2830,25.053,0.2750,0.3750,0.1750,0.2750,crystalline,0,2.299,30.0
2831,30.912,0.2675,0.3500,0.2000,0.2500,crystalline,0,35.206,40.0
2832,21.777,0.1346,0.2308,0.0000,0.1795,intermediate,0,-10.773,30.0
2833,25.978,0.1065,0.1290,0.0645,0.1290,intermediate,0,-5.605,30.0
2834,24.682,0.2485,0.4242,0.0000,0.3333,intermediate,0,-7.059,30.0
2835,31.319,0.2469,0.4375,0.0000,0.3125,intermediate,0,27.545,40.0
2836,24.670,0.2389,0.4444,0.0000,0.2778,intermediate,0,0.748,30.0
2837,16.521,0.2686,0.4884,0.0000,0.3256,crystalline,0,-12.762,20.0
2838,32.031,0.1773,0.2727,0.0000,0.2727,intermediate,0,26.101,40.0
2839,29.201,0.1031,0.1875,0.0000,0.1250,intermediate,0,13.945,30.0
2840,16.208,0.2922,0.5111,0.0000,0.3778,crystalline,0,-10.954,20.0
2841,25.247,0.0923,0.1538,0.0000,0.1282,intermediate,0,11.528,30.0
2842,21.393,0.1833,0.3333,0.0000,0.2222,intermediate,0,-11.420,30.0
2843,18.354,0.2885,0.5208,0.0000,0.3542,crystalline,0,-11.924,20.0
2844,18.836,0.2867,0.5333,0.0000,0.3333,crystalline,0,-13.732,20.0
2845,24.662,0.1707,0.3103,0.0000,0.2069,intermediate,0,-11.318,30.0
2846,20.033,0.3000,0.5581,0.0000,0.3488,crystalline,0,-11.357,30.0
2847,31.202,0.1904,0.3462,0.0000,0.2308,intermediate,0,8.237,40.0
2848,23.425,0.1214,0.2000,0.0000,0.1714,intermediate,0,-8.581,30.0
2849,31.485,0.1905,0.2381,0.1429,0.1905,intermediate,0,-0.231,40.0
2850,27.899,0.2214,0.3571,0.0000,0.3214,intermediate,0,-2.730,30.0
2851,23.587,0.2974,0.5641,0.0000,0.3333,crystalline,0,-13.209,30.0
2852,32.279,0.1026,0.1579,0.0000,0.1579,intermediate,0,5.773,40.0
2853,32.365,0.1104,0.2083,0.0000,0.1250,intermediate,0,5.249,40.0
2854,22.741,0.2551,0.4490,0.0000,0.3265,crystalline,0,-7.881,30.0
2855,24.509,0.3197,0.5526,0.0000,0.4211,crystalline,0,-10.785,30.0
2856,28.871,0.2183,0.3667,0.0000,0.3000,intermediate,0,10.298,30.0
2857,30.648,0.2118,0.3529,0.0000,0.2941,intermediate,0,0.266,40.0
2858,21.004,0.3851,0.5106,0.2979,0.3404,crystalline,0,-6.913,30.0
2859,23.744,0.2457,0.4468,0.0000,0.2979,intermediate,0,-2.242,30.0
2860,32.268,0.1238,0.1905,0.0000,0.1905,intermediate,0,21.619,40.0
2861,25.261,0.2400,0.3143,0.2000,0.2000,intermediate,0,3.705,30.0
2862,25.770,0.1869,0.3095,0.0000,0.2619,intermediate,0,-6.086,30.0
2863,21.044,0.3692,0.4615,0.3077,0.3333,crystalline,0,-13.741,30.0
2864,27.012,0.1725,0.3000,0.0000,0.2250,intermediate,0,-3.741,30.0
2865,27.566,0.0609,0.0938,0.0000,0.0938,amorphous,0,6.841,30.0
2866,27.562,0.0743,0.1143,0.0000,0.1143,amorphous,0,5.010,30.0
2867,24.864,0.1048,0.1613,0.0000,0.1613,intermediate,0,-7.252,30.0
2868,28.450,0.1241,0.2069,0.0000,0.1724,intermediate,0,28.235,30.0
2869,28.327,0.2000,0.2333,0.1667,0.2000,intermediate,0,21.138,30.0
2870,28.766,0.1031,0.1875,0.0000,0.1250,intermediate,0,-2.404,30.0
2871,26.227,0.2891,0.5312,0.0000,0.3438,crystalline,0,-11.755,30.0
2872,29.749,0.1444,0.2222,0.0000,0.2222,intermediate,0,29.248,30.0
2873,29.433,0.1917,0.3333,0.0000,0.2500,intermediate,0,-8.550,30.0
2874,18.033,0.3060,0.5476,0.0000,0.3810,crystalline,0,-10.131,20.0
2875,26.387,0.3145,0.3947,0.2105,0.3421,crystalline,0,0.842,30.0
2876,17.648,0.2561,0.4694,0.0000,0.3061,crystalline,0,-8.323,20.0
2877,28.371,0.2250,0.3462,0.0000,0.3462,intermediate,0,-3.071,30.0
2878,26.186,0.1513,0.2564,0.0000,0.2051,intermediate,0,0.491,30.0
2879,24.684,0.1686,0.3023,0.0000,0.2093,intermediate,0,-4.840,30.0
2880,29.804,0.2870,0.5217,0.0000,0.3478,crystalline,0,-6.884,30.0
2881,24.453,0.2851,0.5135,0.0000,0.3514,crystalline,0,-13.836,30.0
2882,22.041,0.3525,0.4750,0.2750,0.3000,crystalline,0,-12.028,30.0
2883,23.192,0.2434,0.4474,0.0000,0.2895,intermediate,0,-9.270,30.0
2884,25.696,0.1225,0.2000,0.0000,0.1750,intermediate,0,15.930,30.0
2885,28.608,0.1769,0.3077,0.0000,0.2308,intermediate,0,15.671,30.0
2886,28.696,0.2259,0.3793,0.0000,0.3103,intermediate,0,26.537,30.0
2887,29.641,0.1083,0.1667,0.0000,0.1667,intermediate,0,0.766,30.0
2888,15.355,0.3143,0.5714,0.0000,0.3810,crystalline,0,-11.621,20.0
2889,20.852,0.2830,0.5000,0.0000,0.3600,crystalline,0,-5.316,30.0
2890,22.357,0.2900,0.5200,0.0000,0.3600,crystalline,0,-3.655,30.0
2891,21.574,0.3000,0.5581,0.0000,0.3488,crystalline,0,-14.358,30.0
2892,27.516,0.1243,0.2162,0.0000,0.1622,intermediate,0,-2.028,30.0
2893,29.276,0.1500,0.2727,0.0000,0.1818,intermediate,0,3.700,30.0
2894,25.764,0.2405,0.4324,0.0000,0.2973,intermediate,0,-8.153,30.0
2895,29.113,0.0786,0.1429,0.0000,0.0952,amorphous,0,-10.893,30.0
2896,28.104,0.2074,0.3704,0.0000,0.2593,intermediate,0,21.634,30.0
2897,27.026,0.1607,0.2143,0.1429,0.1190,intermediate,0,-2.085,30.0
2898,23.919,0.2098,0.3902,0.0000,0.2439,intermediate,0,-3.955,30.0
2899,27.848,0.1625,0.2500,0.0000,0.2500,intermediate,0,-4.508,30.0
2900,28.989,0.1117,0.1333,0.1000,0.1000,amorphous,0,-4.661,30.0
2901,16.328,0.2793,0.5000,0.0000,0.3478,crystalline,0,-14.219,20.0
2902,16.993,0.2809,0.5106,0.0000,0.3404,crystalline,0,-10.071,20.0
2903,27.735,0.1926,0.3235,0.0000,0.2647,intermediate,0,21.517,30.0
2904,26.177,0.1361,0.2222,0.0000,0.1944,intermediate,0,-6.572,30.0
2905,17.512,0.3071,0.5714,0.0000,0.3571,crystalline,0,-11.879,20.0
2906,23.096,0.2988,0.5349,0.0000,0.3721,crystalline,0,-14.614,30.0
2907,29.990,0.1222,0.2222,0.0000,0.1481,intermediate,0,17.691,30.0
2908,26.992,0.2167,0.3333,0.0000,0.3333,intermediate,0,-5.622,30.0
2909,30.394,0.2460,0.3600,0.0000,0.4000,intermediate,0,31.363,40.0
2910,26.446,0.2068,0.2432,0.1622,0.2162,intermediate,0,3.961,30.0
2911,30.487,0.1479,0.2083,0.0000,0.2500,intermediate,0,22.190,40.0
2912,29.809,0.1672,0.2414,0.0000,0.2759,intermediate,0,26.176,30.0
2913,22.872,0.3756,0.5122,0.2683,0.3415,crystalline,0,-12.806,30.0
2914,26.134,0.2872,0.3488,0.2326,0.2791,crystalline,0,-4.264,30.0
2915,31.921,0.1200,0.2400,0.0000,0.1200,intermediate,0,3.543,40.0
2916,28.517,0.2217,0.2667,0.1667,0.2333,intermediate,0,17.532,30.0
2917,31.771,0.3083,0.5000,0.0000,0.4444,crystalline,0,28.605,40.0
2918,32.577,0.1095,0.1905,0.0000,0.1429,intermediate,0,2.115,40.0
2919,24.456,0.2182,0.3636,0.0000,0.3030,intermediate,0,-9.677,30.0
2920,32.425,0.1211,0.2105,0.0000,0.1579,intermediate,0,17.972,40.0
2921,25.426,0.1750,0.3125,0.0000,0.2188,intermediate,0,-7.505,30.0
2922,24.528,0.2226,0.3871,0.0000,0.2903,intermediate,0,-11.114,30.0
2923,19.263,0.3593,0.4651,0.3023,0.3023,crystalline,0,-11.746,20.0
2924,21.448,0.4381,0.5714,0.3333,0.4048,crystalline,0,-6.028,30.0
2925,30.902,0.2411,0.3929,0.1429,0.1786,intermediate,0,5.526,40.0
2926,17.839,0.2644,0.4889,0.0000,0.3111,crystalline,0,-9.020,20.0
2927,29.160,0.0959,0.1351,0.0000,0.1622,intermediate,0,2.664,30.0
2928,30.514,0.2333,0.2963,0.1481,0.2593,intermediate,0,3.870,40.0
2929,26.693,0.2920,0.5600,0.0000,0.3200,crystalline,0,-10.326,30.0
2930,32.464,0.0765,0.1176,0.0000,0.1176,amorphous,0,-3.436,40.0
2931,28.747,0.0978,0.1304,0.0000,0.1739,intermediate,0,-12.699,30.0
2932,29.345,0.2404,0.4231,0.0000,0.3077,intermediate,0,-12.636,30.0
2933,26.122,0.2000,0.3684,0.0000,0.2368,intermediate,0,-8.765,30.0
2934,25.292,0.2712,0.4750,0.0000,0.3500,crystalline,0,-9.902,30.0
2935,29.070,0.1222,0.2222,0.0000,0.1481,intermediate,0,13.130,30.0
2936,23.064,0.2728,0.5000,0.0000,0.3261,crystalline,0,-8.676,30.0
2937,32.532,0.2105,0.2632,0.1579,0.2105,intermediate,0,7.708,40.0
2938,27.823,0.2208,0.2778,0.1389,0.2500,intermediate,0,2.556,30.0
2939,16.751,0.2856,0.5111,0.0000,0.3556,crystalline,0,-13.960,20.0
2940,15.623,0.3000,0.5455,0.0000,0.3636,crystalline,0,-13.334,20.0
2941,32.478,0.1026,0.1579,0.0000,0.1579,intermediate,0,15.697,40.0
2942,22.594,0.3420,0.4545,0.2500,0.3182,crystalline,0,-8.626,30.0
2943,26.939,0.1125,0.1667,0.0833,0.0833,amorphous,0,5.942,30.0
2944,21.814,0.2872,0.5106,0.0000,0.3617,crystalline,0,-10.389,30.0
2945,32.173,0.1477,0.2273,0.0000,0.2273,intermediate,0,22.369,40.0
2946,27.101,0.2030,0.2727,0.1515,0.1818,intermediate,0,19.508,30.0
2947,19.978,0.3078,0.5556,0.0000,0.3778,crystalline,0,-15.186,20.0
2948,31.578,0.1417,0.1667,0.0000,0.2778,intermediate,0,33.061,40.0
2949,29.367,0.1840,0.3200,0.0000,0.2400,intermediate,0,-7.666,30.0
2950,30.180,0.2558,0.3077,0.1923,0.2692,crystalline,0,1.975,40.0
2951,28.670,0.1885,0.3077,0.0000,0.2692,intermediate,0,16.750,30.0
2952,27.869,0.2417,0.4333,0.0000,0.3000,intermediate,0,-14.094,30.0
2953,26.925,0.1645,0.2895,0.0000,0.2105,intermediate,0,-2.515,30.0
2954,26.428,0.2986,0.3784,0.2432,0.2703,crystalline,0,-3.395,30.0
2955,31.519,0.1738,0.1905,0.1429,0.1905,intermediate,0,26.022,40.0
2956,28.740,0.0629,0.0968,0.0000,0.0968,amorphous,0,3.063,30.0
2957,27.107,0.1422,0.2188,0.0000,0.2188,intermediate,0,16.095,30.0
2958,23.054,0.2809,0.5106,0.0000,0.3404,crystalline,0,-6.242,30.0
2959,27.173,0.1324,0.2162,0.0000,0.1892,intermediate,0,16.838,30.0
2960,20.493,0.2947,0.5319,0.0000,0.3617,crystalline,0,-7.696,30.0
2961,22.191,0.3924,0.5217,0.2826,0.3696,crystalline,0,-11.666,30.0
2962,20.349,0.3867,0.5111,0.2889,0.3556,crystalline,0,-10.698,30.0
2963,29.989,0.0946,0.1071,0.0714,0.1071,amorphous,0,-3.029,30.0
2964,30.268,0.2604,0.4583,0.0000,0.3333,crystalline,0,-5.176,40.0
2965,31.003,0.1852,0.2222,0.1481,0.1852,intermediate,0,3.530,40.0
2966,21.810,0.3727,0.5000,0.2727,0.3409,crystalline,0,-7.741,30.0
2967,15.983,0.2734,0.4894,0.0000,0.3404,crystalline,0,-13.078,20.0
2968,28.703,0.1633,0.2667,0.0000,0.2333,intermediate,0,24.392,30.0
2969,29.062,0.0812,0.1250,0.0000,0.1250,intermediate,0,-5.188,30.0
2970,30.389,0.2800,0.5000,0.0000,0.3500,crystalline,0,-6.613,40.0
2971,25.298,0.2762,0.3750,0.2000,0.2500,crystalline,0,-9.593,30.0
2972,28.022,0.1039,0.1842,0.0000,0.1316,intermediate,0,-3.819,30.0
2973,28.484,0.1500,0.3000,0.0000,0.1500,intermediate,0,-12.755,30.0
2974,27.898,0.2161,0.2581,0.1935,0.1935,intermediate,0,12.972,30.0
2975,20.270,0.3076,0.5435,0.0000,0.3913,crystalline,0,-14.930,30.0
2976,30.142,0.2056,0.3333,0.0000,0.2963,intermediate,0,-9.378,40.0
2977,26.592,0.2256,0.4146,0.0000,0.2683,intermediate,0,-0.649,30.0
2978,27.207,0.0722,0.1111,0.0000,0.1111,amorphous,0,6.870,30.0
2979,22.938,0.2935,0.5217,0.0000,0.3696,crystalline,0,-5.984,30.0
2980,32.231,0.0765,0.1176,0.0000,0.1176,amorphous,0,-6.260,40.0
2981,29.171,0.2386,0.4091,0.0000,0.3182,intermediate,0,-5.962,30.0
2982,30.603,0.0750,0.1154,0.0000,0.1154,amorphous,0,-0.036,40.0
2983,28.265,0.1109,0.1562,0.0000,0.1875,intermediate,0,8.699,30.0
2984,26.507,0.2472,0.4444,0.0000,0.3056,intermediate,0,-1.275,30.0
2985,25.797,0.2628,0.4872,0.0000,0.3077,crystalline,0,-4.492,30.0
2986,29.301,0.1919,0.2581,0.0968,0.2258,intermediate,0,1.899,30.0
2987,28.665,0.2056,0.2778,0.1667,0.1667,intermediate,0,-0.715,30.0
2988,25.845,0.2397,0.3333,0.1538,0.2308,intermediate,0,-7.879,30.0
2989,26.680,0.2513,0.4474,0.0000,0.3158,crystalline,0,-1.486,30.0
2990,25.639,0.2086,0.4000,0.0000,0.2286,intermediate,0,-2.988,30.0
2991,28.416,0.2640,0.4800,0.0000,0.3200,crystalline,0,-12.597,30.0
2992,25.207,0.1735,0.2941,0.0000,0.2353,intermediate,0,-10.481,30.0
2993,26.489,0.3345,0.4524,0.2381,0.3095,crystalline,0,-2.943,30.0
2994,28.026,0.1419,0.2432,0.0000,0.1892,intermediate,0,-4.445,30.0
2995,25.525,0.1200,0.2000,0.0000,0.1667,intermediate,0,-10.123,30.0
2996,32.356,0.0917,0.1667,0.0000,0.1111,amorphous,0,-4.012,40.0
2997,19.212,0.3000,0.5333,0.0000,0.3778,crystalline,0,-10.653,20.0
2998,30.816,0.1341,0.2273,0.0000,0.1818,intermediate,0,10.767,40.0
2999,28.312,0.0532,0.0968,0.0000,0.0645,amorphous,0,2.885,30.0
3000,32.612,0.2556,0.4444,0.0000,0.3333,crystalline,0,8.396,40.0
3001,24.530,0.1931,0.3611,0.0000,0.2222,intermediate,0,-15.326,30.0
3002,29.009,0.1735,0.2941,0.0000,0.2353,intermediate,0,1.101,30.0
3003,20.865,0.2935,0.5217,0.0000,0.3696,crystalline,0,-9.813,30.0
3004,27.724,0.2604,0.4583,0.0000,0.3333,crystalline,0,-10.035,30.0
3005,29.002,0.0812,0.1250,0.0000,0.1250,intermediate,0,1.232,30.0
3006,25.506,0.1704,0.2963,0.0000,0.2222,intermediate,0,-13.664,30.0
3007,31.320,0.1083,0.1667,0.0000,0.1667,intermediate,0,29.295,40.0
3008,17.998,0.3216,0.5682,0.0000,0.4091,crystalline,0,-12.367,20.0
3009,28.366,0.1456,0.2647,0.0000,0.1765,intermediate,0,-2.611,30.0
3010,20.923,0.3216,0.5682,0.0000,0.4091,crystalline,0,-10.910,30.0
3011,22.278,0.2830,0.5000,0.0000,0.3600,crystalline,0,-7.440,30.0
3012,25.636,0.2500,0.4595,0.0000,0.2973,crystalline,0,-12.550,30.0
3013,28.781,0.2080,0.3200,0.0000,0.3200,intermediate,0,-6.408,30.0
3014,20.677,0.2948,0.5208,0.0000,0.3750,crystalline,0,-9.102,30.0
3015,29.044,0.2310,0.3103,0.1724,0.2069,intermediate,0,0.940,30.0
3016,22.753,0.3068,0.5455,0.0000,0.3864,crystalline,0,-9.248,30.0
3017,17.227,0.3783,0.5000,0.2826,0.3478,crystalline,0,-14.739,20.0
3018,30.477,0.1259,0.2414,0.0000,0.1379,intermediate,0,-6.053,40.0
3019,24.729,0.2770,0.5135,0.0000,0.3243,crystalline,0,-16.072,30.0
3020,19.323,0.2885,0.5208,0.0000,0.3542,crystalline,0,-15.709,20.0
3021,27.533,0.2848,0.3333,0.2727,0.2424,crystalline,0,-3.348,30.0
3022,28.106,0.1364,0.2727,0.0000,0.1364,intermediate,0,-14.843,30.0
3023,29.938,0.3000,0.5455,0.0000,0.3636,crystalline,0,-9.230,30.0
3024,24.173,0.2161,0.3226,0.1290,0.1935,intermediate,0,-13.776,30.0
3025,26.470,0.1768,0.3214,0.0000,0.2143,intermediate,0,-15.584,30.0
3026,28.280,0.3058,0.4231,0.1538,0.3462,crystalline,0,-8.600,30.0
3027,27.668,0.2342,0.4211,0.0000,0.2895,intermediate,0,-8.932,30.0
3028,31.335,0.1571,0.2857,0.0000,0.1905,intermediate,0,18.440,40.0
3029,22.139,0.3687,0.4792,0.2708,0.3542,crystalline,0,-12.411,30.0
3030,24.422,0.2837,0.5116,0.0000,0.3488,crystalline,0,-5.060,30.0
3031,23.293,0.2902,0.5366,0.0000,0.3415,crystalline,0,-10.070,30.0
3032,31.106,0.1036,0.1429,0.0000,0.1786,intermediate,0,-2.572,40.0
3033,22.120,0.2867,0.5333,0.0000,0.3333,crystalline,0,-15.768,30.0
3034,30.806,0.0667,0.0833,0.0000,0.1250,amorphous,0,5.298,40.0
3035,30.742,0.1635,0.2692,0.0000,0.2308,intermediate,0,11.827,40.0
3036,30.018,0.2386,0.4091,0.0000,0.3182,intermediate,0,23.359,40.0
3037,23.125,0.2628,0.4872,0.0000,0.3077,crystalline,0,-14.640,30.0
3038,28.160,0.2591,0.4545,0.0000,0.3333,crystalline,0,-1.230,30.0
3039,18.389,0.2947,0.5319,0.0000,0.3617,crystalline,0,-12.108,20.0
3040,29.158,0.1786,0.3143,0.0000,0.2286,intermediate,0,-7.270,30.0
3041,28.590,0.1016,0.1562,0.0000,0.1562,intermediate,0,9.758,30.0
3042,23.633,0.2800,0.5000,0.0000,0.3500,crystalline,0,-6.774,30.0
3043,30.744,0.0963,0.1481,0.0000,0.1481,intermediate,0,5.824,40.0
3044,29.482,0.1771,0.2917,0.0000,0.2500,intermediate,0,18.476,30.0
3045,27.976,0.2310,0.2759,0.2069,0.2069,intermediate,0,-0.080,30.0
3046,29.876,0.1895,0.3158,0.0000,0.2632,intermediate,0,-6.068,30.0
3047,24.448,0.2789,0.5263,0.0000,0.3158,crystalline,0,-15.813,30.0
3048,28.604,0.1000,0.1379,0.0000,0.1724,intermediate,0,8.293,30.0
3049,23.184,0.3450,0.4750,0.2750,0.2750,crystalline,0,-16.623,30.0
3050,24.888,0.1241,0.2069,0.0000,0.1724,intermediate,0,-14.451,30.0
3051,27.904,0.2016,0.3548,0.0000,0.2581,intermediate,0,0.176,30.0
3052,21.409,0.4114,0.5455,0.3182,0.3636,crystalline,0,-11.526,30.0
3053,25.857,0.2557,0.4773,0.0000,0.2955,crystalline,0,-4.434,30.0
3054,32.199,0.1067,0.1333,0.0000,0.2000,intermediate,0,-6.835,40.0
3055,32.493,0.0952,0.1905,0.0000,0.0952,amorphous,0,11.228,40.0
3056,24.798,0.2676,0.4865,0.0000,0.3243,crystalline,0,-13.378,30.0
3057,24.791,0.3600,0.4750,0.2750,0.3250,crystalline,0,-6.717,30.0
3058,25.438,0.2912,0.5294,0.0000,0.3529,crystalline,0,-14.314,30.0
3059,31.596,0.2000,0.3333,0.0000,0.2778,intermediate,0,28.282,40.0
3060,30.149,0.2375,0.2917,0.2083,0.2083,intermediate,0,13.879,40.0
3061,28.582,0.2671,0.3143,0.2286,0.2571,crystalline,0,-3.038,30.0
3062,32.406,0.2540,0.3200,0.2000,0.2400,crystalline,0,0.549,40.0
3063,30.126,0.0500,0.0769,0.0000,0.0769,amorphous,0,3.812,40.0
3064,21.723,0.3144,0.5556,0.0000,0.4000,crystalline,0,-14.886,30.0
3065,27.088,0.2839,0.5357,0.0000,0.3214,crystalline,0,-15.282,30.0
3066,32.019,0.0635,0.1154,0.0000,0.0769,amorphous,0,-2.882,40.0
3067,25.045,0.3125,0.5833,0.0000,0.3611,crystalline,0,-16.738,30.0
3068,19.193,0.2919,0.5349,0.0000,0.3488,crystalline,0,-16.291,20.0
3069,19.534,0.2705,0.5000,0.0000,0.3182,crystalline,0,-11.834,20.0
3070,28.070,0.1944,0.3333,0.0000,0.2593,intermediate,0,-9.046,30.0
3071,30.766,0.0741,0.1481,0.0000,0.0741,amorphous,0,-2.121,40.0
3072,21.209,0.2920,0.5227,0.0000,0.3636,crystalline,0,-17.259,30.0
3073,18.034,0.2870,0.5217,0.0000,0.3478,crystalline,0,-13.857,20.0
3074,25.613,0.1625,0.2500,0.0000,0.2500,intermediate,0,-13.119,30.0
3075,23.607,0.3769,0.5128,0.2564,0.3590,crystalline,0,-16.592,30.0
3076,25.914,0.2466,0.4318,0.0000,0.3182,intermediate,0,-9.504,30.0
3077,27.963,0.1595,0.3333,0.0000,0.1429,intermediate,0,-15.102,30.0
3078,28.756,0.2038,0.3846,0.0000,0.2308,intermediate,0,-0.075,30.0
3079,28.164,0.2372,0.4359,0.0000,0.2821,intermediate,0,-2.685,30.0
3080,29.857,0.1720,0.3200,0.0000,0.2000,intermediate,0,17.342,30.0
3081,27.900,0.2545,0.4545,0.0000,0.3182,crystalline,0,-12.673,30.0
3082,19.834,0.2870,0.5217,0.0000,0.3478,crystalline,0,-14.483,20.0
3083,28.586,0.2413,0.3913,0.0000,0.3478,intermediate,0,-9.406,30.0
3084,21.613,0.3011,0.5319,0.0000,0.3830,crystalline,0,-15.451,30.0
3085,31.965,0.1104,0.2083,0.0000,0.1250,intermediate,0,4.487,40.0
3086,27.953,0.2405,0.4324,0.0000,0.2973,intermediate,0,-7.792,30.0
3087,29.143,0.1200,0.2000,0.0000,0.1667,intermediate,0,12.516,30.0
3088,30.457,0.1636,0.2727,0.0000,0.2273,intermediate,0,13.572,40.0
3089,29.224,0.0867,0.1333,0.0000,0.1333,intermediate,0,7.202,30.0
3090,30.589,0.0842,0.1053,0.0000,0.1579,amorphous,0,3.776,40.0
3091,30.830,0.1593,0.2963,0.0000,0.1852,intermediate,0,-8.997,40.0
3092,30.774,0.0929,0.1429,0.0000,0.1429,intermediate,0,-1.361,40.0
3093,29.547,0.2327,0.3077,0.1923,0.1923,intermediate,0,16.330,30.0
3094,27.472,0.2412,0.3250,0.1500,0.2500,intermediate,0,-8.367,30.0
3095,26.191,0.2809,0.5000,0.0000,0.3529,crystalline,0,-13.430,30.0
3096,22.405,0.3058,0.5349,0.0000,0.3953,crystalline,0,-16.547,30.0
3097,27.071,0.2480,0.4000,0.0000,0.3600,intermediate,0,-13.459,30.0
3098,30.629,0.1696,0.2609,0.0000,0.2609,intermediate,0,21.234,40.0
3099,23.861,0.3698,0.5000,0.2708,0.3333,crystalline,0,-8.846,30.0
3100,31.620,0.1659,0.3182,0.0000,0.1818,intermediate,0,0.492,40.0
3101,30.157,0.1040,0.1600,0.0000,0.1600,intermediate,0,9.221,40.0
3102,31.867,0.2000,0.2500,0.1500,0.2000,intermediate,0,22.266,40.0
3103,24.213,0.2962,0.5385,0.0000,0.3590,crystalline,0,-17.517,30.0
3104,20.049,0.3291,0.5814,0.0000,0.4186,crystalline,0,-15.407,30.0
3105,30.788,0.1704,0.2963,0.0000,0.2222,intermediate,0,-1.243,40.0
3106,25.084,0.2795,0.5128,0.0000,0.3333,crystalline,0,-18.144,30.0
3107,26.563,0.3000,0.5455,0.0000,0.3636,crystalline,0,-16.027,30.0
3108,20.570,0.2907,0.5116,0.0000,0.3721,crystalline,0,-16.710,30.0
3109,19.658,0.2933,0.5333,0.0000,0.3556,crystalline,0,-17.746,20.0
3110,30.815,0.3333,0.4167,0.2500,0.3333,crystalline,0,19.555,40.0
3111,23.211,0.3766,0.4894,0.2766,0.3617,crystalline,0,-10.559,30.0
3112,32.359,0.1095,0.1905,0.0000,0.1429,intermediate,0,9.895,40.0
3113,26.784,0.2244,0.3902,0.0000,0.2927,intermediate,0,-7.484,30.0
3114,28.638,0.2062,0.3750,0.0000,0.2500,intermediate,0,-3.131,30.0
3115,31.979,0.0640,0.0800,0.0000,0.1200,amorphous,0,4.360,40.0
3116,23.386,0.3000,0.5581,0.0000,0.3488,crystalline,0,-13.916,30.0
3117,20.476,0.2812,0.5000,0.0000,0.3542,crystalline,0,-13.599,30.0
3118,20.923,0.3068,0.5455,0.0000,0.3864,crystalline,0,-18.005,30.0
3119,29.669,0.0929,0.1429,0.0000,0.1429,intermediate,0,7.613,30.0
3120,27.140,0.1904,0.3462,0.0000,0.2308,intermediate,0,-14.264,30.0
3121,26.730,0.2782,0.4872,0.0000,0.3590,crystalline,0,-6.728,30.0
3122,25.577,0.2929,0.5429,0.0000,0.3429,crystalline,0,-16.336,30.0
3123,29.276,0.2250,0.4091,0.0000,0.2727,intermediate,0,-17.621,30.0
3124,30.523,0.2125,0.3500,0.0000,0.3000,intermediate,0,-12.909,40.0
3125,31.173,0.0565,0.0870,0.0000,0.0870,amorphous,0,4.855,40.0
3126,31.940,0.3675,0.4500,0.3000,0.3500,crystalline,0,24.439,40.0
3127,29.900,0.1500,0.2069,0.1034,0.1379,intermediate,0,1.650,30.0
3128,22.679,0.3078,0.5556,0.0000,0.3778,crystalline,0,-11.481,30.0
3129,29.219,0.1475,0.2500,0.0000,0.2000,intermediate,0,-10.927,30.0
3130,28.304,0.2283,0.3913,0.0000,0.3043,intermediate,0,-12.023,30.0
3131,29.876,0.2086,0.2414,0.2069,0.1724,intermediate,0,11.504,30.0
3132,26.281,0.2917,0.5000,0.0000,0.3889,crystalline,0,-15.142,30.0
3133,32.018,0.0913,0.1739,0.0870,0.0000,amorphous,0,0.928,40.0
3134,24.570,0.3351,0.4255,0.2766,0.2979,crystalline,0,-9.086,30.0
3135,29.082,0.2900,0.5200,0.0000,0.3600,crystalline,0,-16.994,30.0
3136,19.073,0.3214,0.5714,0.0000,0.4048,crystalline,0,-16.864,20.0
3137,24.763,0.3061,0.5610,0.0000,0.3659,crystalline,0,-9.769,30.0
3138,21.593,0.3011,0.5319,0.0000,0.3830,crystalline,0,-16.197,30.0
3139,27.874,0.1875,0.3214,0.0000,0.2500,intermediate,0,-13.833,30.0
3140,26.476,0.1667,0.2083,0.1250,0.1667,intermediate,0,-17.089,30.0
3141,22.784,0.3143,0.5714,0.0000,0.3810,crystalline,0,-18.715,30.0
3142,32.580,0.0727,0.0909,0.0000,0.1364,amorphous,0,2.002,40.0
3143,20.436,0.3221,0.5814,0.0000,0.3953,crystalline,0,-17.119,30.0
3144,29.583,0.3141,0.4062,0.2500,0.2812,crystalline,0,-5.272,30.0
3145,28.939,0.1724,0.2414,0.1034,0.1724,intermediate,0,-5.792,30.0
3146,23.931,0.2902,0.5366,0.0000,0.3415,crystalline,0,-18.971,30.0
3147,27.614,0.2741,0.5172,0.0000,0.3103,crystalline,0,-18.400,30.0
3148,23.198,0.3058,0.5349,0.0000,0.3953,crystalline,0,-15.665,30.0
3149,27.141,0.2905,0.4324,0.1892,0.2432,crystalline,0,-5.888,30.0
3150,25.879,0.2344,0.4222,0.0000,0.2889,intermediate,0,-12.152,30.0
3151,31.150,0.1978,0.3043,0.0000,0.3043,intermediate,0,14.632,40.0
3152,22.922,0.2948,0.5208,0.0000,0.3750,crystalline,0,-11.225,30.0
3153,25.805,0.3432,0.4773,0.2500,0.2955,crystalline,0,-8.219,30.0
3154,26.150,0.2833,0.5238,0.0000,0.3333,crystalline,0,-10.027,30.0
3155,21.485,0.2888,0.5102,0.0000,0.3673,crystalline,0,-12.887,30.0
3156,26.571,0.1768,0.3214,0.0000,0.2143,intermediate,0,-17.561,30.0
3157,20.940,0.2770,0.5000,0.0000,0.3400,crystalline,0,-15.312,30.0
3158,29.569,0.3257,0.4571,0.2286,0.2857,crystalline,0,-5.016,30.0
3159,27.846,0.1238,0.1905,0.0000,0.1905,intermediate,0,-13.906,30.0
3160,30.750,0.1288,0.1538,0.1154,0.1154,amorphous,0,-8.253,40.0
3161,28.779,0.2457,0.4571,0.0000,0.2857,intermediate,0,-4.176,30.0
3162,24.363,0.3603,0.5128,0.2308,0.3333,crystalline,0,-17.165,30.0
3163,32.369,0.1469,0.3125,0.0000,0.1250,intermediate,0,0.480,40.0
3164,22.367,0.2817,0.5122,0.0000,0.3415,crystalline,0,-18.826,30.0
3165,25.194,0.3744,0.5122,0.2439,0.3659,crystalline,0,-11.270,30.0
3166,32.042,0.0640,0.0800,0.0000,0.1200,amorphous,0,-0.601,40.0
3167,27.813,0.1531,0.2500,0.0000,0.2188,intermediate,0,-9.146,30.0
3168,28.273,0.2922,0.4062,0.1875,0.2812,crystalline,0,-13.122,30.0
3169,31.076,0.1450,0.1333,0.1667,0.1333,intermediate,0,-7.027,40.0
3170,28.427,0.2472,0.4444,0.0000,0.3056,intermediate,0,-8.278,30.0
3171,28.185,0.3447,0.4737,0.2632,0.2895,crystalline,0,-6.470,30.0
3172,27.784,0.1795,0.3182,0.0000,0.2273,intermediate,0,-16.010,30.0
3173,28.158,0.1375,0.2500,0.0000,0.1667,intermediate,0,-18.524,30.0
3174,31.310,0.0650,0.1000,0.0000,0.1000,amorphous,0,2.730,40.0
3175,28.488,0.2565,0.4839,0.0000,0.2903,crystalline,0,-12.461,30.0
3176,28.338,0.2047,0.3438,0.0000,0.2812,intermediate,0,-6.515,30.0
3177,30.653,0.2400,0.4800,0.0000,0.2400,intermediate,0,-4.065,40.0
3178,31.846,0.0591,0.0909,0.0000,0.0909,amorphous,0,4.408,40.0
3179,20.249,0.3144,0.5556,0.0000,0.4000,crystalline,0,-18.525,30.0
3180,22.113,0.2920,0.5227,0.0000,0.3636,crystalline,0,-19.495,30.0
3181,32.606,0.1000,0.2000,0.0000,0.1000,amorphous,0,-5.943,40.0
3182,30.066,0.2036,0.2857,0.1429,0.1786,intermediate,0,-4.093,40.0
3183,23.085,0.3148,0.5682,0.0000,0.3864,crystalline,0,-14.439,30.0
3184,27.620,0.3000,0.5455,0.0000,0.3636,crystalline,0,-14.175,30.0
3185,31.368,0.1208,0.1667,0.0000,0.2083,intermediate,0,6.581,40.0
3186,31.721,0.2525,0.3500,0.2000,0.2000,crystalline,0,17.390,40.0
3187,28.838,0.1941,0.3529,0.0000,0.2353,intermediate,0,-17.448,30.0
3188,21.072,0.3078,0.5556,0.0000,0.3778,crystalline,0,-15.893,30.0
3189,27.462,0.2703,0.5312,0.0000,0.2812,crystalline,0,-19.598,30.0
3190,28.102,0.2083,0.3667,0.0000,0.2667,intermediate,0,-8.263,30.0
3191,22.250,0.3216,0.5682,0.0000,0.4091,crystalline,0,-16.152,30.0
3192,23.620,0.2827,0.5102,0.0000,0.3469,crystalline,0,-12.631,30.0
3193,28.386,0.2815,0.5185,0.0000,0.3333,crystalline,0,-19.857,30.0
3194,31.383,0.1923,0.2308,0.1538,0.1923,intermediate,0,-5.816,40.0
3195,31.428,0.2000,0.3182,0.1364,0.1364,intermediate,0,12.564,40.0
3196,21.008,0.2947,0.5319,0.0000,0.3617,crystalline,0,-18.269,30.0
3197,27.783,0.1903,0.3226,0.0000,0.2581,intermediate,0,-13.902,30.0
3198,30.061,0.2053,0.3158,0.0000,0.3158,intermediate,0,-12.828,40.0
3199,22.748,0.3000,0.5333,0.0000,0.3778,crystalline,0,-19.237,30.0
3200,26.379,0.2426,0.4412,0.0000,0.2941,intermediate,0,-12.931,30.0
3201,30.960,0.2034,0.3448,0.0000,0.2759,intermediate,0,-8.537,40.0
3202,32.444,0.1083,0.1667,0.0000,0.1667,intermediate,0,-8.487,40.0
3203,32.500,0.1000,0.2000,0.0000,0.1000,amorphous,0,-5.183,40.0
3204,26.821,0.2415,0.4390,0.0000,0.2927,intermediate,0,-9.673,30.0
3205,22.881,0.2888,0.5102,0.0000,0.3673,crystalline,0,-14.344,30.0
3206,25.400,0.3648,0.5000,0.2500,0.3409,crystalline,0,-15.938,30.0
3207,28.248,0.2568,0.5000,0.0000,0.2727,crystalline,0,-18.049,30.0
3208,28.393,0.1711,0.2632,0.0000,0.2632,intermediate,0,-16.797,30.0
3209,25.824,0.3050,0.5500,0.0000,0.3750,crystalline,0,-14.695,30.0
3210,20.997,0.3148,0.5682,0.0000,0.3864,crystalline,0,-17.643,30.0
3211,27.237,0.3028,0.5556,0.0000,0.3611,crystalline,0,-13.033,30.0
3212,28.347,0.2562,0.4750,0.0000,0.3000,crystalline,0,-7.961,30.0
3213,28.638,0.1368,0.2105,0.0000,0.2105,intermediate,0,-16.456,30.0
3214,25.895,0.2618,0.4706,0.0000,0.3235,crystalline,0,-20.378,30.0
3215,26.796,0.2573,0.4634,0.0000,0.3171,crystalline,0,-10.300,30.0
3216,24.795,0.4089,0.5333,0.3111,0.3778,crystalline,0,-15.056,30.0
3217,31.865,0.0929,0.1429,0.0000,0.1429,intermediate,0,-7.641,40.0
3218,27.752,0.2543,0.4571,0.0000,0.3143,crystalline,0,-16.908,30.0
3219,32.386,0.1368,0.2105,0.0000,0.2105,intermediate,0,9.339,40.0
3220,32.415,0.1304,0.2609,0.0000,0.1304,intermediate,0,-7.728,40.0
3221,32.247,0.1341,0.2273,0.0000,0.1818,intermediate,0,7.660,40.0
3222,26.730,0.2443,0.4286,0.0000,0.3143,intermediate,0,-12.050,30.0
3223,21.671,0.3076,0.5435,0.0000,0.3913,crystalline,0,-17.385,30.0
3224,26.498,0.2721,0.5000,0.0000,0.3235,crystalline,0,-20.122,30.0
3225,30.988,0.0886,0.1364,0.0000,0.1364,intermediate,0,-12.979,40.0
3226,32.405,0.1825,0.3500,0.0000,0.2000,intermediate,0,-3.658,40.0
3227,31.856,0.2025,0.3000,0.1500,0.1500,intermediate,0,-4.106,40.0
3228,28.110,0.2923,0.5385,0.0000,0.3462,crystalline,0,-19.554,30.0
3229,29.101,0.2484,0.3548,0.1613,0.2258,intermediate,0,-8.231,30.0
3230,28.399,0.2891,0.5312,0.0000,0.3438,crystalline,0,-10.515,30.0
3231,22.837,0.3000,0.5333,0.0000,0.3778,crystalline,0,-19.982,30.0
3232,24.725,0.3050,0.5500,0.0000,0.3750,crystalline,0,-20.077,30.0
3233,32.536,0.1437,0.1875,0.0625,0.1875,intermediate,0,-1.781,40.0
3234,26.503,0.2812,0.5250,0.0000,0.3250,crystalline,0,-12.005,30.0
3235,26.365,0.3015,0.5588,0.0000,0.3529,crystalline,0,-21.044,30.0
3236,22.275,0.3011,0.5435,0.0000,0.3696,crystalline,0,-19.097,30.0
3237,27.269,0.2500,0.4545,0.0000,0.3030,intermediate,0,-17.687,30.0
3238,28.655,0.2926,0.5588,0.0000,0.3235,crystalline,0,-10.256,30.0
3239,27.840,0.3037,0.5185,0.0000,0.4074,crystalline,0,-18.671,30.0
3240,25.928,0.2795,0.5128,0.0000,0.3333,crystalline,0,-16.717,30.0
3241,25.519,0.3338,0.4706,0.2059,0.3235,crystalline,0,-20.950,30.0
3242,31.000,0.2232,0.3929,0.0000,0.2857,intermediate,0,-13.290,40.0
3243,30.170,0.1685,0.2593,0.0000,0.2593,intermediate,0,-10.402,40.0
3244,23.905,0.3225,0.6000,0.0000,0.3750,crystalline,0,-21.532,30.0
3245,25.173,0.3220,0.5854,0.0000,0.3902,crystalline,0,-15.012,30.0
3246,30.967,0.2125,0.3929,0.0000,0.2500,intermediate,0,-8.801,40.0
3247,26.509,0.3567,0.4889,0.2444,0.3333,crystalline,0,-14.085,30.0
3248,23.976,0.3214,0.5714,0.0000,0.4048,crystalline,0,-16.673,30.0
3249,26.227,0.2872,0.5128,0.0000,0.3590,crystalline,0,-15.267,30.0
3250,26.115,0.3186,0.4186,0.2326,0.3023,crystalline,0,-14.029,30.0
3251,32.061,0.2190,0.3810,0.0000,0.2857,intermediate,0,-9.057,40.0
3252,27.919,0.2944,0.5556,0.0000,0.3333,crystalline,0,-13.554,30.0
3253,29.532,0.2727,0.5455,0.0000,0.2727,crystalline,0,-21.930,30.0
3254,25.441,0.3038,0.5385,0.0000,0.3846,crystalline,0,-19.192,30.0
3255,31.901,0.3364,0.5000,0.2273,0.2727,crystalline,0,-7.249,40.0
3256,31.307,0.1565,0.2609,0.0000,0.2174,intermediate,0,-13.439,40.0
3257,26.622,0.2725,0.5000,0.0000,0.3250,crystalline,0,-13.460,30.0
3258,23.476,0.3134,0.5610,0.0000,0.3902,crystalline,0,-20.649,30.0
3259,26.581,0.2824,0.5294,0.0000,0.3235,crystalline,0,-22.502,30.0
3260,28.227,0.3622,0.5135,0.2432,0.3243,crystalline,0,-11.746,30.0
3261,29.924,0.2266,0.4062,0.0000,0.2812,intermediate,0,-9.417,30.0
3262,26.230,0.3014,0.5429,0.0000,0.3714,crystalline,0,-21.790,30.0
3263,25.203,0.4128,0.5581,0.3023,0.3721,crystalline,0,-19.724,30.0
3264,26.371,0.3600,0.5000,0.2500,0.3250,crystalline,0,-15.835,30.0
3265,24.614,0.2947,0.5319,0.0000,0.3617,crystalline,0,-16.417,30.0
3266,28.464,0.3054,0.5357,0.0000,0.3929,crystalline,0,-20.332,30.0
3267,29.180,0.2300,0.4000,0.0000,0.3000,intermediate,0,-11.079,30.0
3268,29.948,0.2545,0.4545,0.0000,0.3182,crystalline,0,-21.303,30.0
3269,29.116,0.3040,0.5600,0.0000,0.3600,crystalline,0,-17.701,30.0
3270,24.642,0.4182,0.5455,0.3182,0.3864,crystalline,0,-18.841,30.0
3271,24.059,0.2859,0.5000,0.0000,0.3696,crystalline,0,-18.130,30.0
3272,27.615,0.2967,0.5333,0.0000,0.3667,crystalline,0,-20.694,30.0
3273,30.254,0.2815,0.5185,0.0000,0.3333,crystalline,0,-13.812,40.0
3274,25.890,0.2917,0.5000,0.0000,0.3889,crystalline,0,-20.905,30.0
3275,28.730,0.2780,0.5200,0.0000,0.3200,crystalline,0,-22.758,30.0
3276,29.825,0.2409,0.4545,0.0000,0.2727,intermediate,0,-21.834,30.0
3277,31.814,0.2208,0.4167,0.0000,0.2500,intermediate,0,-8.707,40.0
3278,32.091,0.2214,0.4286,0.0000,0.2381,intermediate,0,-12.064,40.0
3279,24.543,0.3038,0.5385,0.0000,0.3846,crystalline,0,-22.311,30.0
3280,23.841,0.3220,0.5854,0.0000,0.3902,crystalline,0,-22.055,30.0
3281,26.148,0.2591,0.4545,0.0000,0.3333,crystalline,0,-23.280,30.0
3282,25.435,0.3703,0.4865,0.2703,0.3514,crystalline,0,-23.023,30.0
3283,29.133,0.2926,0.5185,0.0000,0.3704,crystalline,0,-19.451,30.0
3284,31.060,0.1825,0.3500,0.0000,0.2000,intermediate,0,-17.564,40.0
3285,25.081,0.3225,0.6000,0.0000,0.3750,crystalline,0,-19.679,30.0
3286,32.419,0.1368,0.2105,0.0000,0.2105,intermediate,0,-9.036,40.0
3287,27.854,0.3029,0.5714,0.0000,0.3429,crystalline,0,-18.225,30.0
3288,32.176,0.1071,0.1429,0.0000,0.1905,intermediate,0,-10.862,40.0
3289,25.877,0.3769,0.5385,0.2308,0.3590,crystalline,0,-20.503,30.0
3290,27.264,0.2750,0.5000,0.0000,0.3333,crystalline,0,-21.473,30.0
3291,29.745,0.2472,0.4444,0.0000,0.3056,intermediate,0,-13.204,30.0
3292,32.572,0.2105,0.4211,0.0000,0.2105,intermediate,0,-8.692,40.0
3293,29.895,0.2417,0.4333,0.0000,0.3000,intermediate,0,-16.461,30.0
3294,27.300,0.3103,0.5588,0.0000,0.3824,crystalline,0,-19.937,30.0
3295,26.321,0.3722,0.5111,0.2667,0.3333,crystalline,0,-17.871,30.0
3296,25.211,0.2947,0.5263,0.0000,0.3684,crystalline,0,-21.428,30.0
3297,24.476,0.3134,0.5610,0.0000,0.3902,crystalline,0,-21.170,30.0
3298,29.375,0.2705,0.5000,0.0000,0.3182,crystalline,0,-24.163,30.0
3299,28.932,0.2543,0.4571,0.0000,0.3143,crystalline,0,-14.865,30.0
3300,28.796,0.2673,0.5000,0.0000,0.3077,crystalline,0,-23.907,30.0
3301,25.347,0.2732,0.4878,0.0000,0.3415,crystalline,0,-19.980,30.0
3302,28.602,0.2887,0.5484,0.0000,0.3226,crystalline,0,-15.790,30.0
3303,25.612,0.2833,0.5000,0.0000,0.3611,crystalline,0,-23.768,30.0
3304,30.731,0.2062,0.3750,0.0000,0.2500,intermediate,0,-12.817,40.0
3305,32.430,0.2524,0.4762,0.0000,0.2857,crystalline,0,-11.034,40.0
3306,26.366,0.3512,0.5000,0.2250,0.3250,crystalline,0,-19.620,30.0
3307,31.458,0.2125,0.3500,0.0000,0.3000,intermediate,0,-18.025,40.0
3308,30.446,0.2983,0.5862,0.0000,0.3103,crystalline,0,-14.041,40.0
3309,30.201,0.2300,0.4000,0.0000,0.3000,intermediate,0,-15.577,40.0
3310,31.267,0.3167,0.5833,0.0000,0.3750,crystalline,0,-14.300,40.0
3311,30.209,0.2315,0.4074,0.0000,0.2963,intermediate,0,-14.999,40.0
3312,27.684,0.3547,0.5000,0.2188,0.3438,crystalline,0,-17.245,30.0
3313,25.159,0.3868,0.5000,0.2895,0.3684,crystalline,0,-22.883,30.0
3314,31.226,0.3000,0.5455,0.0000,0.3636,crystalline,0,-18.481,40.0
3315,29.105,0.3083,0.5667,0.0000,0.3667,crystalline,0,-15.532,30.0
3316,28.072,0.2426,0.4074,0.0000,0.3333,intermediate,0,-24.735,30.0
3317,31.720,0.2568,0.5000,0.0000,0.2727,crystalline,0,-12.492,40.0
3318,26.539,0.3703,0.5135,0.2432,0.3514,crystalline,0,-23.509,30.0
3319,28.655,0.2781,0.5000,0.0000,0.3438,crystalline,0,-18.797,30.0
3320,30.876,0.1848,0.3043,0.0000,0.2609,intermediate,0,-17.289,40.0
3321,26.052,0.4039,0.5526,0.2632,0.3947,crystalline,0,-22.626,30.0
3322,28.881,0.3192,0.4615,0.1538,0.3462,crystalline,0,-24.479,30.0
3323,27.698,0.3000,0.5455,0.0000,0.3636,crystalline,0,-20.458,30.0
3324,30.605,0.2750,0.5000,0.0000,0.3333,crystalline,0,-21.215,40.0
3325,29.425,0.3000,0.5625,0.0000,0.3438,crystalline,0,-20.247,30.0
3326,27.072,0.2946,0.5405,0.0000,0.3514,crystalline,0,-20.202,30.0
3327,32.451,0.1147,0.1765,0.0000,0.1765,intermediate,0,-13.621,40.0
3328,30.551,0.2667,0.4762,0.0000,0.3333,crystalline,0,-23.863,40.0
3329,29.617,0.2697,0.4848,0.0000,0.3333,crystalline,0,-16.989,30.0
3330,28.906,0.2788,0.5000,0.0000,0.3462,crystalline,0,-25.317,30.0
3331,26.707,0.3714,0.4857,0.2571,0.3714,crystalline,0,-21.916,30.0
3332,28.901,0.2645,0.4516,0.0000,0.3548,crystalline,0,-19.059,30.0
3333,30.669,0.2500,0.4400,0.0000,0.3200,crystalline,0,-19.053,40.0
3334,32.012,0.2190,0.3810,0.0000,0.2857,intermediate,0,-17.341,40.0
3335,28.886,0.2472,0.4444,0.0000,0.3056,intermediate,0,-18.650,30.0
3336,29.814,0.2803,0.5152,0.0000,0.3333,crystalline,0,-19.362,30.0
3337,28.594,0.2667,0.4444,0.0000,0.3704,crystalline,0,-24.434,30.0
3338,27.314,0.2706,0.4706,0.0000,0.3529,crystalline,0,-24.288,30.0
3339,28.674,0.2404,0.4231,0.0000,0.3077,intermediate,0,-25.258,30.0
3340,27.602,0.2776,0.5000,0.0000,0.3421,crystalline,0,-21.657,30.0
3341,31.173,0.2763,0.4737,0.0000,0.3684,crystalline,0,-22.978,40.0
3342,30.934,0.2717,0.4783,0.0000,0.3478,crystalline,0,-21.960,40.0
3343,27.831,0.3661,0.4839,0.2581,0.3548,crystalline,0,-25.840,30.0
3344,29.249,0.2479,0.4583,0.0000,0.2917,intermediate,0,-26.808,30.0
3345,30.434,0.2750,0.5000,0.0000,0.3333,crystalline,0,-21.075,40.0
3346,27.822,0.3333,0.4545,0.2121,0.3333,crystalline,0,-23.405,30.0
3347,29.560,0.2458,0.4167,0.0000,0.3333,intermediate,0,-26.096,30.0
3348,30.945,0.2361,0.3889,0.0000,0.3333,intermediate,0,-27.066,40.0
3349,29.885,0.2673,0.5000,0.0000,0.3077,crystalline,0,-23.465,30.0
3350,32.580,0.2789,0.5263,0.0000,0.3158,crystalline,0,-16.277,40.0
3351,28.419,0.3667,0.4667,0.2667,0.3667,crystalline,0,-24.955,30.0
3352,29.614,0.2983,0.5667,0.0000,0.3333,crystalline,0,-24.032,30.0
3353,30.827,0.3000,0.5455,0.0000,0.3636,crystalline,0,-25.000,40.0
3354,32.099,0.2574,0.4815,0.0000,0.2963,crystalline,0,-18.394,40.0
3355,31.824,0.2300,0.4000,0.0000,0.3000,intermediate,0,-19.576,40.0
3356,31.250,0.2870,0.5217,0.0000,0.3478,crystalline,0,-19.318,40.0
3357,30.053,0.2500,0.4400,0.0000,0.3200,crystalline,0,-21.030,40.0
3358,29.487,0.2565,0.4348,0.0000,0.3478,crystalline,0,-27.553,30.0
3359,30.157,0.2413,0.3913,0.0000,0.3478,intermediate,0,-25.213,40.0
3360,29.198,0.3327,0.4615,0.1923,0.3462,crystalline,0,-27.294,30.0
3361,31.847,0.2604,0.4583,0.0000,0.3333,crystalline,0,-20.108,40.0
3362,30.041,0.2774,0.5161,0.0000,0.3226,crystalline,0,-23.147,40.0
3363,29.136,0.2480,0.4000,0.0000,0.3600,intermediate,0,-26.668,30.0
3364,30.800,0.2875,0.5000,0.0000,0.3750,crystalline,0,-20.774,40.0
3365,28.799,0.3450,0.4667,0.2333,0.3333,crystalline,0,-26.412,30.0
3366,30.181,0.2788,0.5000,0.0000,0.3462,crystalline,0,-22.435,40.0
3367,31.233,0.2800,0.5000,0.0000,0.3500,crystalline,0,-25.745,40.0
3368,30.644,0.2640,0.4800,0.0000,0.3200,crystalline,0,-23.987,40.0
3369,30.777,0.2479,0.4583,0.0000,0.2917,intermediate,0,-24.861,40.0
3370,32.228,0.2421,0.4211,0.0000,0.3158,intermediate,0,-24.244,40.0
3371,30.443,0.2283,0.3913,0.0000,0.3043,intermediate,0,-25.701,40.0
3372,30.029,0.2386,0.4091,0.0000,0.3182,intermediate,0,-28.074,40.0
3373,30.168,0.2444,0.4444,0.0000,0.2963,intermediate,0,-25.442,40.0
3374,32.273,0.2673,0.5000,0.0000,0.3077,crystalline,0,-22.179,40.0
3375,31.103,0.2604,0.4583,0.0000,0.3333,crystalline,0,-27.818,40.0
3376,30.530,0.2227,0.3636,0.0000,0.3182,intermediate,0,-27.192,40.0
3377,32.137,0.2545,0.4545,0.0000,0.3182,crystalline,0,-23.893,40.0
3378,31.547,0.2333,0.4167,0.0000,0.2917,intermediate,0,-26.934,40.0
